revenue,net_profit,debt_to_equity,fraud_score,avg_balance,expected_decision,profit_margin,debt_ratio,balance_to_revenue,profit_to_balance,fraud_risk_level,fraud_revenue_interaction,profit_debt_interaction,log_revenue,log_avg_balance
439515.5189816705,78753.90625769706,2.628346230461173,30.485670357979927,143037.44086999015,APPROVE,0.17918344826632027,0.7243923439266442,0.3254434364488399,0.5505824613380647,0,0.13398925228891675,206992.53264651063,12.993430581252394,11.870868690389814
123435.17490131115,20262.58271840176,0.1848171208002215,19.792131134788782,52729.6420422289,APPROVE,0.1641556609337824,0.1559878883885444,0.4271848934826502,0.38427309448022295,0,0.024430451682923394,3744.872197991339,11.723479499043238,10.872952008483555
594441.1956155414,72057.77248027617,2.494868576637812,28.48020206440548,279024.3926109143,APPROVE,0.12121934517956925,0.7138662075350383,0.4693893940543365,0.2582490075724568,0,0.16929805366537407,179774.6722635579,13.295378758452154,12.53905806960442
3423108.837054908,846545.2550592794,0.4737226156729911,27.394982054851464,771015.2106472409,APPROVE,0.24730304975859596,0.32144625497021406,0.22523829867781486,1.0979618084948461,0,0.9377600516292267,401027.63251224125,15.046060004948115,13.555464677807237
101894.50074219708,17439.749593222783,1.0718446773515116,31.08132421909052,32395.438068611005,APPROVE,0.17115496387137744,0.5173383357683339,0.3179311722678203,0.5383396747494742,0,0.03167016013710587,18692.70277583903,11.531703064577497,10.385803759583018
101897.84655892932,9929.472172742757,2.2561739432456624,26.8225340708805,23444.011432919982,APPROVE,0.0974453583471989,0.6928910993608566,0.230073669116863,0.42353981105809535,0,0.027331584610762346,22402.616386325102,11.531735899803566,10.062413019172107
3830192.538395363,269478.9203537883,0.5662036985400938,19.69332316073128,785104.2263328064,APPROVE,0.07035649452408076,0.36151344749592246,0.20497774418977938,0.3432396761032795,0,0.7542921942644153,152579.9613829063,15.15842589209823,13.573573034064975
755299.3640408986,60855.85032479797,2.4721043699452805,41.50593479779625,300998.58286066825,REJECT,0.08057182783686641,0.7119902245289477,0.39851560479318704,0.20217985661735838,1,0.31349406156698517,150442.01352466896,13.534870782283283,12.614864157885096
63643.420466888434,6312.889248275621,2.513189116077452,18.91570784214043,24231.26703691424,APPROVE,0.09919154567690164,0.7153583348463403,0.3807348325899763,0.2605265848731096,0,0.012038603476261624,15865.48454976866,11.061066940549956,10.09544037265767
481720.8554379379,39566.75648780405,1.5716564279064251,22.76285294263378,119903.08317548005,APPROVE,0.08213627465191115,0.6111455678338433,0.24890573414446587,0.3299894835055866,0,0.10965340991733527,62185.347165465486,13.085122163060799,11.694447395277122
64419.046042841794,5624.646244629497,0.1185190279788173,52.763912594149886,17402.409106697174,APPROVE,0.08731340481026115,0.10596067211568423,0.27014384992791923,0.32321078134319337,1,0.033990009148030215,666.627605638193,11.073180137613928,9.764421391683944
64121.85220579158,6862.258664603995,0.932410586207247,8.176450758916385,13280.425963755855,APPROVE,0.10701903373876942,0.4825116322909897,0.20711232609335553,0.5167197711377678,0,0.005242891671311688,6398.442624169172,11.06855608804534,9.494121794054795
264058.1289035787,22359.047880142785,1.8890880632896525,21.96470923857812,118954.00484139644,APPROVE,0.08467471905895096,0.6538700177725448,0.4504841617083211,0.1879638092887626,0,0.05799960023450087,42238.21045689954,12.483928330169835,11.686500590015338
3545.517862062512,813.1754593217385,2.945439916279528,26.805914584237385,1745.838447894851,APPROVE,0.22935308492528506,0.7465428390193355,0.4924071788145654,0.4657793281516244,0,0.0009504084896733564,2395.159456825188,8.173721517161958,7.465562831842531
5167.603575400576,341.30341695980536,1.9322592283483384,20.636262696150144,1243.5210710788203,APPROVE,0.06604674913232844,0.6589660319482487,0.24063786103840726,0.27446532664195755,0,0.0010664002489153101,659.4866770874047,8.550357829548595,7.1265060530253574
52861.20275628103,8188.320720224439,0.8534303850860634,19.194006072468365,14243.058013626482,APPROVE,0.15490227791405092,0.46045990826163924,0.26944256412958945,0.5748990639784369,0,0.010146182467020395,6988.161705469335,10.875443858805012,9.56409511723594
21468.40845479284,2835.533764812643,1.938616538988873,14.559467684422897,9886.692800796063,APPROVE,0.1320793653979323,0.6597038141138066,0.4605228571840802,0.286803061645076,0,0.0031256859913354764,5497.012653327175,9.974384338317797,9.199046111334198
305130.4488169003,75207.24809793479,1.665957601175981,19.004697229685085,145833.7841082743,APPROVE,0.2464757233817213,0.6249002611448548,0.4779391393868555,0.5157052500406707,0,0.05798911795323112,125292.0866322823,12.628497942472004,11.890229644233237
26474.885588216253,1916.9877026765207,2.361551645938317,44.69154030030176,8627.85320249113,REJECT,0.07240778043361047,0.7025183292339785,0.3258882148420431,0.2221859433263221,1,0.011832034162116449,4527.065464499251,10.183989619890008,9.062866890252247
9656.558466583763,1251.2110940177704,0.4102438525981794,1.6586988912599303,2077.963352273552,APPROVE,0.12957111980914832,0.290902776737769,0.2151867416807223,0.6021333786511628,0,0.00016017322821909182,513.301659623433,9.175496148530266,7.639624660128597
3051969.072582316,744357.2094569964,2.3069809172558813,32.4444179348966,646460.6119593005,APPROVE,0.24389408665507373,0.6976093829928127,0.2118175501078458,1.1514347443396278,0,0.9901936011523943,1717217.8778391297,14.931297865500373,13.379269097177882
103616.0375079234,23116.885639397296,1.66967307816072,24.605704178525965,38564.33075666693,APPROVE,0.22310142517879603,0.6254223005129328,0.37218495982070304,0.5994369715699239,0,0.02549545567071014,38597.64160302183,11.548457049996012,10.560108984933601
186289.3537782669,39756.83330639568,2.8926768111910843,28.040676956708708,59215.523537159024,APPROVE,0.21341441418985607,0.7431073658298339,0.31786853266795373,0.6713920764619671,0,0.05223679589770405,115003.66979180016,12.135061777354725,10.988955895730449
9419.182944661434,956.8059292094048,1.0914292815121898,25.084456628335168,1964.801326081064,APPROVE,0.10158056540898798,0.5218580858364197,0.20859572827329637,0.48697337308796623,0,0.0023627508604971404,1044.2860078636238,9.150609788258835,7.5836552407080795
54788.44269402914,4611.9550924697605,1.9346034900884497,8.95235661357817,20544.3356205174,APPROVE,0.08417751747801316,0.6592384615579326,0.374975717693767,0.2244879161662377,0,0.004904856772995403,8922.304418023197,10.911252802807597,9.930389217057403
203179.51537039923,37329.89684450979,2.802881505979051,35.1016151138465,41324.836246063984,APPROVE,0.1837286439848862,0.7370415043361835,0.20339076097670675,0.9033283670438091,1,0.07131929147549612,104631.27748558222,12.221850101163627,10.629243158323902
16285.21378184602,3841.278022423769,0.3972782111729698,9.148843657943608,7103.798955656692,APPROVE,0.2358751978255172,0.2843229129290348,0.4362115874447819,0.5407357452543042,0,0.0014899087482629781,1526.056061366558,9.698074248666085,8.86852574395305
345033.23913497163,55672.00283809935,2.8179626129857085,11.01751430429998,100725.50064537936,APPROVE,0.16135257860278596,0.738080201047861,0.2919298468110115,0.5527101129445041,0,0.038014086476285056,156881.62258779822,12.751398934958633,11.520164208388671
48958.22292996528,8044.93944263114,2.0948685946723584,44.54420385872261,10382.932671805416,APPROVE,0.16432253789398,0.6768845043303475,0.21207740090276964,0.7748234238749293,1,0.021808050627531612,16853.090984408922,10.798743045531767,9.248014955082848
90817.97435165018,9626.3255469901,0.2967274714049985,19.26911983378937,34193.48194482536,APPROVE,0.10599581873205684,0.2288279364387149,0.376505666294946,0.2815251620915106,0,0.01749982430843957,2856.395238479711,11.41662351138899,10.439819563390394
48853.76736299705,9961.214117275676,0.972794344145767,45.24446404925081,15599.26803258006,APPROVE,0.2038985866383874,0.49310479170447613,0.31930532432991643,0.6385693287961365,1,0.022103625211255824,9690.212754110747,10.796607244582173,9.655043374665672
6613055.565047238,578038.9187134871,2.1536990570713166,20.301201957596223,3254549.985848487,APPROVE,0.08740874971150467,0.6829120401460721,0.4921401240071448,0.17760947634140817,0,1.3425297658282958,1244921.8741837605,15.704556520233893,14.995564878133498
158420.0851517014,18176.462696184662,0.2953167442594379,24.15184202223285,57547.61656632384,APPROVE,0.11473584728084872,0.22798805432587627,0.3632595987511107,0.3158508341563759,0,0.03826136869732569,5367.813785590379,11.973011862835117,10.9603853750483
19625.365017357235,2651.137330774197,1.7882943345111926,27.93486695444464,5545.573821950375,APPROVE,0.13508728772328338,0.6413578051560661,0.2825717543111025,0.4780636622815335,0,0.0054823196069228655,4741.013868634622,9.884629095256344,8.620935686735931
843309.9329886846,127780.07153598397,1.1030608651635745,17.819210390856462,348145.03901595064,APPROVE,0.15152207573689103,0.5245025873646216,0.4128316593901924,0.36703114281668564,0,0.15027117120624436,140949.19625914592,13.64509101000933,12.760377323071879
14161.930604192425,1394.6944918582656,1.900655001525684,19.240871873439666,3985.8413907194176,APPROVE,0.09848194648301606,0.6552502798595418,0.28144760076281333,0.3499121904613802,0,0.0027248789223581044,2650.833061550735,9.558383309406617,8.290754564979666
247144.18494388016,18033.459937536743,0.2326518980562872,12.17290559732212,116472.37836254427,APPROVE,0.07296736494784072,0.18874095632606852,0.4712729874222695,0.154830357129,0,0.03008462832248972,4195.518682989938,12.41773123622236,11.665418013965576
3231.364433461121,556.1953991739384,2.627456737841891,43.58510780839037,1009.5318610724252,APPROVE,0.17212400848832654,0.7243247618729873,0.31241659115221293,0.5509438786638119,1,0.0014083936720060122,1461.3793491162248,8.080969171162117,6.918232066353964
11425.78476953658,1230.8553543239152,2.923118010614451,28.6899097933566,4169.960908851916,APPROVE,0.10772611064805115,0.7451007088508722,0.3649605688328616,0.2951719167705093,0,0.003278047343563122,3597.9354546854684,9.34371541971393,8.3359017220245
241282.1975729309,40112.59695429249,2.9097457803285054,29.150153692373216,51917.15640322436,APPROVE,0.1662476442845225,0.744228894617292,0.21517193114726868,0.7726270029650788,0,0.07033413142484495,116717.45972577062,12.393726616254245,10.85742384233506
712783.6092470206,57644.62312761426,2.2739903120544818,25.44277641182188,233676.392038724,APPROVE,0.08087254305484047,0.6945623216055017,0.3278363713856693,0.24668569479650987,0,0.1813519400008336,131083.31453422655,13.476934562940167,12.361696776603607
229288.5567328824,33528.411744764744,0.4772500963788327,46.38403295710284,103113.14175235933,APPROVE,0.1462280203709635,0.3230665528800511,0.44970906189829846,0.3251613826808607,1,0.1063532797218456,16001.43773661816,12.34274092368708,11.543591825995046
129146.59522462547,20213.7521345618,2.2989632681941656,21.585536881567656,57043.35909276387,APPROVE,0.15651788651031717,0.6968744667025667,0.44169464160900257,0.3543576755655327,0,0.027876985943500424,46470.673669738986,11.768711178332246,10.951584473850586
89124.77283000709,5379.990830809616,0.1713020577305243,27.01630500363129,23822.65674581395,APPROVE,0.06036470736448539,0.1462492587628792,0.2672955676560579,0.22583504804748417,0,0.024078220461548228,921.6034998890402,11.39780382898343,10.078434346904194
8458.744347177519,992.3871244405948,0.164158299434092,44.454098072293085,2265.452388613226,APPROVE,0.11732085563878411,0.14101029002146087,0.2678237213031688,0.43805251852945565,1,0.003760258507778842,162.90858272845668,9.043074233133916,7.725971063592086
38573.14481776039,2965.6166007279257,1.0384696355336696,39.71854008498124,17172.439814049892,APPROVE,0.07688293538779485,0.5094359108576073,0.44519159366397104,0.17269628735583406,1,0.015320689986480023,3079.702790490529,10.560337507646937,9.751119272443187
64778.07381834094,4059.965394021073,1.5170652521735308,44.83885354962906,31036.440026327095,APPROVE,0.06267499409455356,0.6027119284506105,0.4791195260507976,0.13081285709885382,1,0.029045745651676502,6159.232424296388,11.078737895283515,10.342949497517402
1348150.825350841,334330.6821397451,2.3341815116426003,13.456110723261364,308198.4364862931,APPROVE,0.24799204647798906,0.7000763166288013,0.22860827638190107,1.0847903251923674,0,0.18140866777577108,780388.497025452,14.114245194194325,12.638502373463798
323591.30012138584,37041.744964968944,2.081556592158865,33.897740333383865,108408.77810311544,REJECT,0.1144707689949446,0.675488679148539,0.3350175918278676,0.34168584512349964,1,0.10969013865656824,77104.48841689856,12.687239669450086,11.593673567822835
4788.247175372706,1014.9881643226336,1.39311784849257,37.5031818250288,1442.393784494912,APPROVE,0.211974889170927,0.5821350792941927,0.30123628368926875,0.7036831240076755,1,0.0017957450444118315,1413.9981277265704,8.474128512160144,7.274752414473236
311192.80125026405,31408.10779614061,0.8935173322168309,31.5613962231809,143524.1540910727,APPROVE,0.10092813095275276,0.4718823097176235,0.4612065366372318,0.21883499676445203,0,0.09821679302061168,28063.68868798621,12.648171152226372,11.874265588653605
75345.19546892568,14036.850937159668,2.9916610504573624,46.71727435125644,16956.999400712542,APPROVE,0.1863005444447859,0.7494777268512264,0.22505747440400561,0.8277909673435403,1,0.03519922167770845,41993.500219776506,11.229848711325701,9.738494942524435
42030.71751660077,8492.120361284713,1.3359257764843215,51.86290923474193,11068.27595894504,APPROVE,0.20204557197793732,0.5719042060039051,0.2633377827674112,0.7672487018560142,1,0.021798352876345434,11344.842487647596,10.646179791228032,9.311928617867615
553132.3471735478,93550.02829065998,1.409022370556059,11.972271483552031,235490.84275760813,APPROVE,0.16912774812156886,0.5848938506249004,0.4257405012759483,0.397255482188543,0,0.06622250626696069,131814.08262769209,13.223354385565692,12.369431553866761
1279524.4520031374,184654.8754466308,0.5745090814558407,16.787830194936905,275594.41060327395,APPROVE,0.14431523771003166,0.36488140222388016,0.21538815469436468,0.6700240220490058,0,0.2148043923049837,106085.90287918653,14.061999826531956,12.526689165600093
1048174.0813555644,138744.89843796805,2.404947691374795,56.64845044811183,364513.6623357069,REJECT,0.13236818282945373,0.7063097320017165,0.3477606142142868,0.3806301732256825,1,0.5937743750866583,333674.2231884217,13.862561192271942,12.806322055508524
30380.764899191723,3638.815202285845,2.111678454766317,19.05160620045251,10105.617944103358,APPROVE,0.11977365330859906,0.6786300337464982,0.33263211040391605,0.3600784457133666,0,0.005788023689279311,7684.007663543156,10.321597868576642,9.220945730242478
87691.06118907541,20686.83247250677,0.7402318770874051,4.453800926436454,26335.410512335475,APPROVE,0.23590582884956515,0.42536393387202975,0.3003203536966246,0.78551395516759,0,0.0039055852956409987,15313.052832116371,11.381586651903419,10.178707690852862
315693.42980238097,68228.8894311052,0.3389050322859438,7.663964350139657,100507.85221890548,APPROVE,0.21612388155754586,0.2531210385454474,0.31837169459567716,0.6788413832831997,0,0.02419463191578764,23123.1139754828,12.662530030432178,11.51800108438245
1145200.4604147216,278289.8755023134,2.073447976016668,30.29756556287592,411106.5533264295,APPROVE,0.24300538213330253,0.6746325274403875,0.3589821760790699,0.6769288235630335,0,0.3469678603205072,577019.5791062023,13.951091127453905,12.92661014616994
62420.65594305834,4672.775641526641,1.998082521415292,35.70338358270189,15505.928096132104,APPROVE,0.07485944469710896,0.6664534772285273,0.24841020751651496,0.3013541409812321,1,0.02228628622618872,9336.59133582951,11.041667544518994,9.649042176988248
112272.25476569917,22024.840613490327,0.892452628294807,14.931228315491923,41720.23104461544,APPROVE,0.1961734950407288,0.4715851878939505,0.37159876348507775,0.5279175129671995,0,0.016763626694017306,19656.12689328365,11.628690953552775,10.638765415980801
17806.699680116624,4232.084326468964,2.85750433052619,27.967355013749444,7863.967416173821,APPROVE,0.23766809136420758,0.7407650350288543,0.4416296987899959,0.5381614778521127,0,0.0049800629157704035,12093.199290037079,9.787386209049032,8.970173672594264
14877.224297480236,1283.1102099673324,0.5380678861646107,12.064308765224474,6368.170255896844,APPROVE,0.08624661323313204,0.3498336393371809,0.4280482789370477,0.2014880504771663,0,0.0017948342749430134,690.4003983933522,9.607653966419354,8.759224481980919
826579.7185668994,52321.87912150103,1.3537709230235455,26.163983434572657,203479.10568615556,APPROVE,0.06329925347335551,0.575149820138212,0.24616997140813215,0.2571363725285969,0,0.21626618063938086,70831.83859264082,13.62505285459233,12.2233235183299
2452160.564922479,486077.394253889,2.836486168486037,6.263016171097786,600227.2121951857,APPROVE,0.19822412985801177,0.7393448181269939,0.24477484092244217,0.8098223212442811,0,0.15357921272237768,1378751.8056148903,14.7124804649452,13.30506521554081
140924.5270409294,23237.696706568346,1.3172092190857547,32.525434988967845,39522.60918987153,APPROVE,0.16489462263598237,0.5684463915629742,0.280452310323474,0.5879595801717331,0,0.0458363154262079,30608.908332210503,11.855986852811006,10.584653473346515
1211131.7315686245,264469.6953943398,1.951725248225848,38.202801165935945,373419.0638754512,APPROVE,0.21836575535165437,0.6612150807054091,0.3083224179023112,0.7082383332270096,1,0.46268624726871865,516172.18189173227,14.007066621457723,12.83045924157456
335464.7121882299,26150.97562877211,1.2530237540921034,50.838616621722686,108199.6726553078,APPROVE,0.0779544753252579,0.556152038706326,0.3225366744225448,0.24169181834848424,1,0.1705456189305396,32767.793655535133,12.72327503103029,11.59174286215253
44790.90976528404,9363.69476922347,0.8952240868111431,36.19557421910525,18091.45896512593,APPROVE,0.209053462371978,0.4723579090414711,0.40390916505000357,0.5175754364130296,1,0.016212326987505844,8382.605098956357,10.709782816499196,9.803250498677793
335303.44641972106,30286.439381862227,2.953535179083502,40.16190764260652,72762.23255887337,REJECT,0.09032546400954891,0.7470618181695762,0.21700412964975063,0.41623845663829606,1,0.13466426047356503,89452.06416351008,12.722794193385544,11.194966059337226
3527405.3592306417,291826.4379484181,1.2870686183136248,14.47690887902212,742172.476657942,APPROVE,0.0827311885731409,0.5627590742173043,0.21040181126781993,0.39320568618029905,0,0.5106592596495629,375600.65027765726,15.076073416426393,13.517338290858445
151501.06320778382,12552.341767433274,2.69288769066949,14.853618339714062,48112.67273206576,APPROVE,0.0828531595861986,0.7292092032675089,0.3175731688831727,0.26089470932816183,0,0.02250338970949317,33802.04663459757,11.928354522372056,10.781321672084564
3720197.4828503793,792085.6389021869,0.7668683570841499,26.731228227700186,1522115.4803579934,APPROVE,0.21291494404627642,0.4340268781256048,0.40914910764139417,0.5203847205573999,0,0.9944544796618924,607425.4125748692,15.12928758043091,14.235612345591045
863.0820758387774,157.97806340807125,0.7180036416727416,26.65058948831771,222.7015883695956,APPROVE,0.18303944413924006,0.4179290568753709,0.25803060288694485,0.7093710671963902,0,0.0002300164609790435,113.42882483140244,6.761667759476069,5.410312968916095
842227.131101894,130219.33497147248,0.1902888403650829,20.16844401116823,330533.1698716173,APPROVE,0.15461308495382386,0.15986778495437956,0.3924513443768755,0.3939675253229535,0,0.1698641073831539,24779.286244833784,13.643806196077914,12.708465321346056
193705.47928513543,23586.76014610882,1.9898337935900667,51.91348577625704,53840.13605447408,APPROVE,0.1217660968247005,0.6655332473183261,0.27794844138208985,0.4380887916450348,1,0.1005592664365193,46933.73242003071,12.174099298939597,10.893793064662008
89499.22983838969,20176.716055237903,1.1687263967989074,1.2576968831467985,41691.05326046952,APPROVE,0.2254401081626216,0.5388998808351186,0.4658258326440549,0.48395793527166636,0,0.0011256290241178166,23581.060654472858,11.40199647228635,10.638065820332962
195540.25655086624,25124.776225054185,2.6066389245349475,23.00595321119241,91651.08375775084,APPROVE,0.12848902148452707,0.7227335419697043,0.468706983279985,0.2741350696022665,0,0.044985899931137885,65491.21967845646,12.18352666709438,11.425754989045952
3056.0000626840742,651.9055907767877,1.4723087294055155,8.916247674529961,883.7529270124869,APPROVE,0.21331988789431544,0.5955197714160654,0.28918616128439795,0.7376559339730216,0,0.0002724805345227029,959.8062920489242,8.02518934239593,6.785308427513389
104888.82139643045,14456.509668613411,2.907760940952693,54.37183231209585,28214.89641380956,REJECT,0.13782698171404367,0.7440989827396645,0.2689981261889722,0.5123715308604778,1,0.05702997408380087,42036.07415689904,11.56066575818397,10.247640800722927
332443.4811159907,41684.71771685898,0.6380239955390513,33.80641675028336,107509.2935043578,APPROVE,0.12538888588498154,0.38950833276962243,0.32339119161986946,0.38773129613366236,1,0.1123872286852214,26595.850150627844,12.714228151049076,11.585341875494688
3127636.2623881954,445800.6282262617,2.6190071870712712,22.09937767876525,851215.8448953836,APPROVE,0.1425359571339213,0.7236811234936333,0.2721594755540446,0.5237221920851951,0,0.6911881500431847,1167555.0493254673,14.955788409213255,13.654422186959447
57725.8040704023,6365.74622655084,2.352130873096051,12.232166966906016,23189.33021346875,APPROVE,0.11027557483282842,0.7016822916951351,0.4017151529875111,0.2745118624794738,0,0.007061116736880639,14973.068229764918,10.96347688657803,10.051490669625073
32306.14679039541,6445.783015089871,2.33567334946775,32.715774615691906,14467.31944529266,APPROVE,0.19952187603525023,0.7002104537125726,0.44781940536448567,0.4455409337897204,0,0.010569206170960348,15055.243604797291,10.38304374759627,9.579716672265112
59664.10801653874,8982.07813214577,2.5498713615389743,9.997482682028872,23980.654084438476,APPROVE,0.15054407801849584,0.7182996514086442,0.40192763927336517,0.37455517687377926,0,0.005964908866340461,22903.143796263983,10.996502673185738,10.08504440386898
1015411.2242009472,97928.83662085356,2.3069695737346967,33.75920398739412,454198.6538838075,REJECT,0.09644253902936344,0.6976083457367106,0.4473051341748048,0.21560794111447454,1,0.34279474648889363,225918.8464755453,13.83080522022634,13.026292146618534
314111.161362567,72218.84085683041,1.9160389327311047,58.28544730774738,100232.13300936128,APPROVE,0.2299149146549137,0.6570690504932938,0.3190976486622422,0.7205158534348008,1,0.18308109544373233,138374.11075839883,12.657505402900632,11.515254081730138
56414.39257694996,7152.117642726128,0.480610145278924,54.90326088038333,13928.43660099277,APPROVE,0.12677824427464227,0.32460276380747377,0.24689509121265824,0.5134903397712526,1,0.030973341130606444,3437.3802993225595,10.940497318281826,9.541759620944642
454309.9104260032,72103.78585019894,0.1943259205246305,14.44002153105774,191439.51072849595,APPROVE,0.1587105722227977,0.16270761371340675,0.4213852842192777,0.3766400445541163,0,0.065602448883244,14011.634558650736,13.026537067364913,12.162332390404103
197630.6371723213,45710.864032388585,2.770458758665492,53.978868500882335,60898.369275115016,APPROVE,0.23129442219290944,0.7347802843084437,0.3081423515424662,0.7506089994936446,1,0.1066787817567032,126640.06362469836,12.194160158627499,11.016978096913897
1129504.931606087,197491.2255564552,1.8882859121101403,4.91039142380159,453362.0985830952,APPROVE,0.1748475991827984,0.6537738885865997,0.4013812475687397,0.4356147683577429,0,0.055463113293001305,372919.89898362046,13.93729086640902,13.02444862552787
39970.37414253193,2933.010391855045,2.4099581438309112,22.69298672078842,11239.396714632649,APPROVE,0.07337960814167283,0.7067412684202182,0.2811931825945297,0.26095799145843285,0,0.00907047169641422,7068.4322797917575,10.595918830462223,9.327269417720975
84514.27270255145,20111.559313065027,1.496414819386395,15.07116244682386,18962.37359278423,APPROVE,0.23796642472269502,0.5994255472951429,0.22436889044200184,1.0606034742780353,0,0.012737283329753244,30095.235397038974,11.34468753905542,9.850264692089846
74293.86775618853,13041.665204685924,0.440193747990944,3.97742668078514,36981.59574658812,APPROVE,0.17554161061428356,0.3056489785523718,0.497774538646329,0.3526528518145173,0,0.0029549841183218704,5740.859486493779,11.215797153706207,10.518202695733176
8716.474230163398,1019.6629434472748,0.4630387973873963,41.995867755191874,2151.752771609599,APPROVE,0.11698112293141723,0.31649112669757096,0.24686045237917978,0.4738755106538216,1,0.0036605589906147993,472.14350307431874,9.073084822441439,7.674502661049421
294266.3398638645,22909.93360677505,2.0881393329640168,47.03209324057288,146110.97641424384,REJECT,0.07785441453267744,0.6761804141006186,0.4965262981890443,0.15679816923420165,1,0.1383996193403938,47839.13347990116,12.592243952405358,11.89212856846701
274336.4479584889,57282.83240072041,1.347887095208442,45.9322562425661,135298.34120011498,APPROVE,0.20880503785405918,0.5740851414700495,0.49318397976993417,0.423381631235193,1,0.1260089202430471,77210.79056991906,12.522114189512235,11.815244944968274
164427.81088837102,28612.831714187483,0.6815217074309764,29.28697416440324,72043.29409842113,APPROVE,0.1740145511857027,0.4053005705601048,0.43814543117241195,0.39716162444069236,0,0.048155930493971044,19500.265924288244,12.010232994962674,11.185036404654229
101806.14383077546,15952.23052311156,1.525624185550167,32.53208111970423,40501.22144306584,APPROVE,0.15669221839526434,0.6040582737046581,0.39782688862459925,0.3938703563678008,0,0.03311965729587064,24337.108699530592,11.530835555791363,10.60911210203647
9597.505653161605,2195.7031064882394,0.2862059175178888,60.8299740483025,3583.1530599987464,APPROVE,0.22877851661019155,0.22251951543669385,0.37334211507532544,0.6127851838093145,1,0.005838160198102569,628.4232221893453,9.169362704210478,8.18427747965579
70172.33011935127,14576.157273417077,1.7877170655517565,22.799591781365898,32267.375091610367,APPROVE,0.20771944224490618,0.6412835390086203,0.4598304636133504,0.45173049347936983,0,0.01599900481068456,26058.04510785407,11.158723604998986,10.381842930248952
82007.90851875118,6588.103358280769,0.8800808728617832,32.85833899501695,23522.48064695486,APPROVE,0.08033497594655024,0.468107987036834,0.2868318564858464,0.2800768956795227,0,0.026946436583814647,5798.063754059383,11.314583160818017,10.065754377753871
32710.305546332947,3674.8200939420663,2.4129213918478456,18.8908839828141,11131.459716864529,APPROVE,0.11234441355910964,0.7069958885110526,0.3403043637454632,0.3301292182169597,0,0.006179265871181763,8867.052015865122,10.39547603249451,9.317620418672762
117880.7237637733,11752.452117942004,1.000049680878364,47.59491652842039,45480.38611703805,APPROVE,0.09969782796289317,0.500012419911075,0.3858169908099506,0.2584070435923422,1,0.05610523207846572,11753.035990086155,11.677437059783172,10.725058424907475
365163.9513995026,72590.67113494495,1.4201384323372237,46.19524675485083,118078.37196380406,APPROVE,0.19878925851453536,0.5868004959392921,0.3233571427608473,0.6147668698988923,1,0.16868838840876377,103088.80190788767,12.808104452121272,11.679112321085434
7077078.946945275,401316.284928944,0.1336995657334918,33.552196724204514,2323022.404693012,APPROVE,0.056706486947155896,0.11793209574618613,0.3282459362270804,0.1727560974522663,1,2.37451545060634,53655.81301677807,15.772371943722286,14.65838008690326
230765.10845824223,37840.38641062469,0.3100959746042208,29.133052635406436,69018.47482711235,APPROVE,0.16397793697426336,0.23669714327448457,0.29908540025062536,0.5482645987963783,0,0.06722892051129246,11734.151503402976,12.349159959065032,11.142143987627282
272420.13878282334,55162.82713627077,1.238231313579386,30.10360813901332,100596.4606986304,APPROVE,0.20249173714813812,0.5532186535265664,0.36926954500536074,0.5483575341833253,0,0.08200829107093739,68304.33990569715,12.51510445223936,11.518882294764891
140239.6702782738,31603.4482760714,1.4918226206796583,32.719066890772694,63833.22146243623,APPROVE,0.22535312735234994,0.5986873256141946,0.4551723584045348,0.4950940521569791,0,0.045885111525747486,47146.73902972287,11.851115299092207,11.064044712087593
3506.7942126888547,415.2617699671282,1.8400595895459808,6.764099286707154,913.374407443304,APPROVE,0.11841634974318149,0.6478947118993856,0.2604585134018939,0.45464572532694353,0,0.00023720304232677458,764.1064019998514,8.162742689481995,6.818240123728578
154349.1077316632,33069.52182543033,0.9458214782569794,33.280396452018294,74138.49327630675,APPROVE,0.21425146093440256,0.48607823935843475,0.4803299116260324,0.4460506325935642,1,0.05136799497325034,31277.86401817996,11.94697872790002,11.21370364199438
183590.02394524156,13241.67784460411,2.1154474697669734,56.89403837780267,74670.89044465063,REJECT,0.07212634739104144,0.6790188216286,0.4067262961244688,0.17733386820155073,1,0.10445177868122285,28012.073891837153,12.120465866786274,11.220859001034174
22442885.66325893,4921510.683723203,2.594354951848693,16.873682327409085,10031565.107192315,APPROVE,0.21929045834690364,0.7217859634353397,0.446981963804009,0.4906024763966926,0,3.786941231921949,12768145.612893537,16.92648426952812,16.121247290041534
110777.40100436396,8363.442584350192,2.3615678677907144,32.347850774297825,40639.48801858372,REJECT,0.07549773246639649,0.7025197647854664,0.36685720778900355,0.2057959632888519,0,0.035834108368537156,19750.837271313947,11.615287097508958,10.612520090511556
297477.74209074344,38510.71233598661,0.2148945935102357,25.95142364225924,129062.20889664508,APPROVE,0.12945745811207346,0.17688332358886671,0.4338550104272191,0.29838875891878275,0,0.07719970909139616,8275.743873231462,12.603098046257616,11.768057554784061
151839.06569275053,31804.06996886297,1.493470147047704,21.073410761815943,31105.769097312917,APPROVE,0.20945907315591072,0.5989524874865613,0.2048601192018402,1.0224492398617584,0,0.03199767001033687,47498.42905311325,11.930583046488225,10.345180730345877
15719.290396002356,1257.28363498351,0.4042975174127071,44.54389315848823,7003.165944654454,APPROVE,0.07998348546975476,0.2879001866766732,0.44551412743386054,0.1795307500807117,1,0.007001983919267791,508.3166523074573,9.662707538840714,8.854260385965514
1600210.3207342175,153380.60577550932,0.8019305460013296,19.25251778170265,339311.2491181135,APPROVE,0.0958502790465283,0.4450396535986898,0.21204165772560996,0.4520351334479862,0,0.30808077654399624,123000.59293556889,14.2856462539477,12.734676051264556
732241.7993464642,142384.79401987203,2.9613215204747245,42.15730229751968,341937.8914604217,APPROVE,0.19445051367861327,0.7475589914044241,0.4669740129088587,0.4164054279323783,1,0.3086933888992864,421647.1547194079,13.503867431041717,12.742387320139292
791799.8261460185,153614.95219849353,0.5132370744143884,31.47556062634345,393990.7444712691,APPROVE,0.1940073073092149,0.339165014585046,0.497588824171593,0.3898948245716863,0,0.2492234343178721,78840.88865266094,13.582065157030762,12.884085234941946
26402.793301454225,4705.757350430144,1.5467756450089327,8.917514806890406,7609.819386451847,APPROVE,0.17822952657705948,0.6073466455674024,0.28822023865303337,0.6183796370789095,0,0.002354473002089849,7278.750860967111,10.181262964473756,8.937326117392182
2691444.568829684,508116.982823241,1.8926516295225453,18.139749745536847,708107.1345777867,APPROVE,0.18878968889342,0.6542964283033772,0.2630955668857381,0.7175707714429526,0,0.4882213093255479,961688.4355284862,14.805588993419814,13.470352093467945
9860.5563841303,1563.3408141414554,2.1371484145779016,28.88520759798477,4236.1838579270125,APPROVE,0.15854488866951924,0.6812391803482627,0.4296090091574121,0.36904460867911437,0,0.0028482421818723774,3341.0913423873376,9.196399283429027,8.35165414310662
526346.0618224876,52823.99169638102,1.7229811821120509,19.122046404901067,145223.03778871635,APPROVE,0.10035981178139056,0.6327554495898643,0.275907902276076,0.3637438832069754,0,0.10064813819206533,91014.74365690773,13.173716087489458,11.88603291718009
13005868.694801455,1549508.7747062554,0.1283354575156326,25.463202598101105,5978390.949769422,APPROVE,0.11913919870078389,0.11373874379362449,0.45966871495166106,0.2591849191070413,0,3.3117106954003024,198856.9175264146,16.38091132850832,15.603662185044625
22447.3388576902,1937.6440398494024,1.0467377939075764,26.260915795931457,5182.030526086673,APPROVE,0.08631954336028512,0.5114176310338087,0.23085277764724296,0.37391598333803294,0,0.005894876755845426,2028.2052476501274,10.018971897456847,8.55314520782829
52438.9303878666,12149.581668711826,1.6013637658156632,18.68577020761625,12469.27281005149,APPROVE,0.23169011226672567,0.6155862501273642,0.23778655891380746,0.9743616852233787,0,0.009798618031608603,19455.899854093317,10.867423610414257,9.43110291574444
198650.58977932425,33110.75430950787,0.3548128475200167,12.35656832485277,98082.82812708878,APPROVE,0.16667835895322408,0.26189067233123836,0.49374546653018464,0.33757952275402686,0,0.024546395853805192,11748.121020092152,12.199307764127028,11.493577781067913
59459.38133473293,7739.84451632009,1.1168181005066242,35.90902667010948,23911.689470070334,APPROVE,0.13017028335272798,0.5275928528007828,0.4021516694810013,0.3236845529467025,1,0.021351285101371346,8643.998450933215,10.993065509830092,10.082164537191048
7322.251472459554,1042.6971088265996,0.196289015494963,0.7247912732123117,3324.786662316536,APPROVE,0.14240116072882653,0.16408159980784298,0.4540661673286858,0.3136132373979458,0,5.3071039675046845e-05,204.66998895101753,8.898809698558797,8.109461515277301
186675.28630518875,44700.642042093634,0.3278776417495601,22.541229173963977,55498.34107332122,APPROVE,0.23945666792236306,0.24691856496473666,0.2972988132054554,0.805441048824103,0,0.04207890409720599,14656.3410974529,12.137131306493199,10.924126427111275
19445.92027502847,1568.7078455632334,1.2510775009846289,36.82584032090778,7835.638773164695,APPROVE,0.08067028062321605,0.5557682933783503,0.4029451248561813,0.20020165438658377,1,0.007161123549413016,1962.575091202231,9.87544399589389,8.966565293501699
419653.5887611731,70185.37000700037,0.484875686724875,47.00537573475749,158743.43237884963,APPROVE,0.16724596640335943,0.3265429497295791,0.3782725481925791,0.442130858299065,1,0.19725974618158343,34031.17948018375,12.94718724418531,11.975050844510621
25878.07933318039,3912.1894398450254,1.7458684599585186,23.34079593854569,9858.12586414375,APPROVE,0.1511777357768932,0.635816495006062,0.3809450360368841,0.39684920782707284,0,0.0060401496899726,6830.168152408214,10.16119017352998,9.19615278891446
3612348.995715136,622374.6684453802,2.0994484104980704,60.4550623924786,1462133.4325692484,REJECT,0.17229084708692957,0.6773619471732703,0.40475973786131647,0.4256620186515732,1,2.18384783919366,1306643.508401917,15.099869086863222,14.19540786620637
33978.84538266946,1822.0148963134852,2.42170142741634,11.161825582150756,12660.78119151015,APPROVE,0.053622036764168095,0.7077477327543799,0.3726077519387296,0.14391014809854394,0,0.003792659456442251,4412.376075176202,10.43352284497041,9.446343380233715
85466.26089139216,19180.746950857927,0.6804357083099493,29.18006363881576,28094.359096328582,APPROVE,0.22442478178883032,0.4049162398448901,0.3287187107907998,0.6827259125254258,0,0.02493910931782454,13051.265137420913,11.355888668043768,10.24335968496768
828220.2784318525,195810.8666115921,0.5856994885513023,24.36788503320044,234201.4869160276,APPROVE,0.23642365649672242,0.3693634845568364,0.2827768083141642,0.8360786653835363,0,0.2018197652699264,114686.32442719676,13.627035642146865,12.363941348859775
13880.9318383078,2262.9616321089297,0.4032467369697607,9.117290073823888,5976.773887642175,APPROVE,0.1630266367178418,0.2873669514746575,0.43057439927396063,0.3786259401226342,0,0.0012655648206482968,912.53189403569,9.538343405810238,8.695803518047265
256509.2150858518,48564.93195860732,1.9456477236765464,34.238261216894415,68714.13204187606,APPROVE,0.18933016477537845,0.6605160922800803,0.26788172900095586,0.7067677421729007,1,0.08782429510649949,94490.24931577069,12.45492376769608,11.137724716574475
2222816.200218767,521250.1238454745,2.1487796068120133,26.13583638874165,906256.15044713,APPROVE,0.23449987623545918,0.6824166423599105,0.4077062918463242,0.5751686469529607,0,0.5809516053116209,1120051.636167392,14.614285958444507,13.717078375268452
6535.69212464264,1251.2434007371512,0.1915998199943619,10.545421749979743,1764.6358723514809,APPROVE,0.19144772686267975,0.16079208537919087,0.26999984679479805,0.7090660573899565,0,0.0006892162988237782,239.7380103503714,8.785186525156611,7.476266172107835
235453.26368757992,18955.826283167527,2.8150155141067006,33.941958951777686,91261.46155694156,REJECT,0.08050780858285228,0.7378778680447506,0.38759905098633624,0.20770899303798956,1,0.07991745011145925,53360.94506982814,12.369271964182959,11.421494827128164
273693.8947703061,45230.01589948492,0.25071672258927,6.674404650508572,116080.00714269976,APPROVE,0.16525767203336264,0.2004584395979203,0.4241234801387087,0.3896451853580836,0,0.01826743804070735,11339.921348979433,12.51976924220704,11.662043563801442
777349.8174601549,133193.45698421626,1.6697593723731043,39.48447858495602,206475.12397728063,APPROVE,0.17134300927657123,0.6254344079290124,0.26561416667196175,0.6450823441514055,1,0.3069325222052496,222401.02313816902,13.563647029975913,12.237940062312392
13712.98644119543,1848.8689510327183,2.156275506407657,17.015973446901885,2989.197789824572,APPROVE,0.13482613426047718,0.6831708772032519,0.21798299025839252,0.6185167663800606,0,0.00233339813161107,3986.6708336694683,9.526171499160391,8.003094814639889
11603.786820118336,2289.2977240247733,2.6258104588636484,69.12093386389427,2776.694781844876,REJECT,0.1972888471249446,0.7241995930715567,0.23929212289825222,0.8244686232686081,2,0.008020645813641274,6011.261907196996,9.359172948881763,7.929376647531901
462260.1612839818,109497.1374533106,2.1708521031840404,17.016504307163668,176490.5090052888,APPROVE,0.23687340295380302,0.6846273596312358,0.38179909018130764,0.6204137438916296,0,0.07866052025519048,237702.0911331513,13.043885294515432,12.081028046579519
294775.5052511199,69305.76046988054,2.4250114409023964,25.965807209419907,134073.89912390575,APPROVE,0.23511370258135528,0.7080301723790658,0.45483392186772065,0.516922092388996,0,0.07654083939409924,168067.26205990135,12.593972738872749,11.80615387146528
268601.9171717027,37649.35975771218,1.0844055583741377,34.08592494335257,57346.25316948076,APPROVE,0.14016787428082644,0.5202469135708828,0.21349904637062733,0.6565269337901379,1,0.09155544788355263,40827.17499049067,12.500989423666441,10.956880225499063
325427.9677786572,23641.563815569534,2.462992829864885,19.36145912070428,136759.59923735107,APPROVE,0.07264760916815102,0.7112324370480961,0.4202453777124938,0.17286950201235068,0,0.0630076029488034,58229.00216454088,12.69289949186587,11.825987225414822
41770.70589188913,10316.037709008684,0.3323330545155579,44.21189571746821,12631.277410997063,APPROVE,0.2469682397924669,0.2494369207378073,0.3023955937850156,0.8167058147283914,1,0.01846762092937237,3428.360322332534,10.639974496779123,9.444010516666241
258980.3306397637,56400.6372921548,2.69496830257553,29.181463438268228,88974.89676663227,APPROVE,0.21777961728918682,0.7293616837516677,0.34355851097585677,0.6338938210862459,0,0.07557425049794882,151997.92974741658,12.464511255611654,11.396120789188318
292478.0635985346,21916.12310019332,1.6880178908458352,4.31616328618451,139996.9254678582,APPROVE,0.07493253624065338,0.6279786665834537,0.47865786495366974,0.15654717435366125,0,0.012623830801183332,36994.807891106015,12.586148365651354,11.849382883394926
38999.22932219852,9132.386216045908,2.470163532891232,8.526285170391148,11683.835716928268,APPROVE,0.23416837652347447,0.7118291427704472,0.29959145142075366,0.7816256953026427,0,0.0033251855062654484,22558.48739915515,10.571322805150869,9.366047187561183
6793990.45162975,1521713.0381329986,1.4117230251030704,47.37658354893495,2307246.49611861,APPROVE,0.22397927241242566,0.5853586877136264,0.3396010801818458,0.6595363957396475,1,3.218760562623032,2148237.333531901,15.731549169478406,14.651565811903964
419855.4825260477,64560.17469181122,1.9663753160699224,27.39533039710695,85694.48756064974,APPROVE,0.15376761142521445,0.6628882412206438,0.20410472442820438,0.7533760517106676,0,0.11502079662837839,126949.53391513969,12.947668223592661,11.358555449298203
15023.83179444101,2527.8361278853768,1.6265677167147283,23.739520744884945,3372.5439920865165,APPROVE,0.16825508714898585,0.6192749976951727,0.22447961600145153,0.7495339227054714,0,0.003566585665517944,4111.6966387635175,9.61745956429522,8.123719100470527
605074.7101666027,78539.02458831212,2.2216096130904623,26.70788820929144,167955.11165054058,APPROVE,0.12980054077402606,0.6895961584120341,0.2775774773404352,0.46761913833099666,0,0.16160267717399046,174483.0520281424,13.31310886995477,12.031457984080884
23170.53389204672,1412.2979762643158,0.3367269478887097,10.34879707346583,4827.71216538359,APPROVE,0.060952327764406275,0.251904061948143,0.20835567224632237,0.2925398051671335,0,0.002397871533326539,475.55878705688446,10.050679816877258,8.482335078668116
785573.4247504515,91943.0802548576,0.275021043572635,22.795113216234185,305912.1881060875,APPROVE,0.11703944832918022,0.21569921920819474,0.38941259781447524,0.30055383155565085,0,0.1790723515685137,25286.28188097347,13.574170480439578,12.63105664168463
1651494.4413936706,347756.32359235454,0.8165993786294247,26.273333052540547,541557.2431019165,APPROVE,0.2105706897196023,0.4495208950503588,0.3279195070404867,0.6421413950637712,0,0.4339026349315532,283977.5977599699,14.317191763526804,13.202205898460784
31528.127512786432,1605.6141780255773,0.5626795723282462,68.91140409001312,11490.22305669666,APPROVE,0.05092640460092057,0.3600735443734676,0.36444356081840656,0.13973742460028254,2,0.02172647535235086,903.4462990156003,10.358667080503414,9.349338810495277
1117665.01443063,130431.32202968869,2.628172343117385,25.056494006746387,282092.11774965306,APPROVE,0.11669983433822885,0.7243791348839885,0.2523941557688989,0.46237138091693136,0,0.280047667356312,342795.9932346651,13.926753153210711,12.549992500200652
371595.7518749392,48171.346607344734,0.7357205633383285,24.46496929766224,107309.27586970064,APPROVE,0.12963373871818867,0.4238703964671075,0.2887796088309848,0.44890198183646657,0,0.09091078660762103,35440.650262721545,12.825564544965802,11.583479691691334
842492.7366537345,132675.01526965757,2.9300092418754806,27.673841493821488,336278.73687366705,APPROVE,0.15747912058758456,0.7455476721671067,0.3991473424558175,0.39453881771746047,0,0.23315010453851337,388739.02090606716,13.64412150694213,12.725698642786892
7228817.060364557,1691334.4476175718,1.0769977961362098,27.22051205048573,3539162.451171654,APPROVE,0.2339711232825521,0.5185358396333994,0.48959081708911995,0.47789115954755024,0,1.9677210190241026,1821563.4726133787,15.793586103643104,15.07940094395524
99630.51458583112,11882.851657975974,0.6281419554972278,22.994845690931623,21433.017646489858,APPROVE,0.11926919887319228,0.38580294143049454,0.21512503208066275,0.55441804107888,0,0.02290988309009299,7464.117677324504,11.509233805029455,9.972734548566896
36045.15263094157,4303.4538551757605,2.3901256707131897,42.570532098434086,16837.242149815906,REJECT,0.11939064037924552,0.7050256842574135,0.4671152962565797,0.2555913739841779,1,0.01534461327068454,10285.795531985226,10.49255541388162,9.731407896944926
27473.334007096397,5425.990324348737,2.0102525489525407,22.271118741639413,10249.321779230631,APPROVE,0.19750024962194968,0.6678019588927966,0.3730643603933625,0.5293999389641605,0,0.0061186188390076396,10907.61088011387,10.221007539017934,9.235064377169472
31836.841313817014,4471.280230364826,1.544767577714103,47.73689304451496,11753.393590929974,APPROVE,0.14044358817796146,0.6070368041633596,0.36917587002668717,0.38042461488018975,1,0.015197918886728778,6907.088730741629,10.368410839727053,9.371982372312997
139496.74981735193,13241.166049553456,1.7105542977191306,23.101298651698983,48835.51886293086,APPROVE,0.0949209645879964,0.6310717697699408,0.35008356056232814,0.27113802326372555,0,0.032225560784719824,22649.73349287631,11.845803749771898,10.796233649331594
321999.074285702,45236.97478728474,2.185685156989565,43.14435361946499,71103.26428375526,REJECT,0.14048790322653865,0.686095784510925,0.22081822577125498,0.6362151617505961,1,0.13892441926122703,98873.78433967942,12.682307055227456,11.171902589854389
283050.7809912881,22126.47697488603,0.7625187498607663,38.68797602101908,64242.07012134517,APPROVE,0.07817140407595997,0.432630149279832,0.22696305552084822,0.34442347410492696,1,0.10950661827721676,16871.853561713127,12.55338513158876,11.070429138906832
851169.4428962494,72585.51475254254,2.9893683565645515,20.8678135078325,323677.26970520354,APPROVE,0.08527739730124467,0.7493337514560447,0.38027360169772584,0.22425274044931068,0,0.17762045197924617,216984.8409462001,13.654367672925563,12.687505306691547
167042.53904056014,25001.850578906317,2.926900170225671,9.002499819996725,50494.883452183385,APPROVE,0.14967355454789597,0.745346212877489,0.3022875714306675,0.49513631618898696,0,0.015038004276444384,73177.92071535769,12.026009770236938,10.829647096142509
2978910.400830098,398533.7957818093,1.985944490406117,60.38569167009646,1415519.8953292898,REJECT,0.1337850899009096,0.6650975919971003,0.4751804199733042,0.28154588084337673,1,1.7988356497736977,791465.9959735208,14.907068490007788,14.163008145226119
95864.0512068942,22333.369421626638,0.6786731076945208,22.6523325230121,30866.035069478967,APPROVE,0.23296918021362006,0.4042914040760481,0.3219771612078417,0.7235580913244791,0,0.021715443649416265,15157.057230665134,11.470696764908654,10.33744406719123
37518261.02870681,4595190.831889077,2.072661903050745,30.42970610133372,9116353.556195231,REJECT,0.12247877982332661,0.6745492893288608,0.24298443761079233,0.5040601819097185,0,11.416696565366708,9524276.97450455,17.440338359832925,16.02558056242586
568828.7467742674,94492.50607479311,0.3093753860396099,16.462586137498683,235731.5348619323,APPROVE,0.16611767005560865,0.23627707480843924,0.4144156500506108,0.4008479651657012,0,0.09364392241256804,29233.655544739304,13.25133645352682,12.370453114451008
29310.02501499644,5171.8376697518925,0.1888922563968376,18.239723623494815,8441.463839200525,APPROVE,0.1764528575839061,0.15888088712875567,0.28800602643230294,0.6126707130740617,0,0.005346067556712545,976.9200871575975,10.285719004604758,9.041029469064352
19114.739230117677,1005.7963861151025,0.8472803766825197,47.66491048877699,6836.21621550684,APPROVE,0.05261889131766672,0.4586636589536708,0.35764109220676793,0.1471276440662625,1,0.009111023344198731,852.1915408935209,9.858267318158973,8.83013594173829
427173.19996091793,78047.73649765315,1.4416065745440174,52.640863859381945,174863.2791987489,APPROVE,0.18270747440334212,0.5904336061239698,0.40934983565155103,0.44633577075347197,1,0.22486766263519223,112514.13006329584,12.96494717145446,12.071765404577437
104096.58294706236,8911.416305916622,2.617990265684304,36.0920312341557,48933.64190721538,REJECT,0.08560719337395027,0.723603457564621,0.47007923336062113,0.18211226384526702,1,0.03757057123094253,23330.0011423501,11.553084035765421,10.798240848109948
678745.1387786191,164401.61814029433,2.208790302322293,25.095532962013028,297057.8044921829,APPROVE,0.24221406349389105,0.6883560763455713,0.4376573584405028,0.5534330882884465,0,0.17033471003024944,363128.6998343749,13.428002461490152,12.601685393109603
419355.9031201744,33436.31364745178,2.253848911479945,38.35316726535464,168961.98255996243,REJECT,0.07973254555062259,0.6926716552597487,0.40290832036181723,0.19789252671431967,1,0.16083627096081907,75360.39911821122,12.94647763375358,12.03743493180613
140693.94040432645,18701.717370985512,1.3339306698994189,19.59117186620537,56824.869219076805,APPROVE,0.13292482474540473,0.5715382582280838,0.40388995471854305,0.32911148988103817,0,0.027563591669948154,24946.794380948304,11.854349282287643,10.947746945023937
29923.89379604913,2006.9935704251336,1.1032114783861926,29.761508134633168,14476.50333533435,APPROVE,0.06706993361572879,0.524536638242719,0.48377739320962604,0.138638006978277,0,0.008905802086310153,2214.138343940295,10.30644598141567,9.580351229480463
7866.004701010245,1961.583745317771,1.176012412655348,13.237350274514814,2271.2870626760086,APPROVE,0.2493748503691895,0.5404437979378443,0.2887472292489608,0.8636441326824853,0,0.0010412505948825279,2306.8468329566654,8.970432671889792,7.728542119868611
66633.99061081189,10024.351051182315,2.964183734834568,12.6311680440905,13349.029104430503,APPROVE,0.15043900206624852,0.747741258506089,0.2003336282588562,0.7509423324169143,0,0.008416651328535136,29714.018338186423,11.106985103109066,9.499273843933173
902385.948767719,152572.71218567248,0.2163166550961991,35.47665226580853,254099.58168481896,APPROVE,0.1690770034640088,0.17784567381352723,0.2815863678194596,0.6004445626160897,1,0.3201363251398408,33004.01875895977,13.712798696819615,12.44548545850209
249742.9550888273,15837.52329042832,2.6143913387551008,32.19807096428471,66273.64212867482,REJECT,0.06341529547768548,0.7233282436028555,0.2653674138880232,0.23897167534083433,0,0.0804124139078023,41405.483717827985,12.428191492369344,11.101562631348981
13474.070887647173,2694.707652600707,1.7781586848599409,31.080926061425902,5370.096012246205,APPROVE,0.1999920940798356,0.6400493587894479,0.3985503755341994,0.5017987846875692,0,0.00418786601005373,4791.617815630492,9.508596656442187,8.58878726579227
230121.3026497548,21166.814835812856,1.3719847156498124,22.66135263526242,89773.42218264204,APPROVE,0.09198111861911716,0.5784121232307152,0.3901134799296587,0.23578041608739655,0,0.05214859988232042,29040.546433724932,12.346366197227162,11.405055382789996
351735.50273996306,80762.29053384012,2.203247215203896,31.166132266605963,132969.53188871252,APPROVE,0.22961085788814278,0.6878167893962106,0.37803841481141714,0.6073744066530465,0,0.10962235201254832,177939.29171217122,12.770637602499022,11.797882817908274
27785.931976869,2529.2958180819323,1.5113399301316384,17.2173590514398,5692.5881578002045,APPROVE,0.09102792809640142,0.6018061959666359,0.2048730329628361,0.44431386005260076,0,0.004784003674246361,3822.625764982193,10.232321116385389,8.647095936068645
221338.88269449823,19508.26554177622,2.632927390436816,4.146697521282484,92659.8526302126,APPROVE,0.08813754413273332,0.7247398881044628,0.41863341633519424,0.21053633248943213,0,0.009178253962327104,51363.84668485732,12.307454729839861,11.436701360635757
182849.27103600444,10479.07957632667,2.71203540563265,27.61974130074415,54317.04423148588,APPROVE,0.05730993356961898,0.730606017797514,0.29705912374564747,0.1929243338733126,0,0.05050249563044093,28419.634829439918,12.11642290586248,10.902611757009396
16548.643345087807,2389.8456691804945,1.3229906879330209,9.425356031693806,6611.460978993175,APPROVE,0.14441338902199985,0.569520443971391,0.39951679670198936,0.3614701314541271,0,0.0015597685536897293,3161.743565922853,9.714119830427249,8.796711175051703
332892.4423015163,54250.89098790555,0.9028006119816496,41.18445340829866,122162.71417922978,APPROVE,0.1629682266525233,0.47445886147862776,0.366973528550646,0.44408714518500225,1,0.13709993279941549,48977.73758443089,12.715577724665328,11.713117343647978
499602.9953622326,31545.79638402798,1.8178159529207505,51.57009792685964,151289.41815656223,APPROVE,0.06314172788567048,0.6451152180597636,0.30281927762837213,0.20851290703876418,1,0.2576457539538274,57344.45191447579,13.121571054323745,11.926956567675587
1419907.783612263,291230.92905091576,2.745853702288404,63.422832682936914,341307.32346763427,REJECT,0.20510552333900212,0.733038159128029,0.24037288013123234,0.8532806331023038,1,0.9005457378524034,799677.5247553486,14.166103190621394,12.740541522138107
1339228.2913708426,188372.8608999584,0.710920348116433,27.170217319000567,305780.19597025786,APPROVE,0.14065776694960555,0.41551925482626434,0.22832566929814432,0.6160400947557793,0,0.363871237162996,133918.09984668685,14.107604850768208,12.630625079318474
10349.166500373558,1602.8587667080496,1.9066030923341,16.115555595365098,4651.489803322157,APPROVE,0.154878053865516,0.6559557778502993,0.44945549993366707,0.34459040747832365,0,0.0016678256810246012,3056.015481180389,9.244757885556735,8.44515779685837
24943.03540603916,3445.943930810619,1.9315246382683096,30.19616530585536,11860.893803895724,APPROVE,0.13815254938764565,0.6588805746518599,0.4755192626244674,0.29052986965272337,0,0.007531840203505615,6655.925604451857,10.12439001071762,9.381086339727988
455919.0425272606,59339.0543252776,2.2260277650043148,24.747616586330075,180059.03174338365,APPROVE,0.13015261217506519,0.690021266757863,0.39493641402929,0.3295533345411208,0,0.11282909658871362,132090.3824771673,13.030072727786777,12.10104558395582
454781.2903521423,73641.85491869747,0.4815462868690534,27.73672197869529,105068.22813723316,APPROVE,0.16192806626164358,0.3250295256631526,0.23103023445814502,0.7008955630479592,0,0.1261414221160967,35461.9617942483,13.027574100681147,11.56237472747932
455930.3668738784,36952.26679985009,2.175892397578057,47.222499596045935,146174.99832151763,REJECT,0.0810480491861425,0.6851278712205103,0.3206081650664722,0.25279471335154136,1,0.21530171565526798,80404.15640306985,13.030097565927075,11.89256664265296
361388090.3268376,31218736.44762543,2.736194309930359,21.903951367592533,151306601.7124801,APPROVE,0.08638562609905423,0.7323479677322672,0.4186817600315471,0.20632765586096988,0,79.15827155346187,85420529.0312082,19.70546298407655,18.834818817677377
509803.6962990204,113358.4838169586,0.6210810157237017,25.130404126245264,221227.4099956548,APPROVE,0.22235712420270348,0.3831276843658745,0.4339462652030205,0.5124070467542206,0,0.1281157291304799,70404.80226993545,13.141782982923738,12.306950976168205
1577152.0528639934,377291.1913132846,0.7888756422792451,13.449891422559377,371365.03342274175,APPROVE,0.23922309242672654,0.4409896493834091,0.2354655866873266,1.015957770272348,0,0.21212523867887337,297635.83087356895,14.271131914415271,12.82494346820616
1096905.429215395,136742.2746215593,2.917045772720755,25.75375190463321,219391.1945435627,APPROVE,0.12466186325595055,0.744705561787345,0.2000092156536147,0.6232805965893381,0,0.28249430286858485,398883.47413704015,13.90800443864161,12.298616249816495
598859.6261335604,62370.59205395835,0.6248331628575203,57.58311543371693,247712.9627422873,APPROVE,0.10414893462871076,0.3845521971982986,0.4136411137641815,0.2517857417047922,1,0.34484202980241374,38971.21430237092,13.302784172450606,12.420029983457932
86635.2027932241,15490.36634511237,2.5777167707717794,17.478898807467765,26595.17516520077,APPROVE,0.17879990864780315,0.7204921283401979,0.30697885279586173,0.5824502470425985,0,0.015142879427872128,39929.77711319491,11.369473053304729,10.188522693648979
742619.025849852,97837.70568697563,1.527605783699301,44.04393990716352,205218.60874496808,APPROVE,0.1317468342196193,0.6043686850025953,0.27634439948547806,0.476748703664402,1,0.32707867748447195,149457.44507129397,13.517939787571112,12.231835946899267
34694.955159905905,1910.903452257113,0.8169701157692134,23.99687231550571,7073.2341727883295,APPROVE,0.05507727113206898,0.4496332155817266,0.20386924093685765,0.2701597890832757,0,0.00832570408964458,1561.1510146142832,10.454378393143658,8.864214472523761
101352.8008094469,8232.940659818996,2.625174713690283,44.57504855829945,36698.81760717756,REJECT,0.08123051947323807,0.7241512260847589,0.3620898220284499,0.22433803584475148,1,0.04517806017600747,21612.907639469424,11.526372652996871,10.510527064198637
61652.73705870096,11910.966366227183,1.39138523950773,41.8145732394184,28073.279158301597,APPROVE,0.19319444576947953,0.5818323273560678,0.45534522062779464,0.424281264011332,1,0.02577982889151656,16572.742790241526,11.029289124090305,10.242609103704504
191711.76110571573,34850.281922948874,1.5929703263961017,12.477872464880942,93419.12704038824,APPROVE,0.18178478838203027,0.6143419036384143,0.48728949388177634,0.3730529606413676,0,0.023921549050948433,55515.464969796034,12.163753494923112,11.444862093939442
16673265.616417823,924019.0168511006,1.1417767712593203,41.35696874278296,6164497.873100332,APPROVE,0.05541919850069671,0.5330979337253616,0.36972348518398684,0.14989363868275302,1,6.895557249383098,1055023.449642461,16.629317193323267,15.634317405486012
3887.298081998064,366.93929596768686,1.8195574691612897,8.552216071945434,1377.4189761752532,APPROVE,0.0943944323865899,0.6453344147308826,0.35433839832196823,0.26639628342175536,0,0.000332450131333065,667.6671367067897,8.265726829822123,7.228692451932114
642113.5143996562,61780.92566525326,0.574219230496566,10.238495285184404,144807.4592625198,APPROVE,0.09621495931761428,0.36476446188212064,0.22551691564677234,0.426641873145853,0,0.06574276189734068,35475.79559486727,13.372521938104851,11.883167177548621
6467.650976239769,1192.496100624935,1.234136456290106,22.850508874050057,2358.5055084664896,APPROVE,0.18437854871974568,0.552399766279026,0.36466184046277994,0.5056151432948321,0,0.0014778911602682536,1471.702911765027,8.774722861309705,7.766207345754304
63331.38307331425,3416.228277086245,2.9112957347723336,54.66614162505907,19885.656797603613,REJECT,0.053942107550872836,0.7443302506865522,0.3139937236896184,0.1717935852889671,1,0.03462082356396666,9945.650812089822,11.056152058256387,9.897804273135185
1436760.0825215229,101753.81509474716,0.8485869548332698,35.10850322437097,549044.3373835094,APPROVE,0.07082171639691477,0.4590462745691109,0.3821405842650731,0.18532895827622708,1,0.5044249598985439,86346.9600939191,14.177901889944918,13.215936298837008
185083.07145954744,38864.33877113087,2.004536327169747,13.941057604626684,58600.61421858263,APPROVE,0.2099832170746379,0.6671699420116537,0.31661790436296405,0.6632070207688495,0,0.02580253760858788,77904.97889816348,12.12856544115561,10.978517521577905
18854.56698950677,1616.0048077397944,1.0430511862516152,5.369951548994858,5130.134174085763,APPROVE,0.08570893241086672,0.5105360028523321,0.27208973703511,0.3150024449463412,0,0.0010124811121092919,1685.5757317013058,9.844563480282856,8.543082000295207
38925.022762485,7027.882559375793,2.343072064491142,38.06987361056626,8893.962202470064,APPROVE,0.18054922157037495,0.7008739325060848,0.22848958256851298,0.7901857911453664,1,0.014818706968562188,16466.83529739793,10.569418271565361,9.093240350790184
633614.1791046539,61863.906413189725,0.4795336160832145,27.942240442944836,186583.87334686305,APPROVE,0.0976365562093453,0.32411133540357745,0.2944755333766687,0.33156084340785186,0,0.17704599740601354,29665.82274735043,13.359197076115615,12.136641499516022
37769.86103910854,2639.670569166603,2.9124810307277795,30.66911814390244,8649.05079618053,REJECT,0.06988827855186903,0.7444077064792861,0.2289934502863257,0.3051977183822641,0,0.011583683304871976,7687.990460068132,10.539293212351835,9.065320472299495
250926.95985283653,24750.039714291088,1.4159896700125538,34.30330836467325,63501.85619381701,APPROVE,0.09863443819989082,0.586090945498619,0.2530690852471952,0.3897530119237826,1,0.08607624880841837,35045.80056783664,12.43292116437944,11.058840163299427
178285.89274114443,34668.29558571593,0.7845463437047454,47.611454437072105,88465.61108861884,APPROVE,0.19445338637113185,0.43963349367325216,0.4962008475738638,0.39188443010909163,1,0.08488450659017721,27198.8845442488,12.091149288760642,11.390380483974772
44214.11251563463,9777.477609798229,0.3131405672570367,25.54704259647891,14733.51589322576,APPROVE,0.22113929362125717,0.23846690526905484,0.3332310670719856,0.6636214791266326,0,0.011295398158024291,3061.7248850751926,10.696821921745592,9.59794804042277
11850589.588963868,2560248.45616591,0.5922979247538681,50.120060178320834,4261016.123435225,APPROVE,0.21604397291339833,0.37197682390085607,0.35956152995150503,0.6008539705082931,1,5.939522633474515,1516429.8474413634,16.287888263034635,15.265018451116365
578294.2173121129,74852.498543599,1.6073444508124513,15.400666296079905,267221.40645405685,APPROVE,0.12943670592369097,0.6164680122381226,0.46208555862116457,0.280114155287437,0,0.08906116261776566,120313.74816350093,13.267839773858112,12.495836573618602
2834.766435454278,520.511386007985,1.0773092116507303,6.323234040516468,1413.614878078792,APPROVE,0.18361702731412927,0.518608017337317,0.49867067014720623,0.3682130077149435,0,0.00017924891621578018,560.7517109154913,7.950067527227445,7.254612602063046
236312.09092110084,21503.6580371953,2.5037617610595677,44.834545888275386,88573.15916459404,REJECT,0.0909968590831642,0.7145924671266487,0.3748143348034044,0.24277849226575973,1,0.10594945284356401,53840.036716430826,12.372912861221966,11.391595436768423
43322.48531145786,4706.101913236885,1.3495738186192372,10.997586339778064,19224.012615730622,APPROVE,0.10862954605220267,0.5743908992875716,0.4437421463132515,0.24480330965794186,0,0.004764427726665247,6351.231929858401,10.676450152898399,9.863967450588486
895257.5037768135,205253.1486758336,0.8212713905041267,29.980310270744265,266860.4223543286,APPROVE,0.22926716370422395,0.4509330101961352,0.2980823073010026,0.7691404625122908,0,0.26840097735440877,168568.5388183521,13.704867786588885,12.494484785246716
33354.85183711832,1754.4780383155453,1.8897204611516871,53.63077304756033,9730.383687648246,APPROVE,0.05260038470214721,0.6539457662276946,0.29172318723418733,0.18030923493209017,1,0.017888464889114938,3315.4730476461596,10.41498850333103,9.183111373460788
129382.33241486269,8681.775253406999,2.1496539289677927,6.705426999363957,41507.29049129863,APPROVE,0.0671017061708936,0.682504801304402,0.32081111629836806,0.2091626591532637,0,0.008675637850153028,18662.81228390171,11.770534846066884,10.633648457141911
446848.3516410328,40921.14367021754,0.5844215329127546,33.73425781481131,179522.29886590954,APPROVE,0.09157725102920548,0.3688548285747991,0.4017521788020948,0.22794462820901565,1,0.1507409749838206,23915.197512291597,13.009976795854099,12.098060277183224
919431.1001375024,50850.46168623084,0.5860957272361212,6.163751556213369,372054.6966344436,APPROVE,0.055306440774763946,0.3695210302706209,0.40465750677652973,0.13667469365718865,0,0.05667144874303501,29803.238322283985,13.73151147596873,12.826798844183644
14756.031388581658,1273.2549644662868,0.2063471381072746,26.69105924136806,4346.7111754981415,APPROVE,0.08628708701795947,0.17105121037633295,0.29457183039483525,0.29292375615924593,0,0.003938541079601196,262.7325179984979,9.599474952491184,8.377404819056382
83366.14146836696,13889.49212416572,2.2355658436903574,1.4681933127792124,20004.78750784278,APPROVE,0.16660831219393843,0.690935048671598,0.23996297724098864,0.6943084058613676,0,0.0012239761141606216,31050.87417899111,11.33100952352365,9.903776886067284
62950.8396456418,8453.347843699088,2.0250331301032345,9.291290127017373,24533.13052910768,APPROVE,0.13428491011849958,0.6694251080926598,0.38971887693965257,0.34456865721516844,0,0.005848945148870055,17118.30944377739,11.050125262963542,10.107820509913903
44061.494298043486,10069.564616430744,1.4764295396744602,16.208459011388985,10508.567633145229,APPROVE,0.22853434221539495,0.5961928316638254,0.23849775865662942,0.9582242764151968,0,0.0071416892431038735,14867.002651359075,10.69336423014851,9.260041324408723
5558887.079104099,1186759.6446041355,2.548094302010672,5.558771864927384,2076509.7746271836,APPROVE,0.21348871234768815,0.7181585620671611,0.37354775246879907,0.5715165221493871,0,0.3090058509563223,3023975.4882720076,15.5309086604543,14.546199530879928
365844.41337037645,43302.61437086384,2.436443443555154,36.287314213680425,149274.2661711148,REJECT,0.1183634703395752,0.7090014672362961,0.4080266384168927,0.29008760506131415,1,0.1327551118129044,105504.37087268839,12.80996615532058,11.913547304505983
13072.0558728556,1331.8423169511582,1.7975276567505811,32.618555306964204,5361.9409623810925,APPROVE,0.1018846866862585,0.6425415142592255,0.41018344891833547,0.24838809794722602,0,0.004263915774644666,2394.02339915048,9.478308587465035,8.587267790602567
1020419.009065556,128510.02063162925,2.6179867134884502,55.16768599767246,434740.9811684509,REJECT,0.1259384816334534,0.7236031861941794,0.42604163319787913,0.2956013493051278,1,0.5629415547818467,336437.526563732,13.835724874098656,12.982507987350509
11345280.427237872,1906676.352884044,0.6969395091066279,10.991865606237472,5239906.558813306,APPROVE,0.16805898850296153,0.4107038025613177,0.46185782646969936,0.36387602173498557,0,1.2470579772127512,1328838.0814042212,16.24431248216764,15.471814414693771
1283280.850573115,132964.2299292371,0.4245668962534108,21.718481039517947,449132.5102526983,APPROVE,0.10361272816457527,0.29803226325840876,0.34998769758943654,0.2960467721528922,0,0.2787091082154866,56452.21041378107,14.064931300354639,13.015075472753301
7795.173725983631,1362.8285198125711,0.8822738733992699,7.822097883115157,3266.760533889252,APPROVE,0.17482978156982681,0.46872768403565945,0.41907475685887136,0.417180416401704,0,0.0006097461190053145,1202.3879969540308,8.961388344368858,8.091860177251393
61792.1649254938,8149.2947131986975,0.2655518826590131,17.67688055025618,23836.440119427232,APPROVE,0.1318823304382481,0.2098308937766107,0.385751820609751,0.3418838833470288,0,0.010922927183296835,2164.060553433056,11.031548037418057,10.079012737873102
2050967.720218731,328994.5756039692,1.640391631202993,59.54379734962468,525031.2915923306,APPROVE,0.16040943617039605,0.6212683042233441,0.2559919819393048,0.6266189860916378,1,1.2212240630332585,539679.9485319315,14.53382278594784,13.17121504747715
39523.90938926221,5423.680553422646,2.8161565076553883,39.717268660938096,8209.388436670686,REJECT,0.1372253058270633,0.7379562400037961,0.20770689346082244,0.660668038217743,1,0.015697817277439012,15273.933285965162,10.58468636958326,9.013155513954635
395394.3326038984,43055.73512395023,0.2140962679386779,10.55672064555032,112830.68190715558,APPROVE,0.10889315190838353,0.17634208554332823,0.2853624157030801,0.38159598432081876,0,0.04174067514133164,9218.072203393993,12.88764138540998,11.633652446581308
766253.3260119787,183663.76650596148,0.4541187506290777,3.118591055550576,255093.48050738027,APPROVE,0.23969066139243134,0.312298256543778,0.33291011190128583,0.7199861248537388,0,0.02389630768786836,83405.16018151787,13.549269411909252,12.449389267311666
25492.486912292883,5167.866488368388,1.4113771820219625,2.7957961979081927,9817.966946012277,APPROVE,0.2027211588319522,0.5852992192778855,0.385131783328597,0.5263682916010833,0,0.000712717979846128,7293.80884141911,10.146178283318298,9.192071196834291
144487.6459720205,11273.30688583276,2.808237550830924,36.797659433535934,65740.1160453129,REJECT,0.07802263515329051,0.7374113388011184,0.45498779915096155,0.17148291734170917,1,0.0531680718883172,31658.123718836385,11.880956208859386,11.093479823729309
249.0030934451052,55.70039718357313,1.0168527044325766,15.912957130042498,64.46035584957714,APPROVE,0.22369359517958257,0.5041779710525063,0.2588737150118497,0.8641031599880398,0,3.9623755512399254e-05,56.63909951408501,5.521473291566113,4.181444705196009
20977.898651538304,3093.9513878721496,1.570980945196338,73.8086963835553,4985.710960771315,REJECT,0.14748623964990273,0.6110434027648413,0.2376649369695431,0.6205637294692871,2,0.01548351352336385,4860.538675710911,9.951272385412135,8.514531845328525
98210.03683483212,22481.303272531568,0.2205612912461371,24.369917696780018,48029.02770628918,APPROVE,0.22891044537881827,0.18070480591839364,0.48904398424229834,0.4680774178900929,0,0.02393370514662593,4958.50527868557,11.49487387942052,10.779581671512528
13419.090497629772,2817.6205377938586,0.5301952827900577,17.097774059130703,3118.776015540517,APPROVE,0.2099710511894631,0.34648864021024456,0.23241336781292218,0.9034379268514205,0,0.002294365774075016,1493.8891178306892,9.504508153992486,8.04551648833565
4260182.713689704,575306.5799579348,2.961227356580656,8.072398199878913,1463574.358395602,APPROVE,0.13504270089384668,0.7475529905298839,0.34354732103215685,0.3930832599367187,0,0.34389891269144035,1703613.5829922932,15.264822842594958,14.196392875688382
9318.13000286605,507.7808873435693,2.898844219664532,44.777919975228045,3500.5336855309056,REJECT,0.05449386166402349,0.7435137328759335,0.3756691186379906,0.14505813483310534,1,0.004172464795871074,1471.9776901320326,9.139824555990534,8.160956347363706
67501.90013455933,7002.341463051915,0.1143259447097879,19.735165471552502,24463.520655561504,APPROVE,0.10373547187698923,0.10259650262344258,0.3624123262722315,0.2862360476091168,0,0.013321611687997403,800.5493029439284,11.119925840894089,10.104979210462057
211394.46184788036,33469.41775772067,2.860254177727393,26.14729695537015,47734.90883085348,APPROVE,0.1583268429321734,0.7409497007296241,0.22580964710988294,0.7011518106448692,0,0.05527393768657194,95731.04196762395,12.26148588505389,10.773439199338636
2906751.167355037,513610.2693624807,1.9534478196649512,27.91904822094437,631079.1481262102,APPROVE,0.17669564396522947,0.6614126739122673,0.21710807420108583,0.8138603072015355,0,0.8115372600767161,1003310.8608436662,14.882546922158868,13.355188151089957
9212.123779717029,935.7448448809288,2.616963054108064,24.92464228769709,2133.9426730873643,APPROVE,0.10157753708664044,0.7235249613998067,0.23164502823831065,0.43850514668564344,0,0.0022960888991943504,2448.809687125472,9.128384244351038,7.666195074289286
1666652.204362172,129784.23182705468,1.4187455813381915,38.88004532026781,626121.7421245229,APPROVE,0.07787121481456483,0.5865625522107449,0.3756763051617838,0.20728274246902487,1,0.6479951323872548,184130.80543200532,14.326328104314946,13.34730170454365
166120.0704838147,36045.737481424265,1.5952284828798258,8.983097773481848,60351.99742715822,APPROVE,0.21698604735985982,0.6146774719078537,0.3633034662902963,0.5972584010153041,0,0.014922728352938033,57501.1871167769,12.020472141763264,11.007965892685139
22856.31436343704,5642.77685861452,1.5176550827450686,23.93537041475697,6173.998779392584,APPROVE,0.24688043614071042,0.6028050042066634,0.2701222376110233,0.913958207677144,0,0.005470743506049957,8563.788980272579,10.03702644853287,8.728263963826942
410120.7668195164,63625.3304760696,2.033906346883702,20.045204994057464,160493.47939731518,APPROVE,0.15513803646053717,0.6703919351277415,0.3913322425536775,0.39643561043722975,0,0.08220954843217247,129407.963477851,12.924209386829748,11.986014824682233
242345.43171487935,20438.40971482583,0.5049886387933075,40.099694375353145,108090.9701892816,APPROVE,0.08433585716966072,0.3355431567896784,0.44602025061669487,0.189085264745385,1,0.09717977745029677,10321.164700989808,12.398123517479876,11.590737719548061
48999.542763026,5118.564036245521,0.186923410630766,46.74355152035755,10411.113558918794,APPROVE,0.10446146530387379,0.15748565489278657,0.21247368795397814,0.4916442422108293,1,0.02290412651617469,956.7794471869925,10.799586653827866,9.250725172597315
187138.4825159885,10045.244786106488,0.9929968306144537,12.791579245418196,65393.481022604414,APPROVE,0.05367813530949336,0.49824305556386983,0.3494389830644128,0.1536123269326215,0,0.023937967289705746,9974.896235350108,12.139609513602123,11.088193145850848
75310.34636512383,17536.749278914296,2.1435742119362757,40.373494198452505,30635.73103958672,APPROVE,0.2328597613120998,0.681890761095138,0.4067931236308071,0.5724279683828583,1,0.030405418320557754,37591.323515472766,11.22938608457633,10.32995492885429
204236.65837237245,15021.65045646076,0.6853750111565502,8.948655761560051,56306.73513013648,APPROVE,0.07355021657802825,0.40666024274694046,0.27569357812090617,0.2667824803150569,0,0.018276435496657025,10295.463849186592,12.227039586771166,10.938587195989511
611861.5736366233,101142.73426894937,2.05295405664226,24.781566399063276,178866.27185699498,APPROVE,0.16530329510285072,0.672448395407616,0.29233127158794475,0.5654656588907594,0,0.15162888214111325,207641.38661732973,13.324262983397356,12.094399311771658
3882670.0505682616,406946.7020412312,2.9127449337110844,26.449203451846,1491300.06246277,APPROVE,0.10481104413744122,0.7444249454176561,0.38409137089681505,0.27288049687947397,0,1.0269353010386915,1185331.9446610305,15.172033889845391,14.215159493191289
13689.289289282277,2201.7250633031736,0.3723120757893133,45.49932251283338,6425.48665635882,APPROVE,0.1608356005031587,0.2713027760651093,0.469380588033121,0.3426549895834414,1,0.006228533883445299,819.7288286357618,9.524442049489636,8.768183269201469
11594793.850162262,2090356.7150546147,2.050546142852866,38.95079338725104,5136230.77631974,APPROVE,0.18028407767037286,0.6721898462860812,0.4429773260908698,0.4069826310554559,1,4.516264196254392,4286372.899241828,16.26606683555813,15.451830251121818
3280.7403781603007,708.47050668197,1.3868756359832564,9.718177285658085,1230.0777322897002,APPROVE,0.21594836074144036,0.5810422692642481,0.37493906572987507,0.5759558831808164,0,0.0003188281662317875,982.5604845299371,8.096129163755794,7.115645269836424
120142.01855213252,10967.074579890064,2.617612537694765,38.28986050331805,50347.49705901495,REJECT,0.09128425435212066,0.7235745980034596,0.41906651532717476,0.21782760257247702,1,0.04600221130948204,28707.55192215378,11.696438133376786,10.826724047830586
527885.357395994,27555.17525804912,0.6137343893974191,29.7838427885603,163352.40350071876,APPROVE,0.0521991657316961,0.3803193347243422,0.3094467410623396,0.16868545958020062,0,0.15722454495065252,16911.558661737647,13.176636307318066,12.003671252445574
285496.1250466736,22090.86964417706,2.1086152614558773,59.03979088514873,111997.17737754175,REJECT,0.07737712601376145,0.6783133595208357,0.3922896584296273,0.1972448785000079,1,0.16855631521275882,46581.144870544114,12.56198723813844,11.626237876730013
46845.06567549578,10774.539761083788,2.5305343399795195,17.60983318750709,15920.505311022416,APPROVE,0.230003728369621,0.7167567558609836,0.3398544773382671,0.6767712174075363,0,0.008249337922032947,27265.342862897254,10.754622307096453,9.675426009640823
107339.87694062458,24127.64452406988,2.839381236474668,21.44134952920709,27584.2918423046,APPROVE,0.22477801551250304,0.739541363983379,0.2569808409372683,0.8746878354537477,0,0.02301511819906008,68507.58114197479,11.583764815444276,10.225038005396971
60718.16134200935,10290.673092181883,2.0814192820399726,62.04682337798468,24926.109588344607,REJECT,0.16948262043406162,0.6754742187054869,0.4105214821631772,0.41284714149671314,1,0.03767369032623631,21419.205399237282,11.014014600083636,10.123711228694615
50074.66577941154,8517.869505193921,1.541806815624439,48.72331449600043,18374.36737587342,APPROVE,0.17010337208673068,0.6065790705048791,0.3669393912046466,0.4635734842429658,1,0.024398036890523785,13132.909257707557,10.821290456090397,9.818766317125988
890202.4556006439,162913.57892914474,1.89175699658352,9.620692451496076,273814.2349860711,APPROVE,0.18300733490925108,0.6541894767847178,0.30758647458607735,0.5949784858242747,0,0.08564364044900385,308192.90277767106,13.69920531738139,12.52020883304258
332378.93646832474,28276.890638606725,2.619824454988283,24.965580347196685,157348.77252173686,APPROVE,0.08507425572468992,0.7237435095445155,0.47340175702358916,0.17970836496166775,0,0.08298033044115743,74080.48960605114,12.714033980539805,11.966226456808235
40708.0365218853,9480.18480424656,1.7547682652526062,34.1237799092246,8397.263354290291,APPROVE,0.23288238918499202,0.6369930594113686,0.20628023534801998,1.1289612346625986,1,0.013891120788094909,16635.527443221854,10.614205374350965,9.035780219920143
983821.4938280426,131590.1633654967,0.1881224731208269,40.09150563139554,289963.6227775288,APPROVE,0.1337541049784146,0.15833592695767118,0.2947319453748488,0.45381611012101924,1,0.3944288496009494,24755.066970690874,13.79920076731054,12.577514204098906
300919.79359274154,38104.78304729019,2.799751216970236,11.793590761943248,65318.98026210312,APPROVE,0.1266277056498995,0.7368248753934584,0.21706441933329398,0.5833646345118755,0,0.035489248978012256,106683.91270903754,12.61460236489234,11.087053244912022
827135.8572147167,127199.88105733854,2.099627577991527,55.72754113921149,355633.84007738484,APPROVE,0.1537835410565675,0.6773805965915517,0.42995819486648806,0.35767091520216476,1,0.4609424751065008,267072.37818523,13.625725446668422,12.781659753293315
573353.4712897248,34053.29358107738,2.061888818754015,6.294278801876782,235437.4180683052,APPROVE,0.05939319335501101,0.6734042092335235,0.4106322362341378,0.1446384090535593,0,0.036088466003213825,70214.10527657131,13.259259427970488,12.369204663840886
31008.29344452248,2581.647370892574,0.7254579419533798,12.295220654768162,9284.058738525291,APPROVE,0.08325667375121588,0.420443711964427,0.2994056656208951,0.27807314059525773,0,0.0038125381002820495,1872.8765885370806,10.342042227072664,9.136161799940764
53084.37562630992,10489.829525159774,2.010767863674706,53.02969759506505,21377.01811451888,APPROVE,0.1976067232852741,0.6678588169931245,0.402698870662122,0.49070592862693385,1,0.02815048386486057,21092.612104617372,10.879656757363298,9.970118482177478
725478.8584691192,48287.679541272846,1.2422067763970597,27.09993961105075,231268.997759644,APPROVE,0.0665597335850253,0.5540108028721273,0.31878116785878496,0.20879443422614666,0,0.19660433253607162,59983.28274265879,13.494588588645493,12.35134112843423
551689.4248986094,94134.99932450944,1.988575633420327,27.708902751884185,235503.0507598926,APPROVE,0.17063042189327765,0.6653924401921418,0.4268761374267303,0.3997188105239659,0,0.15286708623758483,187194.5659087584,13.220742343479332,12.369483392969629
156091.36877782433,15463.944110606804,0.409119787893173,30.1184192228817,52486.51863349432,APPROVE,0.0990698219362642,0.2903371249259533,0.33625509882101184,0.29462697304405466,0,0.0470122528192394,6326.605534523337,11.95820321855532,10.868330680000613
205798.90190259076,26313.26707219625,2.0077513833488045,14.014940155761469,66613.79495985487,APPROVE,0.1278591228083953,0.6675257118869284,0.3236839183494996,0.3950122806853155,0,0.028842592942862347,52830.49836462857,12.234659625718177,11.106681978401959
2095556.6740449744,225772.6510712134,2.998299804734933,7.373378490111674,1006745.1886582962,APPROVE,0.10773874735413999,0.7498936926101031,0.48041897464649036,0.22425997522978366,0,0.15451332505213172,676934.0956213073,14.555330268776904,13.822234092918897
49854.16000344436,6039.0609032728735,0.2398149126956124,32.915651051709325,13723.042036930192,APPROVE,0.12113454329298984,0.19342799496918897,0.27526372996721005,0.4400672159293185,0,0.016409821341494584,1448.2568632818702,10.816877280633822,9.526904466996834
486112.2106482644,94213.0094377524,2.9338051342418203,35.9768584824016,114787.71894338296,APPROVE,0.1938091810368491,0.7457932038128944,0.23613420199896967,0.8207586169058845,1,0.17488790209060004,276402.610800851,13.094196819476164,11.650848490995378
108620.41965889222,11885.718071096471,1.2800330860963247,30.977747327024048,40772.07941306576,APPROVE,0.109424343124635,0.561409873348762,0.3753629339778375,0.2915161120599503,0,0.033648159147484785,15214.112383016472,11.595623901461925,10.615777324309141
105307.25493800684,17194.666317663425,2.6251850059780515,18.035041428788407,51684.436748555614,APPROVE,0.16328092805937944,0.7241520092489165,0.4907965436852536,0.33268557034519586,0,0.01899220705558936,45139.18019992586,11.56464708952238,10.852931333166275
1465275.3045522156,212772.74484050885,2.368917903768993,11.049325801614986,459146.60160020506,APPROVE,0.14521008043981992,0.7031687834003776,0.313351764118156,0.4634091684419729,0,0.16190304229058053,504041.16468675307,14.197554386439753,13.037127009463187
848166.8885752087,154989.12590130445,1.744347156861337,22.685261894516533,185418.63635033157,APPROVE,0.18273423307252962,0.6356146132970718,0.2186110290886345,0.8358875297112349,0,0.19240887997585832,270354.8411103642,13.650833876988616,12.13037683993767
828207.7204399196,196588.3105912924,2.241502706828847,63.89059701703223,249946.11667949823,REJECT,0.23736594786495163,0.6915011059860268,0.3017915801928702,0.7865227641979105,1,0.5291468571302178,440653.230321292,13.62702047942711,12.429004641186056
2215431.198022336,435364.17569316487,2.647695127773909,24.313915351568323,779343.2709184479,APPROVE,0.19651441944205011,0.7258542819585163,0.35177949629586763,0.5586295435387448,0,0.5386580661593866,1152711.6067900967,14.610958065687953,13.56620816678791
169737.37749344102,15783.552110560537,1.2720069327879957,21.596804604807858,42192.79144916971,APPROVE,0.09298807571815138,0.559860497972648,0.24857690198966412,0.37408172269367906,0,0.03665784975858356,20076.787708653603,12.04201357470245,10.650028367143001
636605.8241271288,35800.56428526778,1.0483961685333922,24.85571743584797,253006.6762911491,APPROVE,0.05623662701225693,0.5118131856710226,0.3974306654169476,0.14150047267555121,0,0.15823294482519043,37533.17442800814,13.363907513419436,12.441175108321112
87506.33649532017,8965.269966990818,2.0360208181343955,23.74704597128737,43694.08543088205,APPROVE,0.10245280885996501,0.6706214944156773,0.49932481670306017,0.20518268956956714,0,0.0207801699553331,18253.47629298837,11.379477914491657,10.68499091322353
311244.0795259861,52605.100533705176,2.44275323162965,53.19284493276698,104429.18712141596,APPROVE,0.16901558614005097,0.7095348017358063,0.33552184279443314,0.5037394428105925,1,0.16555958058467574,128501.27932891094,12.648335917884243,11.556274061307821
125456.44070184894,7563.161939078687,2.310626890852186,39.04389243462244,38442.1827831727,REJECT,0.060285162696850074,0.6979424039709317,0.3064185670190638,0.19674121997019667,1,0.04898307775993579,17475.645356304976,11.739721862126938,10.556936658386382
197598.39266678883,29496.1541575415,2.41365958169004,16.973758904288573,63273.22832377039,APPROVE,0.14927324944024728,0.7070592494448675,0.32021125005034,0.46617115862350317,0,0.033539874770010164,71193.67510535655,12.19399699074254,11.055233389744654
535156.2561869363,90638.64972100836,1.3631916129575057,20.4026175015018,125517.61056064996,APPROVE,0.16936856978337786,0.5768434542011123,0.23454385351856039,0.7221189864605642,0,0.10918588398517769,123557.84710947177,13.190315919485197,11.740209317879824
31683.73173108818,3702.205340434352,2.4717192269075627,25.49263267105989,14732.367496039811,APPROVE,0.11684877816339216,0.7119582735120112,0.46498208042786715,0.25129737915033257,0,0.008077017346690354,9150.812121911447,10.363590194973728,9.597870098130725
10689521.829566771,2182612.6576024173,0.4486062605747645,28.906082696293733,3468190.7359613064,APPROVE,0.20418244074916445,0.30968129351917245,0.32444769665640566,0.629323132367299,0,3.0899220198929416,979133.7026101692,16.18477464492047,15.059143902540363
21762.97122686355,1552.127504500016,1.6790183840864636,14.078969013769074,6881.066807194511,APPROVE,0.07131965062675436,0.6267289519399858,0.3161823234274524,0.22556495206196608,0,0.0030640019755055984,2606.050614501772,9.988011185553093,8.836674293836392
14351.686988101152,933.255134295576,0.1167001154445525,18.846863488275694,5710.637889478187,APPROVE,0.06502755634716177,0.10450443573035255,0.39790708187914237,0.1634239733559525,0,0.00270484285491205,108.91098191151507,9.57169245021689,8.650261107310694
1649894.2402431406,322781.59894618543,1.0412989067107838,56.51992012277928,548771.3666053979,APPROVE,0.19563775124072072,0.5101158401092102,0.3326100262793371,0.5881895787363233,1,0.9325189066957593,336112.12608902156,14.316222353099407,13.215439001730676
792799.3070359863,118204.9997779239,1.162738451127054,54.41384134079767,312735.5748677155,APPROVE,0.1490982632412397,0.5376232389640659,0.3944700406423538,0.3779710697381442,1,0.431392557081505,137441.498357257,13.583326649278348,12.653116501325362
567070.9085741524,106428.13991008764,1.2489008056668407,20.74958132489381,123867.50278672347,APPROVE,0.1876804792855472,0.5553383246250021,0.21843388703923625,0.8592095385448827,0,0.11766483934440797,132918.1896793317,13.24824139755065,11.726975820502755
571883.7517655431,78328.32554246447,2.1168548994006,19.37947313120766,253983.29796522963,APPROVE,0.13696546772074925,0.6791637621012421,0.44411700311666824,0.3083995135506416,0,0.11082805801514575,165809.69968641107,13.256692767134151,12.445027725055269
158816.77437584032,15767.393942528724,1.2268184936840028,39.1736597857107,76573.69610037828,APPROVE,0.09928040664782137,0.5509288238640319,0.4821511858638208,0.20591136049982095,1,0.06221434287663145,19343.730485895358,11.975512750850447,11.246021963039862
27051.324745425783,5784.126796298428,1.401211505605339,5.49042835324885,10675.25389246189,APPROVE,0.21382046353484,0.5835435580474188,0.39462961584781575,0.5418256890716923,0,0.0014852336037522796,8104.785016853506,10.205528223111385,9.27577729185103
189398.6091752489,39751.5815846292,0.7888779795355496,51.3200034727355,92117.75962263127,APPROVE,0.20988317579379587,0.4409903797576891,0.4863697786576432,0.4315300518322976,1,0.09719937280605047,31359.147363824846,12.151614396243332,11.430833889044049
42010.57187813923,7937.44779837087,1.1824301957250862,16.80138488305095,10310.64181388154,APPROVE,0.18893929417088534,0.5417951960347754,0.24542969431098896,0.7698306217644411,0,0.007058357872816939,9385.477953785323,10.645700380224667,9.241028809132272
1144226.552634956,119490.46606954926,0.7590819190631393,34.9845138296325,392726.9947253578,APPROVE,0.10442902744599254,0.4315216425323813,0.3432248568441061,0.30425834657256356,1,0.40030209654890336,90703.05229382239,13.95024034078792,12.880872525841282
121283.40026824085,20381.206457506883,0.3122681789284866,6.470899156806993,46153.43015281668,APPROVE,0.1680461333738174,0.23796064245302706,0.3805420201836341,0.4415967868482045,0,0.007848126525304448,6364.402224851186,11.705893482113153,10.739748229967722
31225.97646539457,3815.651305363938,1.850000920805996,39.92098512519557,11694.78375150837,APPROVE,0.12219477938800538,0.6491229203823574,0.37452099422635604,0.326269504972403,1,0.012465717419947238,7058.958428397886,10.349037630521225,9.366983692720513
85581.83371861707,5846.644040140094,2.037817115809547,36.02074853627584,27423.71731043702,REJECT,0.06831641466532684,0.6708162598743176,0.320438533726713,0.213196627355656,1,0.03082721711651678,11914.391295043362,11.357240001348503,10.219199977357837
371707.6393557399,86779.87470459574,1.896522003427882,33.681581644063755,112042.09518370178,APPROVE,0.2334627150924486,0.6547583623336704,0.30142532280987844,0.7745292031741583,1,0.12519701202682562,164579.9418319805,12.825865598834012,11.626638854694905
52709.49528006735,4077.802960133022,1.44413272702166,12.566751557557144,12547.348121419607,APPROVE,0.07736372618379228,0.590856916670574,0.23804720676512567,0.3249932113680496,0,0.006623871319088373,5888.888709073899,10.872569866125868,9.437344312105493
31431.291141862966,7545.001941456167,1.2013787625197665,18.6745643052941,9980.14953324754,APPROVE,0.24004747076416047,0.545739235325697,0.31752273516868346,0.7560008912011785,0,0.005869656676271409,9064.405095635846,10.355591023789664,9.208453546364517
264970.67089723,36884.223321802936,2.603667583758293,30.90542956810058,65924.2377716032,REJECT,0.13920115459159116,0.7225049267843144,0.24879824453164556,0.5594941188336465,0,0.08189032407026699,96034.25661507992,12.4873781969793,11.096276617913553
265649.5245768098,23118.57113473882,1.6053371768950324,16.11047165510067,111655.0727630675,APPROVE,0.08702658576772393,0.6161725212121021,0.42030970294766556,0.20705347784597766,0,0.042797391358856636,37113.10171928861,12.489936906568687,11.623178646860076
59048.45454190754,9352.1054185929,1.48962744512622,15.601939383489905,15509.034108830409,APPROVE,0.15838018947567167,0.5983334767787709,0.26264928064837706,0.6030101780012254,0,0.009212704084516004,13931.15290124962,10.986130584358586,9.649242455319063
63444.66507043635,14248.984489883982,0.1743619908386635,48.91720840330514,13803.629867644802,APPROVE,0.22458916717528166,0.14847380296610582,0.21756959158536016,1.0322635876584227,1,0.03103535903328429,2484.4813030854093,11.057939150405694,9.532759312533962
258874.8125790688,50854.65667595446,1.0896187001158535,4.05952160464261,94673.06663655191,APPROVE,0.19644497728191224,0.521443792618932,0.3657098413451702,0.537160762639965,0,0.010509078945625363,55412.18490209151,12.464103737578787,11.45819539411619
8989.669080052467,1899.6270164229636,1.2025672944789856,50.13100171730704,3403.2093131371435,APPROVE,0.21131222957228998,0.5459843599300567,0.3785689198158205,0.5581869469767792,1,0.004506611160901322,2284.429321658951,9.10394254961868,8.132767978148623
9750.48641286901,1772.2159738708408,1.2565860646010114,12.5480123667906,4500.570219739379,APPROVE,0.18175667334214346,0.5568527096364877,0.46157391838415157,0.3937758744654065,0,0.0012234922409090406,2226.9418962294085,9.185175004974125,8.412181552613665
38681.29997649572,7289.696490587375,1.7824998707592636,37.83262469877855,14431.779644554306,APPROVE,0.18845531290357048,0.6406109446728819,0.37309448372530457,0.5051141764999213,1,0.014634151048716341,12993.883052346253,10.563137409446192,9.577257262777469
106202.79402986188,23347.529876342287,1.6474473855079477,32.22129037148612,32247.868390747964,APPROVE,0.21983913031306387,0.6222776681138322,0.3036442561170338,0.7240022687217609,0,0.03421991064699312,38463.8270528488,11.573115112480107,10.38123823294932
303099.11135760223,30289.785891808355,1.8629247691009891,12.136225357209524,133637.4785815876,APPROVE,0.09993360177183719,0.6507068537766648,0.44090356445789614,0.22665637075243084,0,0.03678479121005805,56427.59238861548,12.621818430441413,11.80289351195204
3111801.677373004,460188.76843123935,2.318161458472172,16.47667199410821,1126732.5652955547,APPROVE,0.14788499272862807,0.6986282878288738,0.36208366795622626,0.4084276807163434,0,0.5127213554879072,1066791.8665990746,14.950712755256294,13.93483335450958
904664.3287352764,85257.27467549095,2.4576586422766717,42.10690230658029,202449.4793904009,REJECT,0.09424188836392045,0.7107869505181816,0.22378408538935754,0.42112864371007813,1,0.38092612510304313,209533.27792317636,13.715320351785799,12.218250589402185
118198.76553971332,29258.166138639943,2.182556921056834,22.30656431040991,43704.604420636926,APPROVE,0.2475336015993294,0.6857872381217524,0.3697551680939741,0.6694527161724978,0,0.02636608364922678,63857.613003319304,11.680131400362601,10.68523162047249
156681.06486589817,37417.29777103396,2.8710187182693105,74.75416808203147,74017.00675757462,REJECT,0.23881186793732267,0.7416700685841455,0.47240556362649866,0.5055229792469933,2,0.11712562658257027,107425.76228769506,11.961973966566415,11.212063677147073
21915.32122960759,1268.5763087203698,0.1528744897614487,17.653263115212866,6988.659794464321,APPROVE,0.057885362273701176,0.13260289053067806,0.3188937876494662,0.1815192534805031,0,0.003868769319206732,193.93295591908856,9.994986899860963,8.852187163723578
156838.78788383183,29974.250357848818,0.6677561584822836,16.939987569774235,45310.37145336709,APPROVE,0.19111503450313772,0.40039196083075185,0.28889774056994,0.6615317728899656,0,0.026568471172105687,20015.49027234334,11.962980103968677,10.721313305430149
91370.93619708029,21476.707805262547,0.1219323374366121,10.123676310915997,22206.868820443036,APPROVE,0.2350496634831331,0.10868065155800996,0.24304083710540603,0.9671200374494795,0,0.009250097822845986,2618.705183138794,11.422693666499024,10.008201956428632
310344.1495958937,26725.30786410015,1.9776766710483489,15.521976788527784,76168.89943371915,APPROVE,0.0861150690254667,0.6641677017109011,0.2454336565806072,0.3508690300475727,0,0.04817154686482856,52854.01788941584,12.64544034290025,11.240721643078698
31117.88810050945,5090.545631336426,2.704288591954962,25.16719879928031,10263.658006953923,APPROVE,0.16358904611052588,0.7300426316211385,0.32983144530254577,0.4959777135878295,0,0.007831500760392806,13766.304477649266,10.34557024823594,9.236462012478539
459867.1987812839,107193.96772483604,0.8060986600712678,69.88438963940432,174153.52338856392,APPROVE,0.23309765951760836,0.4463203909577451,0.3787039472484589,0.6155142063113442,2,0.32137538502012647,86408.91375071307,13.03869520302081,12.067698249551364
3490228.713568571,198207.28151249635,2.788400179909289,16.287619472878653,782455.6032773867,APPROVE,0.05678919571715977,0.7360363339376823,0.22418462155088054,0.25331441257789844,0,0.5684751715991967,552681.219428776,15.065478112519289,13.570193740788103
130938.06486398166,24810.67528124351,0.2747754318397264,3.586107451957101,63095.2008289774,APPROVE,0.18948405344936797,0.21554810751504433,0.48187057670754974,0.3932260291633598,0,0.004695579701535669,6817.364014638912,11.782487340255678,11.052415837984157
363459.6058506073,39787.85089646969,2.809864477735992,18.689261626561333,155030.09125847372,APPROVE,0.10946980147451016,0.7375234720699964,0.42654008523355885,0.2566459877143041,0,0.0679279166442886,111798.46887944631,12.803426195531479,11.951380964550493
647120.6184725458,151995.19845677304,1.11970579299494,28.021975907890237,243309.05353766272,APPROVE,0.23487923907530614,0.5282364169099636,0.3759871754850988,0.6247001344454498,0,0.1813359838033671,170189.90421946434,13.380289528727998,12.402091849486593
72952.15222288357,17815.7653948622,0.3941204025027278,50.39853388745347,32721.34565347609,APPROVE,0.24421164903307357,0.2827018396654995,0.44853160128169717,0.544469215402502,1,0.036766815159676614,7021.556628317259,11.197572763749157,10.395813476823093
254787.45419656183,60856.823678695546,1.5090281016403444,29.05356993774629,57086.66472784352,APPROVE,0.23885329782268677,0.6014392986088026,0.224056027043634,1.0660427258944971,0,0.07402485119760138,91834.6571077231,12.448188888453165,10.952343343021713
166905.7901808261,24175.1092182804,0.844652046389473,21.37032540043946,57257.30893926085,APPROVE,0.14484284333149278,0.4578923423757373,0.3430516633199373,0.42221874667434345,0,0.035668310473817265,20419.555472909553,12.025190792949529,10.955328045195754
197867.36215546387,44007.38919112492,0.926131415689576,17.420404077010232,76975.9319084144,APPROVE,0.22240853019786272,0.4808246250207237,0.38902793805849906,0.5717032337261563,0,0.034469294024003026,40756.62565237867,12.195357250975485,11.25126107034608
34682.150275023654,7592.265344686014,0.991140898286231,39.91960073625364,15558.269439753603,APPROVE,0.2189098797070141,0.497775370461881,0.44859587183548677,0.4879890642134459,1,0.013844975916536936,7525.004693759517,10.454009265149073,9.652411845457495
170931.87230355918,19455.481884062254,2.428775103714724,26.593194966384743,74362.35009833197,APPROVE,0.11382009464865113,0.7083506588353948,0.43504086801478026,0.26163080992377974,0,0.04545624606137729,47252.99003078323,12.049026198784786,11.21671849324567
440645.7671201677,95083.90735298891,1.663567702358238,40.20401338219225,124755.9710496446,APPROVE,0.21578309483013544,0.6245637011161265,0.2831207749140199,0.7621591700420641,1,0.17715728318105592,158178.51728645535,12.995998851884911,11.73412289221
2964702.4035830423,170178.44489754096,1.0027923275524109,10.54043592980552,1429769.3907693466,APPROVE,0.057401526943098524,0.5006971086103129,0.48226405086776136,0.1190251001288882,0,0.31249255735907483,170653.6388580548,14.90228755289201,14.173024423448444
1108525.8772722622,187622.4118906817,1.8699679716016635,18.96220786800949,263057.3503416464,APPROVE,0.16925397569641057,0.6515640558030608,0.2373037524292611,0.7132376709755747,0,0.21020098111904212,350847.90099022986,13.91854255426893,12.480131150968537
12071585.160010124,1158893.5113751902,2.176836955247261,35.48328182831716,5583592.033073942,REJECT,0.09600176745754062,0.6852214910342581,0.46254008558634563,0.20755340012496992,1,4.283394583471703,2522722.2227577763,16.30636499786227,15.535343039871904
35077.13856174993,2599.685199761154,0.8906096021272478,7.851743073924757,17232.76941351837,APPROVE,0.07411337715545577,0.4710700723857348,0.49128207488138564,0.1508570756898663,0,0.0027541667975531903,2315.304601415376,10.465333382414334,9.754626075967739
931583.6565712808,60916.85182028519,1.2992923944235195,12.3504889954708,235826.7293957218,APPROVE,0.06539064032584184,0.5650835872700215,0.25314605696678766,0.258311905424705,0,0.11505513698844053,79148.80226232109,13.744642346881681,12.370856857269468
234845.7069863021,44446.37131686083,0.4534696706771479,24.13778454503064,97841.37599888678,APPROVE,0.18925775517562798,0.3119911476831049,0.41661981926113556,0.45426968767657694,0,0.05668655076560757,20155.081363851114,12.36668826958252,11.491113054601009
12988902.102872424,1532365.631463766,0.6253331136505729,46.885431030478045,2754759.81844574,APPROVE,0.11797499275361326,0.38474150830905424,0.2120856556333995,0.5562610653760517,1,6.089902737058563,958238.9715743631,16.379605943424142,14.828841179539241
32318.769169715983,6300.652456669464,2.07524177649845,54.91671814360512,10394.58384448514,APPROVE,0.1949533543057523,0.6748223155518439,0.32162684754174653,0.6061476390911296,1,0.017748407372415273,13075.377197278063,10.383434370583412,9.249136364610505
30350.137156536824,1914.221639286294,0.6261712083173181,13.208665662881735,10770.808113990988,APPROVE,0.06307126815978847,0.38505859968167144,0.3548849897593022,0.177723121517667,0,0.00400884814523299,1198.6304768590562,10.320589263875908,9.284687640366869
49080.38333038826,5548.933294738207,1.6229738126344746,29.89363140201345,18365.56374605907,APPROVE,0.11305806756612208,0.6187533420337067,0.3741935677728902,0.30213792353250857,0,0.014671908883481518,9005.773425415646,10.801235083643387,9.81828710279435
2326.705392708517,367.3827294932227,2.156234158995055,51.46805029932751,1118.6361513627114,APPROVE,0.15789825847506744,0.6831667266669467,0.4807811744745678,0.3284202187151566,1,0.0011975099018363851,792.1631907581268,7.752638251319429,7.0207590466544
56868.10718962113,11836.791298556784,0.409943076974757,40.08971368260079,22842.508680927047,APPROVE,0.2081446329677927,0.29075150881576795,0.4016752061882584,0.5181913888661548,1,0.02279826134903362,4852.410646438398,10.948507541032564,10.036422271977164
35658.209395012906,4056.139168697888,1.7452054369238204,28.42255949831302,12280.094867536089,APPROVE,0.11375050058641399,0.635728537270943,0.34438338536577107,0.33030194086047177,0,0.010134975781330586,7078.79613013122,10.48176272053235,9.415816356320887
219869.0834440033,38516.28682674233,0.8440320727339549,31.75441101133821,97380.56912218205,APPROVE,0.17517827528740182,0.45771008282008685,0.4429025108797669,0.3955233284621338,0,0.06981813244367098,32508.981404390852,12.300792121103116,11.486392242999582
322388.28482221684,73245.18357001369,2.8924879381889816,13.848346987034896,156409.85070885794,APPROVE,0.22719554964723743,0.7430949007730876,0.4851598462863227,0.4682900932266257,0,0.044645448327730944,211860.81000670238,12.683515053399194,11.960241482620685
6936734.429421862,1201252.5977266345,1.5022823754877817,20.09712364540104,1433266.9898711292,APPROVE,0.1731726376364609,0.6003648469909135,0.20661984460468727,0.8381220011455395,0,1.3940840952340159,1804620.606073637,15.752341822591815,14.175467702494492
1089084.1551351554,105196.70230531594,2.4373783943479586,24.188964316220723,538831.3359362169,APPROVE,0.09659189495072676,0.7090806174716497,0.49475638167681163,0.19523122596895218,0,0.2634381776592567,256404.16935563114,13.900848594574368,13.197159736446965
51338.31783395706,2817.4549074871543,1.6956569722531591,22.956119418903832,11594.227306082355,APPROVE,0.054880156311307604,0.629032918396827,0.22583964171910412,0.24300497420894204,0,0.011785285549619584,4777.437057889472,10.846212167113581,9.358348853299322
26988.62223051737,6045.985073708021,0.2258963452789755,21.568607571636463,11991.477586667172,APPROVE,0.22401977478018598,0.1842703472841895,0.44431603378062834,0.5041901658916748,0,0.005821070017891732,1365.7659317618793,10.203207709267833,9.392034864428645
435320.72750870406,23617.83945644961,1.9361389892226648,12.310958018220289,123674.80402973684,APPROVE,0.054253882170077414,0.6594166680560488,0.28410042576542377,0.19096726808453923,0,0.053592152008207695,45727.41981283352,12.983840640167244,11.725418937224863
11608.972691260587,2611.326200801195,2.8590696923993053,51.606248585607375,2782.1355494135782,APPROVE,0.22494033453683987,0.7408701890070639,0.23965389732616155,0.9386049509167924,1,0.005990955305287213,7465.963597678919,9.359619722515234,7.931333466560973
6343349.70616058,988214.1280498158,1.8446742784243604,26.23139249573352,2105717.3841116643,APPROVE,0.15578742680544239,0.6484659043094765,0.33195669191415045,0.46930045575261853,0,1.6639489587999405,1822933.1835890524,15.66291768935411,14.560167241989943
1721799.015538029,409467.1185415149,2.475647692337692,23.09942687514944,676988.9444702469,APPROVE,0.23781353970257926,0.7122838421729079,0.39318697383428397,0.6048357537979125,0,0.39772570453124995,1013696.3271054656,14.358880822230285,13.425411698712091
63681.45671400306,13357.608846258549,2.6641987437103825,9.595128593448145,20014.16187149522,APPROVE,0.20975664715473308,0.7270890391203518,0.3142855535070425,0.6674078550989868,0,0.006110317661889611,35587.32470717672,11.061664398825668,9.904245358903099
5290.832801296413,1320.5221451732891,0.7614313386519042,34.035335737121706,1144.775495846753,APPROVE,0.2495868221066675,0.4322798862172276,0.2163696224848097,1.1535206247549368,1,0.0018007527072109956,1005.4869447187816,8.573919930120535,7.043836975680819
2440576.276631405,293216.6011767253,0.7149300357338573,15.694670027434334,927024.446190328,APPROVE,0.12014236309034203,0.41688583256279754,0.37983834189761506,0.31629867193008715,0,0.383040393385142,209629.3551570364,14.707745158070034,13.739736294214751
129433.21457094172,26331.590012054323,1.871844867667876,16.200257717108478,60926.929974094455,APPROVE,0.20343765778622538,0.6517917763392057,0.47072098283320235,0.43218310890192996,0,0.020968514332030567,49288.65162159859,11.770928035457072,11.017446968828136
1935028.521144443,252300.9823299275,1.2919825624394436,19.459935313145536,609465.5030835097,APPROVE,0.13038618272184843,0.5636965060782739,0.31496460978417556,0.4139708991787791,0,0.3765552985056253,325968.46965660853,14.475633140735038,13.320339268367801
6708.594083217919,979.2878535711624,2.535597778313489,38.89033363849212,1777.105454249663,REJECT,0.14597512406078178,0.7171623972235301,0.2648998332892481,0.5510578177729141,1,0.0026089946214155908,2483.0801058444245,8.811293733831539,7.483303724916656
49082.113198026,8613.964495514056,2.7100670578542325,32.40072686151163,16333.212057192108,APPROVE,0.175501092643674,0.7304630928751019,0.3327732037798446,0.5273894972618698,0,0.015902961435150357,23344.421416818594,10.801270327905806,9.701017086397442
164470.64763496703,36962.38054056359,1.1249219999778826,5.6960686861772745,35280.40344926614,APPROVE,0.22473542283726775,0.5293944907105256,0.21450881331463428,1.0476745424330582,0,0.009368361057888321,41579.79504163436,12.010493479530135,10.47111128963751
178788.9229335973,44128.09085365984,0.7869246210259979,50.684432743868825,79766.01203960464,APPROVE,0.24681669383985907,0.4403793040660941,0.44614627534408247,0.5532192186284779,1,0.09061815139776659,34725.48117161708,12.093966780701516,11.286865315009262
66162.49608816016,13474.302152297736,2.3635239942071995,30.439250526781684,29634.33041922568,APPROVE,0.20365468277290366,0.7026927705221543,0.44790224328505607,0.45468556102607594,0,0.020139367939047203,31846.83644215341,11.099884171230094,10.296722523787778
565632.5066054966,75542.11976503914,0.8969375030895946,29.72452247392276,212904.15412556764,APPROVE,0.13355335643346677,0.47283450384038883,0.3764001390288885,0.3548175002751968,0,0.16813156154576347,67756.56028014932,13.245701632625774,12.268602059726945
19240.238904854035,2583.413822851493,2.4855815236896674,13.67056096153261,5886.182963321434,APPROVE,0.13427140045541403,0.7131038269501014,0.30593086668151687,0.43889458396884995,0,0.0026302485886325853,6421.285666124163,9.864811114290793,8.680532887757378
122423.42726349282,24180.6420130561,1.3288409355814124,44.914011712217096,53858.35161583254,APPROVE,0.1975164603177783,0.5706018454410487,0.43993500933373497,0.4489673613766487,1,0.054985272459622744,32132.22695558867,11.715249198295274,10.894131327968445
207024.25999499345,20237.74538102957,2.035894707945264,25.181479605739423,75854.95324968958,APPROVE,0.09775542915366048,0.6706078121277091,0.36640610743651014,0.26679530490795456,0,0.05213177180957223,41201.91872198181,12.2405960937639,11.236591468838313
455375.51630748855,32830.217076538574,0.3770524101205377,16.951392607312645,203907.9086937976,APPROVE,0.07209482262627893,0.27381122704511524,0.4477796925650049,0.1610051188639217,0,0.0771924916068594,12378.712473489302,13.028879864104912,12.225428647093132
675514.4016753047,81686.1950116682,1.9091920415620616,8.014649270573642,263070.7328713598,APPROVE,0.12092443152815532,0.6562619498082155,0.38943763777490614,0.31051038676967657,0,0.054140110066489715,155954.6334217635,13.423231236530022,12.480182022531078
17166.51248220508,1844.503971231413,1.4101262683379645,23.25370523553835,7472.954400546255,APPROVE,0.10744779833081636,0.5850839795669274,0.43532164196383916,0.24682392964910696,0,0.003991850211833867,2600.9835018871086,9.750774067578014,8.919179508949249
7568.662590731771,826.9643668616477,1.801164543208875,48.41625365767797,2872.8289186354627,APPROVE,0.10926162409119802,0.6430056197789618,0.379568897965328,0.2878571576251187,1,0.0036644628784224757,1489.4988960883761,8.931903773540089,7.963400537600438
2095606.658320256,202690.3246230952,0.5872412024601039,16.93257626556566,679484.365675035,APPROVE,0.09672155020998198,0.3699760323446269,0.32424232046469975,0.2983002035988453,0,0.35484019564634933,119028.10995869523,14.555354120985692,13.429090975439332
316357.4499353972,18481.171323371167,2.2369338603381284,7.477892700140167,154187.48281380066,APPROVE,0.05841863792727238,0.6910656679603764,0.4873837579778413,0.11986168388058668,0,0.02365687065506865,41341.15791195898,12.66463118493554,11.945931047398464
36425.59358020694,1951.4934154660425,2.6021115248753626,18.52423234921943,13198.236395741813,APPROVE,0.053574786946682766,0.7223850530184234,0.3623341474636535,0.14786016532448673,0,0.006747561589379891,5078.003507102573,10.503054379734612,9.487914258093717
3621156.2940513887,896397.2443761913,0.7285454202632493,16.796351370450527,1381568.374368556,APPROVE,0.2475444779472063,0.42147889880284156,0.3815268555621615,0.6488258279550503,0,0.6082221348220559,653066.1071268709,15.102304227199893,14.138730638782986
205119.75711165968,27804.932113741703,0.377572211008469,27.633549496605447,54591.86273519491,APPROVE,0.13555462674717247,0.2740852406800966,0.2661462918244248,0.5093237475448168,0,0.05668186960876735,10498.369695125839,12.231354143774613,10.90765843405288
1721306.8694948915,218374.1630519245,0.1685518995343755,13.097855154707988,667342.4744228002,APPROVE,0.12686532943193635,0.1442399773613283,0.387695236828183,0.3272295281980984,0,0.22545428053447936,36807.37999163131,14.35859494908142,13.411060146511492
186285.73112720955,34636.00474938044,1.9617173512854715,15.42500262093677,69201.85089599268,APPROVE,0.18592945653861398,0.6623580573730404,0.37148229484488315,0.5005069127621574,0,0.028734578908803297,67946.0514960656,12.135042330903484,11.144797338676119
10034059.860390024,939697.5081396824,1.8605727046574645,8.993538353011882,2563215.836927717,APPROVE,0.09365077757301284,0.65041965255005,0.2554515193841075,0.36660881015233127,0,0.9024170219083473,1748375.5342793285,16.121495949424528,14.7567736045486
5447578.112728275,1307376.456362151,1.6854224968708031,34.65590425511273,1186897.2327482535,APPROVE,0.23999223679004505,0.6276191172282004,0.21787612920594313,1.1015077129592161,1,1.8879074549695882,2203481.691431999,15.510681868454204,13.986853935079171
98920.49276195836,20503.15189947705,0.7726465787363287,16.499025374641892,37719.1550658318,APPROVE,0.2072690028831104,0.43587175695627234,0.3813077959144313,0.5435739974475196,0,0.016320917201516308,15841.690168442201,11.502081812119533,10.537949847710095
1136134.0827735744,77123.28155905972,1.2336273881259925,14.543818446371128,487523.8613425936,APPROVE,0.06788220046245191,0.5522977532797011,0.42910768080509615,0.15819386018700632,0,0.16523727830593252,95141.39239340836,13.943142782086126,13.097096565745538
591698.1482810079,79001.26177198817,1.8239813720399016,45.1163889216197,211248.31625088956,APPROVE,0.13351615515698567,0.6458900154579806,0.3570204112766025,0.37397345064829834,1,0.26695283782048157,144096.8298397544,13.290753589219788,12.260794308532002
2513691.920466405,567651.113393943,1.5406238906915912,52.92063498589319,673749.3389079657,APPROVE,0.22582366151243294,0.6063958921020038,0.26803178759589374,0.8425256703242334,1,1.3302617258999148,874536.86687239,14.737263512885844,13.420614904222607
23627.181313734105,5645.630022400674,2.964578008623173,37.7177197138795,9449.84694062126,APPROVE,0.23894640445828205,0.7477663454155914,0.39995659300791053,0.5974308428353775,1,0.008911634024204342,16736.91060923179,10.07019540207866,9.153859639818021
641845.5131528636,92092.18822496248,0.4956752824145261,49.77153092263308,143793.7529912397,APPROVE,0.1434803022499739,0.3314056789213889,0.2240317179828807,0.6404463776014873,1,0.31945633805441054,45647.82140657997,13.372104478002973,11.876142235364426
1351666.6894228335,233408.88281288135,2.115919206738022,42.31845666292448,449496.9081980917,APPROVE,0.17268227784214152,0.6790674168195538,0.3325501114405864,0.5192669372266714,1,0.5720044821905877,493874.33816703985,14.116849713526262,13.01588647926361
4829.610140584386,402.8222750028417,1.2725244275024472,21.733647489695556,1202.6213540155,APPROVE,0.08340678921841505,0.5599607256591642,0.24901002751952606,0.3349535360051905,0,0.0010496504430812003,512.6011848832245,8.482728061770885,7.09309008638606
15267.519993890775,3789.913363067248,1.3417788832842827,10.54974346874187,3898.373673811422,APPROVE,0.2482337252273954,0.5729742004516128,0.25533771531796506,0.9721780619767697,0,0.0016106841933943511,5085.225720040553,9.633548471045895,8.268571222762136
2756.000034026264,265.4974450804517,2.181033520408711,17.711581607683303,718.4566460342478,APPROVE,0.09633434027668868,0.6856367612650883,0.2606881847474611,0.36953857486871355,0,0.00048813119513434135,579.058827303336,7.921898423365568,6.578496268826427
94957.65469048623,22651.802389338856,2.108064838840672,15.601042342477015,30007.769494844117,APPROVE,0.23854635482702513,0.6782563904384291,0.31601211711319344,0.754864582428589,0,0.014814383915685868,47751.46815333237,11.461196862065316,10.309244934422955
683570.1145966842,122994.31258964726,2.9746423817363463,35.83027272484148,147203.4484946106,APPROVE,0.1799293297984737,0.7484050377475359,0.2153450616861193,0.8355396143735744,1,0.2449250363255034,365864.094941693,13.435085974498577,11.899577705571707
3284464.241440445,563441.1662694702,0.4723434394169632,23.82117203777517,1048854.3479514415,APPROVE,0.17154735897577186,0.32081063885747174,0.3193380322787295,0.537196768426378,0,0.7823978774727357,266137.73838482663,15.004714408655667,13.863209982685502
188752.0562024127,28791.804939264493,0.4019179832140823,4.443763713492062,66726.16108557869,APPROVE,0.1525377022033017,0.28669150979334196,0.3535122341344103,0.4314920035986781,0,0.008387695381992959,11571.944174282438,12.148194858781048,11.108367361692476
4227963.914894098,406450.9237843249,2.200582569673349,17.74341564063494,1458598.02211247,APPROVE,0.09613396234355175,0.6875568812142661,0.3449882854898975,0.278658628095263,0,0.7501852105557208,894428.8183074163,15.257231327663023,14.19298695910319
10298.948520004693,878.5580487927288,1.7773220593185863,8.10503458688375,3242.4718272991054,APPROVE,0.08530560640110166,0.6399409291966128,0.3148352301209122,0.27095317880511693,0,0.0008347333396317324,1561.4806005112118,9.23989417614744,8.084399586720245
5395.039079349813,507.6582968457485,0.895065933023437,23.325972978998845,2437.176439023628,APPROVE,0.09409724181403507,0.47231387437556105,0.4517439824212258,0.2082977205577798,0,0.0012584453578555655,454.3876471233288,8.593420459582706,7.79900567781786
145641.67485759946,12712.719894125856,0.3303161700680611,45.63029734443914,35478.02183721112,APPROVE,0.0872876524288509,0.2482989965093498,0.24359800772615123,0.3583266269031979,1,0.0664567292949439,4199.2169465757,11.888911468349766,10.476696866630032
350855.9073807133,72247.15893967146,0.3484089238296485,11.099512270858746,123399.1884458085,APPROVE,0.20591689471335065,0.2583852106526587,0.3517090231344122,0.5854751546554882,0,0.03894329449275507,25171.5548959205,12.768133748047456,11.72318791756578
152452.82818646415,18298.15860522056,2.693153536525943,52.4107383079782,33328.08248120954,REJECT,0.12002505183334605,0.7292286957176779,0.2186124250869663,0.549031244612921,1,0.07990165282391935,49279.750559562366,11.93461706319633,10.414185642606329
2604.812044914853,160.37446237023244,0.6564152416843544,24.94485341513156,576.5665598045524,APPROVE,0.06156853531267928,0.39628664670874875,0.22134670366337295,0.2781542905030722,0,0.0006497665463437009,105.27224147675452,7.865499631106315,6.358823690827411
136183.69079185775,33204.37912532736,1.0377775301350105,35.76596696917246,50682.08898690128,APPROVE,0.24382052602816232,0.5092692969611131,0.37215975490312897,0.6551501682164085,1,0.0487074138660158,34458.75855834873,11.821767263970656,10.8333475833847
11980.80421229584,2716.7333412822754,0.7573035664582652,14.11241998676989,4430.567621199087,APPROVE,0.22675717699268513,0.43094635492293626,0.3698055274663463,0.6131795231571299,0,0.0016907814082318068,2057.3918484691467,9.391144462358127,8.396508665274283
621160.6963064336,146314.6856612061,1.1294892869126183,25.621935561558058,287852.1117269408,APPROVE,0.23555045663904262,0.5304038361940657,0.4634100538533371,0.5082981145540513,0,0.15915339334135978,165260.86997231958,13.339346707548149,12.570205600283291
338810.5878123602,84357.59023260884,0.3013291439636708,52.39791499617253,124466.16995510145,APPROVE,0.24898156452928705,0.23155490320140176,0.36736210269802194,0.6777551704454235,1,0.177529683799953,25419.400451630136,12.733199443690966,11.731797264973475
24840.74251093644,2105.974547494103,1.605273393633984,48.19498063691885,12120.724982843036,APPROVE,0.08477904984389745,0.6161631242066526,0.48793730612145503,0.17374988298762023,1,0.011971991043212686,3380.6649087626524,10.120280682980638,9.4027545748131
58236.41732843975,7526.963981597737,0.2960764344174232,26.39644320402215,12498.027519636977,APPROVE,0.12924840378053176,0.22844056612333005,0.21460845451997898,0.602252152971445,0,0.015372342824158912,2228.556657659829,10.972283336565164,9.433406121834896
19566.475678813757,3945.534722661671,2.4210338726848484,22.35141588845641,4488.594629942515,APPROVE,0.20164769514081823,0.7076907048525674,0.22940230543422227,0.8790133767798499,0,0.004373384353685336,9552.273209418125,9.881624062740377,8.409517693796975
143579.16082375485,27165.76929242668,0.7777650375402557,27.642704708167383,30613.913992326303,APPROVE,0.18920412361075847,0.437495968880333,0.2132197584711144,0.8873667476571622,0,0.0396891634489753,21128.585573534165,11.874648770228433,10.329242554576942
1099410.4515988808,88809.47615760786,1.6660345523530808,32.11292553414071,280990.6820285808,APPROVE,0.08077918126797101,0.6249110878486607,0.255583055100062,0.3160584383669159,0,0.3530528596365087,147959.65585495182,13.910285550580463,12.546080346555978
22664.336921416136,4831.28020935864,2.652229353928229,55.7406885681536,8213.125832245572,APPROVE,0.21316662499812356,0.7261946326222832,0.36238103328250343,0.5882389126915041,1,0.012633257459403618,12813.663188313505,10.028592028537622,9.013610613640166
446008.3848937532,42320.894634587545,1.9875443702368631,16.218908617481993,175580.85876998588,APPROVE,0.09488811436733213,0.6652769378214402,0.3936716544282283,0.24103364644108893,0,0.0723376923722252,84114.65587436194,13.00809527314349,12.0758606448804
56358.297798293104,5340.710847650065,1.6455775809988724,15.480747939205203,12042.390131714612,APPROVE,0.0947635229645246,0.6220107067801667,0.21367554738460062,0.44349259484501086,0,0.00872468602498039,8788.554037490432,10.939502506713799,9.396271251630289
33331.372030142666,5246.187453533438,1.040567884034589,20.960392282734936,16125.426703767169,APPROVE,0.15739488457868273,0.5099403416940923,0.48379126695367985,0.3253363492271396,0,0.006986386330735694,5459.014177772099,10.414284336790544,9.68821461550305
131391.8396640536,22151.085753029773,1.065705547868774,10.686653718771083,59474.465374649975,APPROVE,0.16858798696834065,0.5159038997442215,0.4526496129951143,0.37244699239400497,0,0.014041390919620323,23606.53497832079,11.785946890884654,10.993319159850927
20527.38967685518,3407.90061073395,2.041512170074751,36.441921405229,5932.081936648408,APPROVE,0.16601724156756226,0.6712161766640496,0.288983744647128,0.5744864361498341,1,0.007480575212584656,6957.270571218536,9.929564069374742,8.688299076486627
53782.39108413669,3673.1957278022096,2.983004147541386,6.985421523280302,12001.877198064894,APPROVE,0.06829736747955098,0.7489332265402545,0.2231562590679404,0.30605176733473427,0,0.0037569267225260705,10957.158090765291,10.89271998257907,9.39290166653615
14827.57964033883,3343.5031464034164,2.019333650563198,57.52524381494896,3721.22016047366,APPROVE,0.22549217252607606,0.6688010946344173,0.2509661219657172,0.898496461434261,1,0.008529601339960644,6751.64841429635,9.604311654438535,8.222075586574187
8280801.041568211,853916.2739402343,1.7175719103730722,28.165155884564697,1971520.6384066755,APPROVE,0.10312000851774122,0.6320244567648925,0.23808332412649183,0.43312570880837653,0,2.3323005218483437,1466662.605930184,15.929450386594036,14.494316207845307
174647.87866306902,13256.295184604674,2.218886479693814,37.94411536939452,41388.95089105192,REJECT,0.07590298425656083,0.6893335610595619,0.23698513378968408,0.3202858468072603,1,0.06626859257011505,29414.214155949525,12.0705328297338,10.630793398249006
40156.87686415784,9145.71328451894,1.4490962756227828,4.565963100292531,14278.520736297458,APPROVE,0.22774961597379548,0.5916861211404565,0.35556850659972017,0.6405224640161501,0,0.0018335481798473555,13253.019058510205,10.600573886039765,9.56658167344643
249686.1033832952,60206.88492624379,0.2744127935422771,39.07392159198113,68352.6276595368,APPROVE,0.24113029964595065,0.21532488918252043,0.2737542327480201,0.8808276578061226,1,0.09756215226206172,16521.53948308897,12.427963826489085,11.132449915499157
130007.04244422774,28916.884468245466,1.7306607660459383,32.5902940621004,39969.614087176,APPROVE,0.22242552345309016,0.6337882711633845,0.30744191495874335,0.7234716954028152,0,0.0423696774340135,50045.317425475594,11.77535159247976,10.595899815289526
104616.94346766653,22168.6666585153,2.8771133250656025,34.50841502829877,51979.09575061996,APPROVE,0.21190321494497558,0.7420761488876316,0.49685160001529677,0.4264919644788336,1,0.03610164904174307,63781.76624215191,11.558070359568967,10.858616150260348
555894.2737843588,100643.76668528872,0.6083785328372129,23.701367390107052,225300.7664908648,APPROVE,0.18104839612780438,0.37825581504375133,0.4052942746776035,0.44670849661476625,0,0.13175454413019844,61229.50711520672,13.228335198988454,12.325195967005953
740451.5043211918,118599.20896285029,2.1010141833799305,42.43518655493258,358892.5496102424,APPROVE,0.16017147412182786,0.6775248544945202,0.4846942001141004,0.3304588214262155,1,0.31421197720750244,249178.62016858862,13.515016770621036,12.790781104308383
56330.85469538823,3796.550441367865,0.6827076971112638,12.881200099088815,13675.27071531131,APPROVE,0.06739735198228203,0.40571972083046925,0.24276696650993465,0.27762159304949735,0,0.0072560901108399255,2591.934208793007,10.939015456881757,9.523417545482207
51449.88564984952,6775.468503652692,1.6539002849719358,32.99114686361586,16188.286814698677,APPROVE,0.13169064261413976,0.623196091555273,0.3146418424497708,0.4185414170881064,0,0.016973907335904276,11205.949289009563,10.848382954910921,9.692104994725415
93891.63768536084,11693.048926030966,0.3803617039754868,6.675553056618239,34403.73078297227,APPROVE,0.12453770340246278,0.27555219974593087,0.3664195409847063,0.33987735224978294,0,0.006267786089414027,4447.588014173874,11.44990725621575,10.445949356666924
1629.710499778426,166.150218739197,1.4060757151487369,10.571078303232644,363.4701257765008,APPROVE,0.10195075675206523,0.5843854814277185,0.22302741856662142,0.4571220767710725,0,0.0001722779730475815,233.61978763583545,7.396771088263223,5.89844458862895
7860.597305506391,1530.3327045572437,2.2928736537962138,53.57995621053333,1581.994203530944,APPROVE,0.19468402273771704,0.6963138871583662,0.2012562330883874,0.9673440655734425,1,0.004211704594176687,3508.859539822009,8.969745084307036,7.3670733981756
2504872.855408612,373664.7764613516,1.107957420293048,15.957134377575064,1004780.4003002788,APPROVE,0.14917514701575416,0.5256071159819821,0.40113030013907514,0.3718870076980819,0,0.39970592752495376,414004.6617824976,14.73374893411083,13.820280563677091
4368522.577699493,289236.57369090826,2.0282440010129323,12.287989871766325,1714845.430526473,APPROVE,0.0662092431815296,0.6697756192481501,0.39254585504043055,0.16866626492517756,0,0.5368036118935389,586642.3454621197,15.289935655912885,14.354834089690272
98906.27078283195,9300.8134179174,2.4068048862902147,30.995644773932675,31970.130939480063,REJECT,0.09403664038996226,0.7064698351161126,0.32323664299988353,0.29092196824354516,0,0.030656636350990554,22385.24318071719,11.501938031418526,10.372588616451042
515614.1152919959,96240.27835256889,2.7888156764904126,50.067412401716936,178863.04217976614,APPROVE,0.18665175273191917,0.7360652812421052,0.3468932228096097,0.5380668760841196,1,0.25815464550470785,268396.396979445,13.153115865544533,12.094381255330402
303306.85933153745,19783.54534461958,0.7804620373808152,19.253338124350865,98463.38538856452,APPROVE,0.06522617189806004,0.43834803606873285,0.3246329001776269,0.20092286352483293,0,0.05839669518145015,15440.306106277538,12.622503606072685,11.497450192118867
76880407.02564414,16932247.15430457,1.2580161558469936,67.98139772747848,15929736.690631997,APPROVE,0.22024138280975375,0.5571333724027786,0.20720151345346666,1.0629332727302476,2,52.26437527460745,21301040.474909432,18.157761629917694,16.583698215374763
1527510.467750901,227643.82400441504,0.5420064386582105,16.580692395614125,459187.1852752623,APPROVE,0.14902930540279485,0.3514942772416968,0.3006114818652387,0.4957538696728932,0,0.2532718119685834,123384.41833116945,14.239150477528938,13.03721539472632
126016.082545506,18413.13168700672,2.978202156259288,44.5325731706341,31897.78014314798,REJECT,0.14611731546532963,0.7486301699307554,0.253124676619187,0.5772543294352751,1,0.056118204166344124,54838.02849372964,11.744172752502037,10.370323048015058
24074.756413579995,4056.152443316288,2.7883028069804565,28.710346659034748,5525.812796061876,APPROVE,0.16848155693190356,0.7360295491275497,0.22952725673041066,0.7340372526204684,0,0.006911946023657018,11309.781243239444,10.088960655220733,8.617366580454835
6549.260093897968,1407.67303276106,1.6658756778136228,20.515210248463084,3189.595306386074,APPROVE,0.21493619318502982,0.6248887341887845,0.48701613016680495,0.4413328016700665,0,0.0013435944779818588,2345.008267590789,8.787260036832972,8.067962794790178
244489.4094276131,29231.604038079277,2.541896553691622,35.69482999794101,92859.01344859932,REJECT,0.11956184158043863,0.7176653849594429,0.3798079175126497,0.31479554813771504,1,0.08727007905815645,74303.71356327181,12.406931361882798,11.438848406400515
35857.158647656244,6655.20448197958,1.6107781340889225,8.720531597496315,15009.69492457632,APPROVE,0.1856032305118127,0.6169724317271533,0.4185968852709809,0.4433937208865314,0,0.0031269348498332446,10720.057857463302,10.487326397476453,9.616518220995943
9466.292223134333,1544.3914293870905,1.908398495208003,23.791157291652,2788.8560497284407,APPROVE,0.1631463927991582,0.6561681620838269,0.29460912297983527,0.5537723718430977,0,0.00225214047249331,2947.3142798544604,9.155598213206563,7.933745278404928
44660.92474492877,4618.192133007446,0.3584608531364481,21.25906368597829,14199.679258190848,APPROVE,0.10340565403388427,0.2638727883168843,0.31794413884820455,0.3252321442643515,0,0.009494494434271247,1655.441091945882,10.706876622202342,9.561045077529153
18711.694706989158,4223.71594836621,2.290284219440743,33.80474712276761,5072.313774164646,APPROVE,0.22572599727103154,0.6960748879712366,0.271077198169017,0.832700052957944,1,0.006325441078081976,9673.509983943322,9.836957433856872,8.531749487450645
4752984.384276968,995679.904876616,0.470369102542181,29.052756084271987,1088859.7728282744,APPROVE,0.20948520432138562,0.31989865791449285,0.2290897012896274,0.914424363653708,0,1.3808729598875245,468337.063276098,15.374283480539233,13.900642545099224
949109.5553784,172444.06337507,2.495596127732332,34.79181328972756,240798.10241893452,APPROVE,0.18169036693168508,0.7139257615985742,0.2537094912324751,0.7161354746685509,1,0.3302124244222163,430350.7368092536,13.763280567517493,12.391718264913736
160180.20110436904,35258.28053962198,2.3678814542441198,42.2199607705117,70359.8282686188,APPROVE,0.2201163458188484,0.7030774350029972,0.43925421358894573,0.5011137947212349,1,0.06762801806839136,83487.42859830723,11.984060960316091,11.161391970650012
3140486.4861544548,701769.4678345999,2.155359623454632,24.24964231836356,1266444.330709977,APPROVE,0.2234588401919605,0.683078913551808,0.4032637415551328,0.5541257920442372,0,0.7615567399489994,1512565.5759439408,14.959888596202006,14.051724581846706
189991.8803624976,36416.23680317799,0.2048651035218101,30.247633739273528,69171.98974440793,APPROVE,0.19167259534300693,0.17003156861543353,0.36407866279564305,0.5264592928111048,0,0.05746804810640703,7460.41612255781,12.15474187866421,11.14436574379785
29069.11639562049,6319.703393158885,0.9790722322414528,56.85546252018754,9956.956122947486,APPROVE,0.21740266567273445,0.49471273270939564,0.34252696186003045,0.634702344283115,1,0.016527380577261698,6187.446108243953,10.277465997522219,9.206127120981082
3423753.954364682,648781.832707579,0.8630264527414443,29.393240112032725,1632207.198765699,APPROVE,0.18949429233385673,0.4632389687604813,0.47673028509683735,0.39748742267415443,0,1.0063522206516264,559915.883684715,15.046248446616335,14.305444379142575
478217.09756381175,88961.84403939496,1.1443955816674054,23.718069472344744,106078.3481982134,APPROVE,0.1860281543520601,0.533668130754851,0.22182048433360047,0.8386428102478058,0,0.11342386342881551,101807.54125566839,13.077822178467606,11.571942660964664
20445.287429041327,3551.8018583490343,0.3541639656151317,43.48483136027773,5810.146769649847,APPROVE,0.17372227564303688,0.2615369885833966,0.2841802439713748,0.6113101784110502,1,0.008890598759642683,1257.9202312320883,9.925556601177716,8.667533208966583
111226.355636195,22305.703510753712,2.817177686790082,24.76647534198212,33921.9647727859,APPROVE,0.20054332791152824,0.738026342483178,0.30498135607121424,0.6575593029519504,0,0.027546847942423573,62839.130218650556,11.619331634467233,10.431847490944332
28247.591978164524,2308.42205890274,1.7060264980658912,59.15252921662858,12280.011924604149,APPROVE,0.08172102105861474,0.6304544686776936,0.4347277436638364,0.18798206981196827,1,0.0167091650978778,3938.229201207896,10.248798893851557,9.415809602589812
10243.519472933249,2316.819328645005,0.9860205009082682,49.414273786873565,5098.756746226679,APPROVE,0.2261741518397856,0.4964805249781313,0.4977543860485913,0.4543890685429465,1,0.005061760757766943,2284.4313549445055,9.234498156003765,8.53694812075659
