revenue,net_profit,debt_to_equity,fraud_score,avg_balance,expected_decision
54034.13861719222,803.4406262766036,0.04829295854517774,0,669.5338552305029,REJECT
32512.781211782185,775.3526645996583,0.04573846142440936,0,646.1272204997152,APPROVE
60970.829903601,154.87883473708374,0.15440014269964558,0,129.06569561423643,APPROVE
122813.70406956364,899.021254852114,0.10055925510594925,0,749.1843790434283,APPROVE
30111.947540010104,3218.9477685860975,0.11634806252000947,15,2682.4564738217477,APPROVE
30112.343039530668,289.552423671625,0.026130308488666234,0,241.2936863930208,REJECT
128459.66620921556,4701.298792092259,0.14708894852856177,0,3917.7489934102155,APPROVE
67100.56769272883,2398.8498979884785,0.09194144551193881,15,1999.0415816570655,REJECT
24944.795725156306,553.5405002419845,0.015072032065862712,0,461.28375020165373,APPROVE
56052.724453164854,1127.2985008611495,0.11474019619871637,0,939.4154173842912,APPROVE
25065.955397061934,9094.28138899374,0.06499737532789826,0,7578.5678241614505,APPROVE
25019.635038996603,3221.725237868006,0.0844715730928684,0,2684.7710315566715,REJECT
44071.55390989296,1350.1288251054368,0.03729780044997325,15,1125.1073542545307,APPROVE
7858.69471055999,1004.449517507149,0.0916440255278204,0,837.0412645892908,APPROVE
9136.802195145483,1464.6122220222578,0.011040407990741151,0,1220.510185018548,APPROVE
23159.72312200898,722.9200516943856,0.026045159852964815,0,602.433376411988,APPROVE
16150.965396421829,106.88093951725048,0.14393207092291394,30,89.06744959770873,APPROVE
46695.25656789534,15491.21548969358,0.0795781215967845,0,12909.346241411316,APPROVE
17563.54523706802,1609.7028988035745,0.053761871296285776,15,1341.419082336312,REJECT
11732.957473914112,2154.2364520357055,0.07478557976276397,0,1795.197043363088,APPROVE
117303.3994614017,1246.2889906349046,0.1139267533789991,15,1038.5741588624205,REJECT
30314.425266544447,552.9539616881001,0.06245040934254973,0,460.7949680734168,APPROVE
38331.318780738475,1068.8146716091976,0.23327278715788896,0,890.6788930076646,APPROVE
11616.728508257049,196.00520056487701,0.1003155964139162,15,163.33766713739752,REJECT
23493.846631575143,20535.671059429114,0.07968626827403236,0,17113.059216190926,APPROVE
39685.37741578479,303.6878938018455,0.005796775994799464,15,253.07324483487125,APPROVE
14460.920297656989,387.2441475707405,0.0446616610794375,0,322.70345630895036,APPROVE
49048.18271561822,787.6894094706846,0.06554764974879303,0,656.4078412255705,REJECT
22459.951032144232,6267.330446339671,0.010101709244741549,0,5222.775371949726,APPROVE
28757.244588384598,1359.4367059385224,0.10574334605137256,0,1132.8639216154354,REJECT
22440.77084025114,303.0967167493629,0.026096688569635686,0,252.58059729113572,APPROVE
159823.05046210074,6018.666125501287,0.058382643543234816,15,5015.555104584405,APPROVE
35925.48532353084,3211.8926698642754,0.05846979189586442,0,2676.577224886896,APPROVE
15581.370125097976,2549.205078586454,0.16674619451401387,0,2124.3375654887113,REJECT
70125.09024094403,3153.5875748799185,0.20343869426468647,0,2627.989645733265,REJECT
13675.006191125185,23638.905875930435,0.11903810585620093,0,19699.08822994203,APPROVE
42919.900393919146,18389.383273203955,0.0409306558794558,15,15324.486061003294,APPROVE
7572.389124227251,586.021510008212,0.04958631483005699,0,488.3512583401766,APPROVE
12549.688968686909,9377.578925341582,0.05299197999864044,0,7814.649104451318,APPROVE
42509.760556402456,2115.860225335237,0.06353374381400552,0,1763.2168544460308,APPROVE
65563.42436287261,2431.661108083576,0.05503603062218612,0,2026.3842567363133,REJECT
41651.58178695436,175.33350603050286,0.03687432972488257,0,146.11125502541904,APPROVE
33106.382716487475,1088.9312488165017,0.1164370563572524,0,907.4427073470847,REJECT
28541.574095692802,503.7230427119331,0.131472843024193,0,419.7692022599442,APPROVE
11127.584645167522,3608.637242401067,0.045948249948265074,0,3007.197702000889,APPROVE
20417.02995478337,4830.530173965893,0.05032298811189599,0,4025.441811638244,REJECT
25121.74245019867,110.83374500884068,0.14409338198292523,0,92.3614541740339,APPROVE
84600.69671608608,1301.110058441459,0.04285300716673489,0,1084.258382034549,APPROVE
47805.43579883072,5134.042875896842,0.113537164260997,0,4278.369063247368,REJECT
8862.355585581952,1067.8474286329274,0.14748077263947276,15,889.8728571941061,APPROVE
47064.16561716815,3204.4356865371105,0.028226555616709934,0,2670.3630721142586,APPROVE
26687.062480597546,2036.1447453786013,0.04155622955504473,0,1696.787287815501,APPROVE
21130.2808015024,2013.0518549627322,0.04962658281289839,0,1677.5432124689435,APPROVE
59239.33430555274,964.7190637673432,0.06687364284107328,15,803.9325531394526,APPROVE
82851.04351409052,310.29328846627834,0.08342797326765462,0,258.57774038856525,APPROVE
76498.32279247839,347.78300279486734,0.05356279948282809,0,289.81916899572275,APPROVE
18557.438434300308,3129.5294111403327,0.08973117214701631,0,2607.941175950277,APPROVE
28357.025721541115,1367.5345699241134,0.11193363754363345,0,1139.6121416034277,REJECT
47335.25970702338,1131.3877023917291,0.2388037761285947,0,942.823085326441,APPROVE
79255.81795274527,803.3149519936715,0.1533426503782546,0,669.4291266613928,APPROVE
24751.976161630584,926.2908631784718,0.11681683064077236,15,771.9090526487265,APPROVE
31303.11269376789,4692.445060208106,0.06359216651184872,0,3910.370883506755,REJECT
14986.903830980309,893.4782651306452,0.05137322489793219,0,744.5652209422043,APPROVE
13947.209072351825,267.23735967831436,0.1434038773084793,15,222.69779973192863,APPROVE
69565.26515719896,3261.0256376420343,0.052282205106067695,0,2717.521364701695,APPROVE
107472.6873232544,1044.781352415246,0.0671289883918197,0,870.6511270127048,REJECT
34282.55498443361,1387.2656710738986,0.04020376650103378,0,1156.0547258949155,APPROVE
81050.38832362126,9195.861958061989,0.06402488877500365,0,7663.21829838499,APPROVE
48499.502543509,1303.4139781107142,0.03348475933951297,0,1086.1783150922618,APPROVE
21674.770130629586,1890.19507071918,0.06943730091001955,0,1575.1625589326497,APPROVE
48490.175258079325,324.6367021192571,0.061314586236210104,15,270.5305850993809,REJECT
124297.01381214564,1026.398717907497,0.07458785867464267,0,855.3322649229141,REJECT
35289.44425896359,2776.221643659571,0.07044015827707302,0,2313.5180363829754,APPROVE
126971.11830429289,206.63757769929623,0.10966651380148786,0,172.19798141608018,REJECT
4465.8011974342435,1700.0773325497114,0.06963111980478852,0,1416.7311104580929,APPROVE
70089.06038016547,1507.735588766137,0.09977004941412587,0,1256.4463239717809,REJECT
38934.563407918744,1403.8305040835764,0.10945397840730019,0,1169.8587534029803,APPROVE
28589.48064766723,4637.847261952785,0.08738947515976168,0,3864.8727182939874,APPROVE
39081.661524321054,1995.6819985683146,0.08712345114476722,0,1663.068332140262,REJECT
7405.252822992619,7872.26565536859,0.05418522424706729,0,6560.2213794738245,REJECT
30462.82874687565,405.4945723124399,0.13225281313077766,0,337.9121435936999,REJECT
48324.311525050034,1572.661030818898,0.10770406012567807,0,1310.5508590157483,REJECT
118458.17643632503,1478.487745328128,0.019900821171291688,0,1232.0731211067734,APPROVE
23989.795355313603,370.2985286456051,0.0338522562775464,0,308.5821072046709,APPROVE
19019.21604192389,4208.951768272051,0.09088487173903577,0,3507.4598068933756,APPROVE
24308.81607888773,21742.472268881254,0.059367602839124,0,18118.72689073438,APPROVE
75532.75590237188,1308.9854069768783,0.08703280728253365,15,1090.8211724807318,APPROVE
47240.21812725662,2449.0126270332225,0.01425297820671454,15,2040.8438558610187,APPROVE
23770.291817336994,1478.5794547907292,0.10014821717043615,0,1232.149545658941,APPROVE
54754.45129089345,567.4276788684396,0.020292568609959084,0,472.856399057033,APPROVE
39248.24620269763,150.28035359990363,0.1583867045933846,0,125.23362799991969,APPROVE
78819.52248445261,572.7714246630957,0.04701722818447025,0,477.3095205525797,APPROVE
20709.70116738679,251.40491585018458,0.08153908311738027,0,209.50409654182047,APPROVE
27941.554901773314,10325.144373911497,0.03326567316598758,0,8604.286978259579,REJECT
26537.48332072904,1163.610877007818,0.007895804314761454,0,969.6757308398484,APPROVE
11261.98350883732,882.1055430320457,0.035475608070889265,15,735.0879525267047,APPROVE
46022.984864822436,3883.140439076932,0.060949811556495696,0,3235.950365897443,APPROVE
44749.887858471215,347.69080156695077,0.015021220653965568,0,289.7423346391256,REJECT
36464.36514607078,532.284468362952,0.23611637064889582,15,443.57039030246,APPROVE
30101.50029853283,1449.6850865017152,0.07450918750911473,0,1208.070905418096,REJECT
11704.204396457972,4591.3881967776615,0.03546247138373897,0,3826.1568306480513,APPROVE
25938.502888018338,2439.2282108147806,0.1241668784669071,15,2032.6901756789837,APPROVE
27607.103361957146,1799.7536583116307,0.06054829349359941,15,1499.7947152596923,APPROVE
19114.035452614713,1467.266154292413,0.10821740533584806,0,1222.7217952436774,REJECT
31919.469465391063,2159.6424047971323,0.03629684371878497,15,1799.7020039976103,APPROVE
50173.420103791475,1701.7261430497829,0.1354514400266645,0,1418.1051192081522,APPROVE
164217.7747857372,388.1718590583615,0.04169933055599168,0,323.47654921530125,APPROVE
41758.664858469696,1411.9259494783275,0.07912611350989597,15,1176.6049578986062,APPROVE
44624.58916166233,368.3334036927076,0.06535305069865778,0,306.9445030772563,REJECT
34215.81583220231,1472.4956457668056,0.15973971371312762,0,1227.0797048056713,APPROVE
7824.248932704794,750.4232473979433,0.07850779949659903,15,625.3527061649528,APPROVE
35553.32281502852,28132.277296169163,0.09958998854192598,0,23443.5644134743,APPROVE
38108.17739796025,1273.5220980711913,0.11172313863223984,0,1061.2684150593261,APPROVE
260561.36795352193,247.7270233138644,0.035189472287751815,0,206.439186094887,APPROVE
31135.72734913803,1137.284468003652,0.06416235699994075,15,947.7370566697099,APPROVE
46223.23505278972,2491.512916093956,0.12107887500080296,15,2076.26076341163,APPROVE
35320.9158424462,9951.232008018882,0.10083438158707693,0,8292.693340015734,REJECT
14257.773844631332,658.5707964380676,0.05777565717440605,15,548.8089970317229,APPROVE
90604.41772573607,200.03679771067357,0.1219457120325505,0,166.69733142556132,REJECT
66273.56814357525,3560.3684679496273,0.05447595296347117,15,2966.973723291356,REJECT
68379.308985377,254.85543426024876,0.045994640051939886,0,212.37952855020728,APPROVE
17544.39906152893,791.5779649084045,0.04158626419637998,15,659.6483040903371,APPROVE
111550.80861640962,980.7036501667859,0.09141626552267938,0,817.2530418056549,REJECT
11831.481123461035,1228.8754514380503,0.04903147491166913,0,1024.062876198375,REJECT
58074.71644379054,3054.6254307468853,0.15715662791642165,0,2545.5211922890708,APPROVE
209476.0099162863,588.1922017798502,0.2793384442479949,0,490.1601681498751,APPROVE
16441.61565931513,961.9281929781064,0.03602337262104911,0,801.6068274817553,APPROVE
23085.542073945264,1313.289691785346,0.055114736264089276,0,1094.4080764877883,APPROVE
39329.14366324134,1598.678222749095,0.12145627642101484,15,1332.2318522909125,REJECT
24275.417134199844,1502.3825845828155,0.0895404206776049,0,1251.9854871523462,APPROVE
10503.557151918994,2254.3609904899013,0.046932332493436764,15,1878.6341587415843,REJECT
38363.063200806064,3677.6245446932985,0.10604096408345781,0,3064.6871205777484,APPROVE
15524.225666736877,2140.031539062817,0.09194561208575629,0,1783.3596158856808,APPROVE
53043.83597285762,2302.4234824905507,0.11233751646173779,0,1918.6862354087923,APPROVE
17404.091697956184,200.0859665427525,0.16051615370802053,0,166.73830545229373,APPROVE
125485.75485926044,1418.9722855613168,0.10535080118124522,0,1182.4769046344306,REJECT
19407.160330019167,2375.169220358712,0.05430528830294801,0,1979.30768363226,APPROVE
28067.028040606187,3203.9648596890993,0.04379738866950313,0,2669.9707164075826,REJECT
69620.46036588201,582.0718990136454,0.06533978078274005,30,485.05991584470445,REJECT
13565.818289351819,605.8108309202552,0.08597560062175567,0,504.84235910021266,APPROVE
43563.1961421719,670.815473331943,0.015712470212455764,0,559.0128944432859,APPROVE
103333.22128210888,2543.030062133803,0.07029214934157064,0,2119.1917184448353,REJECT
10036.797942541923,4619.640526422905,0.18402367010962764,15,3849.700438685754,APPROVE
42095.96142096037,819.3102094496104,0.27870066226252993,0,682.7585078746753,REJECT
44707.9329332771,3971.7801884264295,0.08263169994655238,15,3309.816823688691,APPROVE
67877.39196974493,1549.349861926141,0.022453026815739702,0,1291.1248849384508,APPROVE
13499.92530296534,1150.8682936442165,0.0824163215348083,0,959.0569113701804,REJECT
12627.531002954482,1036.6543456654783,0.019224493603764155,15,863.8786213878985,REJECT
55135.73056017129,3272.6277829660758,0.04339572945677395,0,2727.1898191383966,REJECT
46054.821544783605,1974.574650194782,0.08890239294934447,0,1645.4788751623182,APPROVE
44373.347217297785,20504.618248783125,0.1069223564156362,15,17087.181873985937,REJECT
47913.78684683491,480.4606520241165,0.15481980935994227,0,400.3838766867637,APPROVE
21077.89674425971,2487.757420836607,0.018363286276721628,0,2073.1311840305057,APPROVE
43730.58219543941,707.9501596435634,0.06930876858127005,15,589.9584663696362,REJECT
45910.906336421685,470.72333516022275,0.06070137900386756,0,392.2694459668523,APPROVE
20506.94453526654,1318.6639482242817,0.12487755320161503,0,1098.8866235202347,APPROVE
161558.0191635084,1575.3580870802066,0.03338570729456072,0,1312.7984059001722,APPROVE
53054.04217605148,44321.41168791597,0.023497514564802483,0,36934.50973992997,APPROVE
14002.02445732509,1071.0983841563902,0.07417614303800794,0,892.5819867969918,REJECT
61404.77543388732,344.19227205565625,0.014155769186266725,15,286.8268933797135,APPROVE
16651.484720213135,1853.8647034902174,0.1032055509459568,0,1544.8872529085145,REJECT
68163.71628611829,110.81330650915162,0.10881662982087002,30,92.34442209095967,REJECT
91754.92685855384,1196.3933493804861,0.06731067724891364,0,996.9944578170717,APPROVE
18834.66144754326,1361.9125066373979,0.05559058184672709,0,1134.927088864498,APPROVE
78487.9903893201,3466.62010991932,0.07955231876675192,0,2888.850091599433,APPROVE
50525.060593525784,4297.383406377171,0.07950081131661473,0,3581.1528386476425,REJECT
70097.90088503026,730.0633887791967,0.16228338133215786,0,608.3861573159971,APPROVE
165617.20096871658,1115.076274803515,0.13896989945009708,15,929.2302290029291,REJECT
29842.520180356118,532.7593974169853,0.15902382527968964,0,443.96616451415434,APPROVE
19870.888863957658,345.067427939161,0.17550435635006795,0,287.5561899493008,APPROVE
17825.556345061523,1937.761349630884,0.09923483215030837,0,1614.8011246924034,APPROVE
18908.21517642974,289.77717010853564,0.04793774249378179,0,241.48097509044635,APPROVE
34143.19688681622,812.2942296547764,0.14909616926633074,0,676.9118580456469,REJECT
47711.206188129276,404.7243245142554,0.17141223855341045,0,337.2702704285461,REJECT
45313.15376743898,2583.847201362051,0.13712660232282023,0,2153.2060011350422,APPROVE
70385.78465401354,11604.300325669421,0.12075135570212395,15,9670.250271391184,APPROVE
36695.21020875951,280.2015953902239,0.05317834329730007,15,233.5013294918532,APPROVE
116172.01524383313,144.57417932011387,0.13856564672227353,15,120.47848276676154,APPROVE
29386.02597646393,1150.0384373552106,0.03751272299876827,15,958.3653644626755,APPROVE
320018.8992767274,1361.3774025014675,0.17336681885650296,0,1134.4811687512229,APPROVE
59906.1157492827,1736.811213773336,0.05921183412974147,0,1447.3426781444466,APPROVE
18293.003711205096,781.9808789100882,0.02518896638061296,0,651.6507324250734,APPROVE
15417.923905140671,1050.1074260220903,0.18722070145434475,0,875.0895216850753,REJECT
53422.0003776968,2076.475781057641,0.14375106381693412,15,1730.3964842147009,APPROVE
30370.583525660368,4656.093068636234,0.10948548054054505,0,3880.077557196862,APPROVE
64292.637110172596,127.91377225105956,0.09064906711784211,0,106.59481020921629,APPROVE
53028.781889842205,858.0716294134381,0.049325204611653364,0,715.0596911778651,REJECT
34260.106137520765,1726.7312679138006,0.12837710694441776,0,1438.9427232615005,APPROVE
18445.30278665013,444.00844453443864,0.03742835669015345,0,370.00703711203215,APPROVE
10808.868356208312,10666.022120946063,0.022825154478000244,15,8888.351767455051,REJECT
25407.20408906853,623.2346235699847,0.15777956432737372,15,519.3621863083205,APPROVE
72050.24742236626,1271.3869657946766,0.1346395795385876,15,1059.4891381622303,APPROVE
43099.858598283114,2603.5766758019645,0.14438022306663037,15,2169.6472298349704,APPROVE
13405.34754736578,657.1242780198331,0.17485192023299725,0,547.6035650165276,REJECT
41712.02521523124,145.69672709599507,0.03838422092771178,0,121.41393924666255,APPROVE
49427.088534285656,798.7351985123719,0.09649022814678129,0,665.6126654269766,APPROVE
17906.410407447667,4595.0897840921425,0.08564705955002852,0,3829.2414867434522,APPROVE
41067.81832943303,891.7098102903233,0.097252473704276,0,743.0915085752694,APPROVE
38046.598918329255,483.81071487559416,0.062060276780551094,0,403.1755957296618,APPROVE
14554.038027155226,4057.0912640641473,0.11607922701501604,0,3380.9093867201227,APPROVE
48350.40553235461,898.2828817479012,0.12839132401520054,15,748.569068123251,APPROVE
56875.93644556017,724.3117767968444,0.08414716737300612,0,603.5931473307036,APPROVE
86373.91457281294,1598.4060846530683,0.008437600779980509,0,1332.0050705442234,APPROVE
84376.28364486886,3368.8110554117297,0.059057561336147056,0,2807.3425461764414,APPROVE
12062.593605207414,23282.82271373272,0.1969636903532913,75,19402.35226144393,APPROVE
17149.76874193514,3605.0763780543894,0.12190297304271583,15,3004.2303150453245,APPROVE
54831.943504017014,5373.436176045781,0.17100508617693866,0,4477.863480038151,APPROVE
54777.16892841607,727.9668185335677,0.011817082323762216,0,606.6390154446397,APPROVE
54832.48827732034,390.0883218798246,0.009182862465630826,0,325.0736015665205,REJECT
791895.8760531221,1439.7323778012583,0.0689429380425172,15,1199.7769815010486,REJECT
57337.63013615332,1519.321002747441,0.11170478513001408,0,1266.1008356228674,REJECT
90079.91611492724,366.2073186270151,0.13150093179674935,15,305.1727655225126,APPROVE
77901.57195495287,1082.5357352619938,0.07200291544823761,15,902.1131127183281,APPROVE
61151.70365840968,2157.2639955941477,0.0875707445922651,15,1797.7199963284563,REJECT
28219.954252056592,2058.8173212700103,0.019216131965185044,15,1715.6811010583417,APPROVE
66647.67067570848,2446.8587329548086,0.0916570113520661,0,2039.0489441290072,APPROVE
19569.74105107831,1894.2392451598314,0.03317224188908026,0,1578.5327042998595,REJECT
30047.81167775507,727.0567360930299,0.13372880631497544,0,605.8806134108582,APPROVE
24629.720959003844,721.0685110470969,0.07086348990944426,15,600.8904258725807,APPROVE
38773.7717617822,316.9275596831513,0.12771265555065742,15,264.1062997359594,APPROVE
231359.221564277,11374.678208178157,0.0548524868010644,0,9478.89850681513,REJECT
8153.380014182884,1357.7108262653996,0.08716387594940336,0,1131.4256885544996,REJECT
62881.554739577834,1020.0340010159794,0.048267176458687666,0,850.0283341799827,REJECT
9994.870626694512,438.2828197824195,0.04007415604963463,15,365.23568315201624,APPROVE
24895.802834178503,45261.15281456963,0.058257645012726546,0,37717.62734547469,APPROVE
86782.51823780344,368.4928352169528,0.04703792006487515,15,307.077362680794,APPROVE
38231.84229402779,798.5498508119871,0.12481021594825367,0,665.4582090099892,APPROVE
15333.636796088855,2200.4542835428233,0.07102959068792106,0,1833.7119029523528,REJECT
20491.327617956158,2745.3681620046377,0.05590325859911845,0,2287.8068016705315,APPROVE
62547.29059613701,4217.228228184056,0.07539510072877663,15,3514.3568568200467,APPROVE
20245.882016122683,11690.655381548744,0.05171256194571273,0,9742.212817957286,APPROVE
43181.47538203405,2452.355066730227,0.060742646725815065,0,2043.629222275189,APPROVE
37663.904403731125,376.22145536514415,0.11518440431652709,0,313.51787947095346,APPROVE
21562.68863262902,981.4987663959251,0.06908137097562311,0,817.9156386632709,APPROVE
201824.79962764314,1932.9715364255794,0.059628666336273416,0,1610.8096136879828,APPROVE
60302.88452787997,15983.083438578884,0.13542131161502616,15,13319.236198815735,APPROVE
7185.970990179794,249.64710306577058,0.03071206017008811,0,208.03925255480883,APPROVE
42157.31316980724,5656.19516760535,0.04992849552638644,0,4713.495973004458,REJECT
21387.690563149736,1657.908505407313,0.05921128859292201,0,1381.590421172761,APPROVE
71822.03972105085,3651.2014225573616,0.1825098604791508,15,3042.6678521311346,APPROVE
19263.80853885436,1182.0686160002979,0.08806789904553666,0,985.0571800002482,APPROVE
33130.5417307021,486.139563734877,0.07439614379634066,0,405.1163031123975,APPROVE
54392.94969141799,3289.405874809121,0.01625958750690229,30,2741.171562340934,REJECT
72591.57558720198,2929.9251028955314,0.042443468130292865,0,2441.6042524129425,REJECT
13901.650795807063,4289.31903358977,0.10765268081959652,0,3574.432527991475,APPROVE
27789.096522622047,1314.8124942902223,0.03714849885442793,15,1095.6770785751853,APPROVE
24835.857406662442,650.4266154254206,0.09872225438276107,0,542.0221795211838,APPROVE
21532.88572110687,205.79293903616104,0.15005705948822934,0,171.49411586346753,APPROVE
149098.64192466735,3571.22098452679,0.05801722273003235,0,2976.0174871056583,REJECT
50210.79732807677,2221.8207268047777,0.05096934124968986,0,1851.5172723373146,APPROVE
13243.906469412024,419.25349943812654,0.01746450839274171,0,349.37791619843875,APPROVE
75681.54040019543,700.0323155505229,0.06785767069887334,0,583.360262958769,APPROVE
198337.41145576554,763.0353287706432,0.10309968847417665,0,635.862773975536,APPROVE
82948.25083705458,225.3903050831233,0.03212372567195143,0,187.8252542359361,APPROVE
10769.830450154648,500.7945970451333,0.013857016866646145,0,417.3288308709444,REJECT
24651.985939116174,342.6873374544687,0.07676525721492435,0,285.57278121205724,APPROVE
100060.36364942943,814.3905912456842,0.05746837264193708,15,678.6588260380701,REJECT
20616.859193265303,550.5831058150557,0.16983915555825488,0,458.8192548458797,APPROVE
51795.34412840669,189.61752215229694,0.02507286117887704,15,158.01460179358077,REJECT
67488.14573812915,15131.337201689854,0.12017614464504234,0,12609.447668074878,APPROVE
17299.89347128177,6005.696919048171,0.09126006588438304,0,5004.747432540143,APPROVE
34626.67837193577,524.5766735234537,0.06943891265366353,0,437.14722793621144,APPROVE
2716.191863023329,1852.5541416227943,0.13771181368682328,0,1543.795118018995,APPROVE
16002.334341639798,2204.757963622572,0.1519301564127327,0,1837.2983030188097,APPROVE
29671.59526825483,5578.738378307928,0.060240904900883144,15,4648.94864858994,APPROVE
13383.44071790117,500.2404460916286,0.09848167975499561,0,416.86703840969045,APPROVE
134044.75867792516,4953.962536683624,0.07480255870959186,15,4128.30211390302,APPROVE
11566.715482320835,692.23711036032,0.028649938276310863,0,576.8642586335999,REJECT
25539.06221538457,268.91087957225966,0.0858620582673319,0,224.0923996435497,APPROVE
40319.57902444933,3185.5453510975176,0.07067076578749583,0,2654.621125914598,APPROVE
115038.09705834313,6287.538992334294,0.10015661600357044,0,5239.615826945244,APPROVE
11513.899987765833,29819.137824539197,0.0988481623285738,0,24849.281520449327,REJECT
92090.86224349435,316.6333845233445,0.08005010779993556,0,263.8611537694537,REJECT
36614.017900761406,3090.593829015361,0.07062846508508161,0,2575.4948575128005,APPROVE
16560.789123043945,817.0116991918264,0.1350877417897162,0,680.8430826598553,REJECT
52558.53497622963,3420.169395352248,0.04954936527283322,0,2850.14116279354,REJECT
42584.59113842062,228.79523781157943,0.18231421919241772,0,190.66269817631618,APPROVE
22467.531426222722,293.562679771995,0.0727715181905719,0,244.6355664766625,APPROVE
38401.11090565079,526.5599125969151,0.06456826116864431,15,438.7999271640959,APPROVE
26682.12441236829,1468.7570263922378,0.07239453215847502,15,1223.964188660198,APPROVE
39767.8420587783,619.0074989056534,0.04263985823289443,0,515.8395824213778,APPROVE
61679.35429887514,2946.225444439454,0.03540258347012344,0,2455.1878703662114,APPROVE
129160.80441667711,4581.072632462315,0.01298732640312036,0,3817.5605270519286,APPROVE
13490.588874780957,2743.275590882163,0.11963729356386374,15,2286.0629924018026,APPROVE
200070.82337588497,9320.39300397426,0.15111437304991981,0,7766.9941699785495,REJECT
7618.46176644486,2200.4273321106302,0.13615054043094263,0,1833.6894434255253,APPROVE
32162.997473505864,310.1756824691315,0.15737546914664008,0,258.47973539094295,APPROVE
58142.59258289114,6860.027457424684,0.03176909891387845,0,5716.689547853904,REJECT
45469.33829668181,646.2764957954066,0.04460276349857356,0,538.5637464961721,APPROVE
22067.040278058998,3983.503974771019,0.09438905807784344,0,3319.5866456425156,APPROVE
30745.60080395687,8829.873495916283,0.05026955180271322,30,7358.2279132635695,APPROVE
24479.694384938204,2311.011346132063,0.14923872305169583,15,1925.8427884433856,REJECT
22663.436873098555,221.85507008105378,0.14167708800499623,15,184.8792250675448,APPROVE
71659.5475944974,443.882686175398,0.038330316180111276,15,369.9022384794983,REJECT
48320.55839703908,6533.5666475209855,0.00968273734468818,0,5444.638872934154,REJECT
20861.743869526428,1090.5829886731678,0.15508273336706072,0,908.8191572276397,APPROVE
74583.89665424894,1469.8316493116015,0.1426123520656798,0,1224.8597077596678,APPROVE
46436.4326575283,3320.943493750544,0.028661297997178023,30,2767.4529114587863,APPROVE
69583.98331610711,3080.977949071292,0.042509219376605636,0,2567.4816242260767,APPROVE
60096.27109192199,1866.7881790731133,0.017627123336192273,15,1555.656815894261,APPROVE
18709.823602843164,1040.0383448890877,0.11355303162584995,15,866.6986207409064,REJECT
23198.784588200007,918.0141203316875,0.085561553030562,0,765.0117669430729,APPROVE
66028.04692157212,3740.1967551570365,0.1661354565691707,15,3116.8306292975303,APPROVE
59177.472262697105,2595.9254088104326,0.11744310425557018,0,2163.271174008694,APPROVE
35713.30990760284,981.0808835462027,0.07503461021555538,45,817.5674029551689,APPROVE
39889.24057133985,4894.9027257306225,0.027198434667769514,0,4079.0856047755187,APPROVE
100924.89613910459,1144.329287047204,0.012293374152730456,0,953.6077392060032,APPROVE
22623.464275340415,480.78505436413246,0.022788139972104774,0,400.65421197011034,REJECT
56256.55828119249,537.3502240936851,0.049495511947312776,0,447.79185341140425,APPROVE
30891.794518335737,412.7845984166933,0.06246029561918522,0,343.9871653472444,REJECT
30511.380904925525,963.4522108405195,0.05758456804294166,0,802.8768423670995,REJECT
87467.40438164424,5871.609353033559,0.14485223029224573,30,4893.007794194632,APPROVE
70286.36322063516,508.4163455535936,0.11592118846133775,0,423.680287961328,APPROVE
69620.03811244073,1675.0291050001194,0.17209157424101232,15,1395.8575875000995,APPROVE
103195.75998031079,607.5215769839737,0.03972692635365314,15,506.267980819978,APPROVE
36930.87028267721,977.5447369179403,0.12014831602979284,0,814.6206140982836,APPROVE
62665.25191320151,218.1898275839503,0.1669895403945349,0,181.82485631995857,APPROVE
28333.116525254776,1025.3292218171314,0.16565715597101616,0,854.4410181809427,APPROVE
47067.26755263661,1058.8815105005476,0.004561562326385661,0,882.4012587504563,APPROVE
32724.70435477616,2554.8797574035607,0.04595798977880971,0,2129.066464502967,APPROVE
39245.68465200033,1746.4702026335106,0.01816080509104299,15,1455.3918355279254,APPROVE
58461.61244750076,317.1403299215729,0.08537020574650961,0,264.2836082679774,APPROVE
18871.78924482764,4907.170588776198,0.09586877230485885,15,4089.308823980165,APPROVE
193669.7795700814,1719.482332916109,0.054369425891778456,15,1432.9019440967575,REJECT
16239.244550384892,1695.083239772283,0.13531506823735165,0,1412.5693664769024,APPROVE
13748.006486309165,1321.3326411689295,0.06742663930856864,0,1101.1105343074412,REJECT
91719.35446115537,717.7389835824779,0.042234625219903545,0,598.1158196520648,APPROVE
68413.82172298725,1735.0260639269845,0.08295353868210921,0,1445.8550532724869,APPROVE
59831.99639633197,2364.0251805029466,0.01558830064919251,15,1970.0209837524553,APPROVE
60034.603947205906,164.20901160451797,0.08476119140693486,15,136.84084300376495,REJECT
35961.44177810583,699.8751081458006,0.17498730090474304,0,583.2292567881672,APPROVE
17715.522343541616,983.8550138243313,0.15110349613067856,0,819.8791781869427,REJECT
38585.95567212239,1816.7775500278403,0.11290082162650697,15,1513.981291689867,APPROVE
21126.229057936354,5593.654527223066,0.13006862443708533,0,4661.378772685888,APPROVE
79228.85060089368,529.1785663782417,0.07548838190177729,15,440.9821386485348,APPROVE
32284.87375742918,734.9927908699593,0.11824764901353112,0,612.4939923916328,REJECT
18762.2517104308,722.251903047295,0.11318034943081548,0,601.8765858727457,REJECT
28082.203482993984,510.5975971593892,0.2374867912016088,0,425.4979976328243,APPROVE
50531.14528222752,880.7652332753771,0.06118371958962918,0,733.9710277294809,REJECT
23133.113566092026,3369.0213177011997,0.10407106756657186,30,2807.5177647509995,REJECT
18811.500368980825,377.2138668094029,0.06564571425665146,0,314.3448890078357,APPROVE
44132.41251755997,2232.3099518792455,0.07887872929734843,0,1860.2582932327043,APPROVE
44177.60462148998,173.31872334903574,0.0537104884529974,0,144.43226945752977,APPROVE
24208.170029720506,681.1682312668036,0.14809441826296627,0,567.6401927223362,APPROVE
24913.6059149423,899.6697456861662,0.08646446297302887,0,749.724788071805,REJECT
43723.454348539235,9969.109235717871,0.1505497066971083,0,8307.591029764893,APPROVE
11401.86852669741,960.6903506691348,0.03085765989558648,0,800.575292224279,REJECT
11778.47486313061,95.19455443658167,0.050016025822215655,15,79.32879536381806,REJECT
20439.90962842736,121.3584082201762,0.072539314300167,0,101.13200685014682,REJECT
30614.905544251582,1391.6570113239613,0.10543374053769033,0,1159.714176103301,APPROVE
46570.66206720336,2790.399163547543,0.07108949683018122,0,2325.332636289619,APPROVE
118217.91924952263,2096.3686993687998,0.19934723879862304,0,1746.9739161406662,APPROVE
72122.95851282397,1633.5307148684135,0.03407669319682456,0,1361.275595723678,REJECT
31953.88907001993,5389.060928805557,0.0916858320574598,0,4490.8841073379635,APPROVE
35767.217253212846,699.1780578961227,0.18066506677103575,0,582.6483815801022,APPROVE
16284.622038971973,3910.0583425569175,0.20908866238224746,0,3258.3819521307646,APPROVE
35781.61493609414,188.4809696399334,0.056524413970548484,15,157.06747469994448,APPROVE
28827.154568439328,451.00458578121,0.0235565313915799,0,375.83715481767496,APPROVE
47012.78421454608,152.7748445219999,0.09119733338637553,15,127.31237043499992,APPROVE
18736.246554653797,960.6407850326021,0.020199845052722917,0,800.5339875271684,APPROVE
55021.385251266875,1263.8292092161435,0.0677671598560803,15,1053.1910076801194,REJECT
123771.34252413276,1532.0112562232862,0.0837152626344981,0,1276.6760468527384,APPROVE
33289.31924861311,1438.9585913319509,0.039196852106421785,0,1199.1321594432923,REJECT
50079.61798646806,438.9348120044231,0.08622763006866259,0,365.7790100036859,APPROVE
63077.234147212585,1063.29291318553,0.09194048618465185,0,886.0774276546084,REJECT
26344.732332153868,221.51247416668053,0.08492469580565895,0,184.59372847223378,REJECT
43445.99647355163,6858.81302391305,0.11095826746677857,0,5715.677519927541,REJECT
36683.191088075815,928.0295913685006,0.0778211161224318,0,773.3579928070839,APPROVE
39267.04430809246,743.0412520859101,0.07711861381344585,0,619.201043404925,REJECT
19566.851685393103,8992.474151717059,0.06700560012610106,0,7493.728459764215,APPROVE
37034.60924428632,300.88227243029536,0.0835152320448144,0,250.73522702524613,APPROVE
54089.67698256418,346.0939846703249,0.028579039235173565,0,288.4116538919374,APPROVE
115950.06302491283,358.5078358645889,0.10354314910560172,0,298.7565298871574,APPROVE
78230.63962588344,1231.476640398019,0.08064878180104929,0,1026.2305336650159,APPROVE
203321.95075260836,2242.558908194698,0.051486155550876045,15,1868.799090162248,APPROVE
19655.686204067646,3245.5024934336784,0.042309320962149274,0,2704.585411194732,REJECT
72973.85529789534,29255.10267872329,0.01955244556483675,0,24379.25223226941,APPROVE
42052.47846596081,89.84589832750595,0.07969753557090274,0,74.87158193958828,APPROVE
209366.6597156465,2773.589514659223,0.06436151218043545,0,2311.324595549352,APPROVE
19022.188103278277,684.6160840602943,0.16850226087035375,0,570.5134033835785,APPROVE
18549.952850037174,660.9754697455764,0.03642301611894693,0,550.812891454647,APPROVE
22482.351073178306,635.0402311968619,0.0526055124051718,0,529.2001926640515,APPROVE
6640.107423331267,448.94092190506655,0.0169300426712077,15,374.1174349208888,REJECT
23846.577444780458,10085.40601153248,0.09151079163440404,15,8404.505009610399,REJECT
19785.28721969353,3670.8249559370606,0.05638033285651001,0,3059.020796614217,APPROVE
40958.516024274744,1373.6821048492454,0.09895745816506164,0,1144.735087374371,APPROVE
47734.26585039586,6759.024203278852,0.0669221254387772,15,5632.520169399043,APPROVE
162907.31059191786,217.53943591550856,0.11302114646795328,0,181.2828632629238,APPROVE
77678.90996954453,270.5802560320164,0.1253146762575346,0,225.48354669334697,APPROVE
22890.495860532876,97.8909034406691,0.04412549250013194,0,81.57575286722425,APPROVE
17699.085718775357,577.1588078362462,0.07641082294345664,0,480.9656731968718,APPROVE
53827.26150341054,1622.0614820635687,0.03862925083774732,0,1351.7179017196406,APPROVE
12629.788058240229,1511.480934520618,0.18289763574138193,15,1259.5674454338482,APPROVE
157183.1575049426,1598.1870951264107,0.08992863111778168,0,1331.8225792720089,REJECT
93297.82704419519,245.70870535423796,0.047207692598953334,0,204.75725446186496,REJECT
24950.757921069126,3502.3890423180746,0.06906009139732637,15,2918.657535265062,REJECT
9223.33879921543,1781.0670480811277,0.05141383695069999,0,1484.2225400676064,REJECT
107269.31344639858,3219.817773206471,0.14407534227548655,15,2683.181477672059,APPROVE
33135.75281174795,137.8409237624209,0.023786240285427206,15,114.86743646868409,REJECT
97758.26723630287,1941.4762913070128,0.08657275129121253,0,1617.8969094225106,APPROVE
10142.176235105162,321.210483185849,0.10572531608031988,0,267.6754026548742,REJECT
22482.668031422592,829.3373462824952,0.13594688942160588,0,691.1144552354126,REJECT
36468.16472887179,2536.7849368953653,0.01950505765931326,0,2113.987447412804,APPROVE
37706.37566845619,1490.2918235783693,0.12762838445236713,0,1241.9098529819744,APPROVE
25335.13946719245,480.85555871211994,0.06633827000470031,0,400.71296559343324,APPROVE
59771.243471582755,1346.0675496585454,0.020873026375162883,15,1121.7229580487876,APPROVE
15458.335578691938,212.6340320760614,0.056568999814567505,0,177.19502673005115,REJECT
32405.920351400277,5312.064227395911,0.07705621072026668,15,4426.720189496592,REJECT
39984.07406222332,1044.2707601398438,0.11811935862668246,0,870.2256334498697,APPROVE
54805.78687376195,5113.681327241112,0.07851034579074062,15,4261.401106034259,APPROVE
64170.052088513854,710.2214923846132,0.10615585053064719,0,591.8512436538443,APPROVE
14769.009719532238,712.7450058675353,0.08630411677572827,0,593.9541715562793,REJECT
10643.542651131293,533.9972894657831,0.16926718412228214,0,444.9977412214859,REJECT
100925.85905683537,3823.125745665494,0.07767642270876846,30,3185.9381213879115,APPROVE
47375.060033588066,570.262920327582,0.16217792557360908,15,475.21910027298503,APPROVE
19954.516162406977,2895.54731065107,0.03810839561803303,0,2412.9560922092246,REJECT
125608.04461127936,844.2697308065304,0.059862499857575836,30,703.558109005442,APPROVE
39836.53390089729,124.74341493372788,0.05847599943392955,0,103.95284577810656,REJECT
93287.15911050545,673.8705469748311,0.15414493416678637,0,561.5587891456925,APPROVE
38331.02061704894,324.5647486306665,0.023810759774599594,0,270.4706238588887,APPROVE
188829.22986407398,1391.4451682697836,0.08398011862958964,0,1159.5376402248196,APPROVE
147897.19366193886,320.19353959276566,0.0017474292014768517,0,266.827949660638,APPROVE
29757.267927361263,4058.5661608355645,0.07763015819907977,0,3382.1384673629705,APPROVE
79004.2368294398,1197.6587335129168,0.04187898911177289,15,998.0489445940972,APPROVE
60858.13383078816,1079.5501583414375,0.011144683035301067,0,899.6251319511979,REJECT
108543.38632808057,2935.06674291966,0.0986976786744834,15,2445.8889524330502,REJECT
16781.98437774251,4247.573798196556,0.1285875227925738,15,3539.644831830463,APPROVE
62871.055383760984,1304.136486906489,0.10492925834241802,0,1086.7804057554074,APPROVE
84688.88036867832,529.5219124899736,0.024731136814938923,0,441.26826040831133,APPROVE
8892.899344810025,158.9598043883695,0.12279938609717429,0,132.46650365697457,APPROVE
14092.431932144318,586.4897542102724,0.0968951959967002,0,488.7414618418936,APPROVE
7105.427856519442,636.993983854033,0.04274478392448324,0,530.8283198783607,REJECT
29274.570948112785,1519.1159770406748,0.15752603637034554,0,1265.9299808672288,REJECT
64475.06279140935,882.9235788063194,0.05290728575110544,0,735.7696490052662,APPROVE
120799.2845271505,3050.114693948395,0.050091597708158124,0,2541.762244956996,REJECT
38533.21302411263,640.2347983415269,0.08660302157996105,45,533.528998617939,REJECT
133638.33485414853,1247.5856801902344,0.10106985030227761,0,1039.6547334918619,REJECT
12039.146569614166,5531.419978399794,0.08442764380666284,0,4609.516648666495,APPROVE
9295.577686960249,2013.4504352075853,0.14274471243942874,15,1677.8753626729876,REJECT
34737.04031586627,1243.107854156865,0.017955731068748888,0,1035.9232117973875,APPROVE
49377.60988078322,648.7721501327384,0.21118249541317302,0,540.6434584439486,APPROVE
35377.95629126058,624.8660026235292,0.24292158356059024,0,520.721668852941,APPROVE
6946.868906311864,481.39060225612116,0.09317499508380213,0,401.15883521343426,APPROVE
33816.49460127357,697.9913206362262,0.0912307339081925,15,581.6594338635217,APPROVE
12790.070409440912,3308.379969952912,0.045860457832620695,0,2756.983308294093,APPROVE
62052.621570538984,1023.6694814288749,0.03429626587274183,0,853.057901190729,REJECT
48692.417406557455,264.4592628504597,0.12501472397834892,0,220.38271904204976,REJECT
17121.60115853959,11150.259594974044,0.04479061639334876,0,9291.882995811704,REJECT
24074.451805594836,1961.32027742201,0.041187341925585146,15,1634.4335645183417,APPROVE
15562.651412684203,246.9245504971417,0.22854454313828185,0,205.77045874761805,REJECT
34539.425621182396,786.1881924096892,0.03051571572029838,0,655.1568270080743,APPROVE
77972.68534063145,1526.111943157648,0.04455685083359061,0,1271.7599526313734,APPROVE
16505.008560225913,10331.217532997325,0.08728328919296596,0,8609.347944164438,APPROVE
54352.028372507455,353.4280600878451,0.07276580972281417,15,294.52338340653756,REJECT
23760.834746836084,4309.873232417439,0.13856548771313001,30,3591.561027014532,APPROVE
19258.38316848844,7163.819872025226,0.06491702585600707,15,5969.849893354355,REJECT
33335.41792298781,628.3075280263038,0.0568081863151083,0,523.5896066885865,REJECT
15863.975757682801,957.5697500182013,0.009801195683367151,0,797.9747916818343,REJECT
23320.324506070294,385.23125263367797,0.1130584113005938,0,321.0260438613983,REJECT
13928.573907833636,1046.5575547119474,0.18411273996270144,15,872.1312955932895,APPROVE
174866.8500295557,1278.5820095364393,0.09674167907330165,0,1065.4850079470327,REJECT
37354.58129640787,2948.3321150204056,0.11245121295587543,15,2456.943429183671,REJECT
20748.29997954609,4942.542096369688,0.012982206076595898,0,4118.785080308073,REJECT
43095.933814377924,544.4083613310529,0.08224794036243081,0,453.673634442544,REJECT
33194.43632361372,126.04321570529942,0.04010294501593641,15,105.03601308774951,REJECT
30431.219582228314,1302.3442280321274,0.18195141696879932,15,1085.2868566934394,APPROVE
59357.476196658565,1900.0964802957124,0.2589095823715974,15,1583.4137335797602,REJECT
66569.79119973426,1802.114780350993,0.029867007774274566,0,1501.7623169591607,APPROVE
23756.20603135599,902.7151092401054,0.0691052062252399,0,752.2625910334212,APPROVE
22910.38104312987,1551.717136314112,0.14109175498617965,0,1293.0976135950932,APPROVE
29142.66825426348,8233.353448055603,0.00992321098172742,0,6861.127873379669,APPROVE
5758.677163568361,2112.222331243961,0.034386716688691074,0,1760.185276036634,APPROVE
10805.895569560822,853.5232622612835,0.18619205771171493,0,711.2693852177363,REJECT
108390.8997649304,733.0233278060086,0.1611613614241721,15,610.8527731716739,REJECT
135398.0409577053,1089.628485128573,0.02344593289676466,30,908.0237376071441,APPROVE
29755.556550935664,9523.358614445748,0.08403703445084018,0,7936.132178704789,APPROVE
57598.14091861451,1072.1851653375802,0.0721022799534118,0,893.4876377813167,REJECT
46583.42749164905,1304.6129602466235,0.04396842120518191,15,1087.1774668721862,APPROVE
426387.845611562,748.9248329075226,0.13003144535673405,0,624.1040274229355,APPROVE
88934.90077866288,4995.011213056605,0.03444683889953784,0,4162.509344213838,APPROVE
32783.018341639865,14033.738645670415,0.025053457461504378,0,11694.782204725345,REJECT
16908.43091995515,2294.2254393237176,0.07058368898623597,15,1911.8545327697648,APPROVE
10045.12723624941,1475.485535988548,0.10394125528426015,15,1229.5712799904566,REJECT
42734.887739305,1396.2625054736588,0.13964812667090237,0,1163.5520878947157,APPROVE
19829.369064227845,76.42017717571926,0.03819532667090492,30,63.683480979766045,APPROVE
11639.933780652429,3266.8971974474307,0.05009493601564216,0,2722.414331206192,APPROVE
21649.587770070782,1569.346557358976,0.06185941652041629,0,1307.7887977991466,APPROVE
15287.053873125522,2233.723868237988,0.05767081616916941,15,1861.43655686499,APPROVE
140044.1918785799,568.8747427369791,0.10034717736476495,0,474.06228561414923,APPROVE
73519.93004795827,842.2413837817496,0.09222876186972254,0,701.8678198181246,APPROVE
36084.61538792409,815.8128541060523,0.02116447984055848,0,679.8440450883769,APPROVE
118652.61617213058,4552.18441475749,0.08281665948217456,0,3793.487012297908,REJECT
38634.25689191369,848.0190524762359,0.026742865890111697,0,706.6825437301965,REJECT
18232.712301906424,16262.340152070003,0.1415370558443346,15,13551.950126725002,REJECT
122822.96170887856,2240.4898630998064,0.01158433406175264,0,1867.074885916505,REJECT
55889.28923372738,289.04885290231914,0.16663669404029954,0,240.87404408526595,APPROVE
15838.565137931639,1144.9993577871592,0.022683691859408803,0,954.1661314892993,APPROVE
31186.14041179708,611.1880955082407,0.0821573144535896,0,509.3234129235339,APPROVE
18024.827594205788,95.98154594232949,0.10513394129196857,0,79.9846216186079,APPROVE
12013.186677549891,9106.830680356677,0.027715883680751053,0,7589.025566963897,APPROVE
76186.68874471015,3106.294941006568,0.1333397904029951,30,2588.5791175054733,REJECT
167298.2308789727,2533.2635431876693,0.10984847136330167,45,2111.052952656391,REJECT
11862.600808267742,1629.2894839723836,0.03038000722402716,0,1357.7412366436529,APPROVE
56975.42932183517,254.4218775875929,0.14399731026518814,0,212.01823132299407,APPROVE
21579.216787328205,747.7542188393643,0.07091103395146081,0,623.1285156994702,APPROVE
24595.03059026676,3668.5502536315967,0.01687575000129923,0,3057.125211359664,REJECT
22608.582292015966,378.39963449954047,0.05690168450066561,0,315.33302874961703,APPROVE
18193.27654587795,64.02615856970876,0.06419176167619833,0,53.35513214142396,APPROVE
37752.88978547233,1017.2800202910793,0.0375382971946265,15,847.733350242566,REJECT
18680.58273333928,1126.9902268484161,0.02067561293027046,0,939.1585223736801,REJECT
45087.731543486545,1571.9796171312653,0.058849154721725964,0,1309.9830142760543,APPROVE
34884.90567343716,3202.340665025513,0.10215621182176812,0,2668.617220854594,APPROVE
29996.667241012485,2871.362347549413,0.11714871231542698,0,2392.8019562911772,APPROVE
17570.015622997576,1822.4529972664973,0.03412816975585369,0,1518.7108310554142,REJECT
22892.91917841138,5608.578461359101,0.026120809667169242,15,4673.815384465917,APPROVE
66457.1714396532,215.86455914793706,0.06381022711483522,0,179.88713262328088,REJECT
54216.130296577845,2447.722022731438,0.07122228785098343,0,2039.7683522761981,APPROVE
16613.249259578675,2833.4800731997,0.019654763326771883,15,2361.2333943330837,APPROVE
39319.106269792384,301.8530059783014,0.05799937047648276,0,251.54417164858447,REJECT
66244.6309763134,220.0753915666171,0.06396831414094116,0,183.3961596388476,APPROVE
9551.712866138116,545.8173277663614,0.08006974708971387,0,454.84777313863447,APPROVE
56088.616355380196,603.9945507684664,0.06371592947228805,15,503.32879230705527,APPROVE
21373.36912916429,3299.473743955079,0.20479281999660642,0,2749.561453295899,REJECT
57324.24487125688,639.04084120034,0.10309348533368977,0,532.5340343336167,APPROVE
19720.079799298033,478.0888935965722,0.22387471977618545,0,398.4074113304768,APPROVE
8570.61113029105,641.2724611284771,0.028665749775182457,0,534.3937176070641,APPROVE
9877.019248171584,5114.186931059669,0.015937708893336927,0,4261.822442549724,APPROVE
37739.70330462999,1357.0478980919015,0.07366942342176108,0,1130.8732484099178,REJECT
44702.20022281388,1077.408259736925,0.03419277009439734,0,897.8402164474373,APPROVE
17615.71534454576,1170.7599051734958,0.10313280700424184,0,975.6332543112466,APPROVE
60528.76387720415,6297.3696429166785,0.04929565940951266,15,5247.808035763898,APPROVE
9612.157189478563,543.7060954169111,0.024384454968066748,15,453.0884128474259,REJECT
34445.58670857105,6477.078611509733,0.10125697414358693,0,5397.5655095914435,APPROVE
13782.94228374765,1719.8811450620565,0.21324262942510955,0,1433.2342875517136,REJECT
21558.622117165494,1102.0326846174837,0.07053118254030374,15,918.3605705145696,APPROVE
37718.989129078,26862.740785148224,0.05837612950239613,0,22385.61732095685,APPROVE
18245.418889980898,376.39815998680365,0.10520834668429087,0,313.6651333223363,APPROVE
26698.3104835389,873.9227591797171,0.10317993456754804,0,728.2689659830976,APPROVE
81229.53953496095,304.44712294726355,0.18714362626949607,0,253.7059357893863,APPROVE
22890.711694007885,4189.636569854422,0.05637244104625456,15,3491.3638082120183,APPROVE
70866.54147586688,10142.011470943222,0.14190241872013357,0,8451.676225786017,APPROVE
14709.289563555829,9910.224140646525,0.13786968152325574,15,8258.520117205437,REJECT
55483.632278181394,5803.134089094142,0.02841583463221765,0,4835.945074245118,REJECT
115065.27977683894,1053.9184409988598,0.036661625243664314,0,878.2653674990497,APPROVE
5027.5315640078,861.8883466432892,0.051807375832732615,0,718.2402888694077,APPROVE
19196.51047921013,179.8298597031574,0.19529334863017248,0,149.85821641929783,REJECT
57621.883807556274,15374.462753833484,0.04372182948894763,0,12812.052294861236,APPROVE
30870.72772775198,2345.3468978301767,0.12372518899176933,15,1954.4557481918139,REJECT
48869.88801124149,740.308226047223,0.025436009869754875,15,616.9235217060192,APPROVE
22399.901726581924,6575.350566939562,0.08969274787833309,0,5479.458805782968,REJECT
38920.32279130104,415.75555812444867,0.061102413470013356,0,346.4629651037072,APPROVE
32063.006904860584,2176.2562175350317,0.19035049853945818,0,1813.5468479458598,APPROVE
92431.73484133041,1086.003741670742,0.022984251683214704,0,905.0031180589517,APPROVE
44513.00508864852,2875.056125236564,0.03030447279631462,0,2395.8801043638036,APPROVE
47575.92474785061,1237.8442777363384,0.028212834824119525,30,1031.5368981136153,APPROVE
26121.09298061557,234.22950789913648,0.038245381365437404,15,195.19125658261373,APPROVE
24585.571384067007,1462.7983440159232,0.06063368135727296,0,1218.9986200132691,APPROVE
25692.47559843319,4703.451487619233,0.08525744429359407,0,3919.542906349361,APPROVE
49789.615337210395,1289.9454633396774,0.11496979298354004,15,1074.9545527830644,APPROVE
25931.46604095353,3386.5028252155566,0.04196733846079393,15,2822.08568767963,APPROVE
45789.948709092336,380.99243687088614,0.07287752499468075,0,317.49369739240507,APPROVE
191055.76713023437,1294.52868111803,0.1786805677290453,0,1078.7739009316915,APPROVE
72904.07119584961,631.4396435519145,0.1978237148707948,15,526.1997029599287,APPROVE
27978.207268208545,3274.079091629836,0.018944296937876665,0,2728.399243024863,REJECT
94937.22263034314,1387.424988366146,0.02656923168492284,0,1156.1874903051216,REJECT
26200.65531823485,3057.960038686759,0.03158435154655101,0,2548.3000322389657,APPROVE
7111.726866495123,4927.8960852567,0.099556998075081,0,4106.5800710472495,APPROVE
16212.388501206737,3063.6343833316805,0.06947953962910776,0,2553.0286527764,APPROVE
8130.408629251438,1854.1043498247864,0.03902462704897259,0,1545.086958187322,APPROVE
27413.454520986834,403.2514032265289,0.06843161897872471,0,336.0428360221074,APPROVE
36854.5625237312,1331.5135400280146,0.1850631835020313,0,1109.5946166900121,APPROVE
138850.0495813001,704.6536634492422,0.019110979175230226,0,587.2113862077018,APPROVE
47171.34543650437,884.0716920566852,0.07436624543331237,0,736.7264100472376,APPROVE
30476.756099434744,852.3301281250097,0.05048511127523096,0,710.2751067708414,APPROVE
70511.03243145706,412.1981652239376,0.1467454304683868,0,343.498471019948,APPROVE
6192.485084949332,127.56277546834033,0.0190634896015197,0,106.3023128902836,APPROVE
43848.318327151435,599.2286525173571,0.0633192253131263,0,499.3572104311309,APPROVE
67284.96951545651,1684.9147521570042,0.1373557246780725,0,1404.0956267975034,APPROVE
11127.012653836615,264.96624817387686,0.05717607007643849,0,220.80520681156403,APPROVE
90671.9416214085,1361.351983939388,0.08660843253547473,0,1134.4599866161566,APPROVE
47609.95352347242,13065.585824535343,0.019530256381718944,0,10887.988187112785,APPROVE
26049.911995377537,4560.0222109030465,0.07056494282466566,0,3800.018509085872,REJECT
60248.050433853256,9601.404971548367,0.08496218200220515,0,8001.170809623639,APPROVE
223363.16898433148,2136.166954672061,0.12060776372882243,0,1780.139128893384,APPROVE
42002.86058222566,5423.120650882916,0.026837112945507148,0,4519.267209069097,APPROVE
44292.75811820482,560.4035955277117,0.06663595605851433,15,467.002996273093,APPROVE
25147.43746728103,616.5914115170451,0.09531517800432883,0,513.8261762642043,REJECT
18400.34152246151,49.92124479966418,0.07751699483715026,0,41.60103733305348,REJECT
70563.52544593069,5545.762911798607,0.05474473355646332,0,4621.469093165505,APPROVE
18308.723866848388,8482.866334270102,0.03376209506385868,0,7069.055278558419,APPROVE
38455.34549220702,687.8716137436878,0.06864245846332287,0,573.2263447864065,APPROVE
24782.029252974284,985.0307503648088,0.09339625684937629,0,820.8589586373406,REJECT
53272.943818084874,540.6544610217125,0.10675682529111392,15,450.5453841847604,REJECT
47426.18039573401,2114.553945529627,0.0328697763869396,0,1762.1282879413557,APPROVE
83285.68423032097,5152.998006003851,0.11960687079918023,0,4294.1650050032085,APPROVE
24148.725440961673,165.02360732258458,0.021403235803087974,0,137.51967276882047,REJECT
29263.610239320184,2183.6239626719503,0.028117312983235075,0,1819.6866355599586,APPROVE
16597.19571718424,958.5375916284411,0.12321356654962906,0,798.7813263570342,APPROVE
25452.401828821705,1530.7118649124018,0.07596418939784233,30,1275.5932207603348,APPROVE
49111.10181498105,2317.4152078764914,0.11050803551971143,15,1931.179339897076,APPROVE
66542.15218751803,1065.8970035285217,0.1386860011982018,0,888.2475029404346,REJECT
17365.968568216347,1179.8123541634634,0.09180841404731047,0,983.1769618028861,REJECT
72815.5445976434,1033.5602825250137,0.03713493950503892,0,861.3002354375113,APPROVE
107420.92634944225,4280.368355115693,0.07771119197786042,0,3566.973629263077,APPROVE
50551.50126278112,2208.186477364479,0.24371333355493424,0,1840.1553978037325,APPROVE
162988.78113808122,1740.8262786695957,0.03323761081156643,15,1450.6885655579963,APPROVE
19554.654926275452,290.6944866739857,0.13694470539616585,0,242.24540556165474,APPROVE
13416.978516185423,848.2023394318558,0.07525238147548864,0,706.8352828598798,APPROVE
8751.879890256248,3927.733808218865,0.22215881268722806,0,3273.111506849054,REJECT
120190.76275754832,1397.7943301316213,0.07968527124138755,0,1164.8286084430176,APPROVE
61297.38886925654,2947.9127912064346,0.07561417979737184,0,2456.593992672029,APPROVE
34736.01289239254,11128.103866964793,0.06195480226515019,0,9273.419889137327,APPROVE
45432.13263885344,4645.908366573487,0.1541168104374238,0,3871.590305477906,APPROVE
14759.006154202069,1493.9888645915048,0.06905285817395009,0,1244.9907204929207,APPROVE
256940.95327688195,723.592148439856,0.06228113508488533,15,602.9934570332133,APPROVE
40270.59969462089,62.374428502109346,0.13856224465397002,15,51.978690418424456,APPROVE
39636.902145647735,1091.5489265455087,0.06348276055696392,0,909.6241054545907,APPROVE
64900.674731604886,903.4311577239396,0.1059720129721268,0,752.859298103283,APPROVE
53359.504010425975,2134.2153494306226,0.03703188445634587,0,1778.5127911921854,APPROVE
43438.751761519045,1110.681016592366,0.04637519636227865,0,925.5675138269715,APPROVE
19295.369728004145,909.5526049308965,0.11594534627911872,0,757.9605041090804,APPROVE
52953.77730599082,157.92751949435547,0.039230040789388805,0,131.6062662452962,APPROVE
163671.98249435826,432.4442913834409,0.03298525914730427,0,360.37024281953404,APPROVE
106546.41991592044,2367.041532817771,0.09808569791547579,0,1972.534610681476,APPROVE
129903.77996999804,10472.458230977814,0.2177257658661766,0,8727.048525814846,APPROVE
24125.567731809846,1188.4253166630592,0.051433171422886004,15,990.3544305525493,APPROVE
16453.872581774693,1979.8734258264028,0.07788267887276488,0,1649.8945215220022,APPROVE
32838.9458645414,4189.717948888452,0.10313967657640129,0,3491.43162407371,APPROVE
37971.07367787586,504.89080772320506,0.04262013073274966,15,420.74233976933755,APPROVE
87147.13837464443,2074.7413181643956,0.029010122364889045,0,1728.9510984703295,APPROVE
9377.123165908373,549.4000031569574,0.051943275636330666,0,457.8333359641311,REJECT
123456.01966692378,3771.410065511735,0.05447618224837326,0,3142.841721259779,APPROVE
32003.280147461875,1602.144886496851,0.114639009431257,0,1335.1207387473758,REJECT
25809.428349142603,1911.3347209780384,0.034045445648539785,0,1592.7789341483651,APPROVE
16160.358234273759,522.3284424440507,0.17643772166393615,0,435.2737020367089,APPROVE
9663.533649156656,3120.8283380738594,0.05780101926371561,15,2600.6902817282157,REJECT
70160.19926334539,16302.445602166592,0.0781232312729294,0,13585.371335138827,REJECT
38509.27397557143,398.58503871555615,0.07912994972138919,15,332.1541989296301,APPROVE
12939.388109717915,888.6505692897441,0.0891594424327312,0,740.5421410747867,APPROVE
12886.518706094173,1764.0081839927816,0.10648903397798472,0,1470.0068199939844,APPROVE
27760.57813431312,3432.6998588703173,0.08547725440671151,15,2860.5832157252644,REJECT
138028.74233349905,682.6343548842551,0.11234936873434866,0,568.8619624035459,APPROVE
29505.351094412505,44.601993656023375,0.0782395794149719,15,37.16832804668614,APPROVE
10910.551609125525,6825.646221247793,0.057923292795784384,0,5688.038517706494,APPROVE
29834.047347113767,3327.652071015624,0.08416345706556178,15,2773.04339251302,APPROVE
29196.997108025764,164.98884580306253,0.050679238146466396,0,137.49070483588545,REJECT
4198.533957702414,644.4081875198182,0.08761199115679125,15,537.0068229331818,REJECT
34771.873520098074,8771.243122222148,0.03392322631814808,15,7309.369268518457,APPROVE
30189.588003871555,7591.394705358602,0.08493814577736672,0,6326.162254465501,APPROVE
63383.89536613774,4120.718969259038,0.04993084294422693,0,3433.9324743825314,REJECT
159398.85720460955,1081.47376405941,0.10768520692258726,0,901.2281367161751,APPROVE
89433.62630780805,1475.865401462219,0.046802822796517776,0,1229.8878345518492,APPROVE
29286.7082155283,1141.734573679619,0.11427697309990247,0,951.4454780663491,APPROVE
14984.61478939093,5173.489269569696,0.17393895027076126,0,4311.241057974747,APPROVE
284556.7093607984,467.03491494567766,0.09568699333391863,0,389.1957624547313,REJECT
38077.34432891004,507.9867279451212,0.09315734833006757,15,423.3222732876009,APPROVE
36722.44522199785,4490.612614611899,0.03738196002889191,0,3742.177178843249,APPROVE
35621.33126781934,1266.713665109798,0.07965957489221881,0,1055.5947209248318,REJECT
42551.390327487214,6985.387411831526,0.048923480972566935,0,5821.156176526271,APPROVE
32354.606014576297,596.81086767163,0.0887430521921543,0,497.3423897263583,APPROVE
22949.93525830473,1250.977937724243,0.08630843589695228,0,1042.4816147702024,REJECT
23447.352014492153,441.6507119412879,0.1761761352014668,15,368.0422599510732,APPROVE
35376.300015575696,1347.8285901092443,0.18093221642831367,0,1123.1904917577035,APPROVE
23511.858340491202,226.59370831480453,0.09605781392697885,15,188.8280902623371,APPROVE
20531.660201868028,744.1590596682689,0.0058091533045001005,0,620.1325497235574,APPROVE
39543.00853231034,238.39054378954944,0.06984591125388517,0,198.65878649129118,REJECT
29614.46567180725,3072.1188658681913,0.07308653211137468,0,2560.099054890159,APPROVE
120957.48399197696,3156.8251896256907,0.047118239785149146,0,2630.687658021409,REJECT
4355.628315036122,167.5194778916507,0.15038935233744782,0,139.5995649097089,APPROVE
86960.17041940766,6621.503921515818,0.0203451183537575,0,5517.919934596514,REJECT
98407.09203780543,26750.62345308069,0.07001478496188362,0,22292.186210900574,APPROVE
6913.890715358169,1411.8025498940833,0.06734218091325495,0,1176.502124911736,APPROVE
27607.697968969318,618.9829913837369,0.015038342411648803,0,515.8191594864473,REJECT
26979.896867572024,39601.07788576413,0.09437395546567914,0,33000.89823813677,APPROVE
11778.023328957705,274.4180597339462,0.07132502207045528,0,228.68171644495519,APPROVE
19491.751399913726,1368.5987254651209,0.10521537661359527,0,1140.4989378876007,REJECT
14936.143959922478,1657.327483291393,0.02201539097440751,0,1381.1062360761607,REJECT
147534.35674727827,6711.595972593612,0.09240909119814975,15,5592.99664382801,REJECT
76767.96536831616,2057.2011587333236,0.11711448294468124,0,1714.3342989444363,APPROVE
100432.7949664169,734.4002884382509,0.1299822548116248,15,612.000240365209,APPROVE
64688.43078172824,426.6626535846772,0.013201840466575103,0,355.5522113205643,APPROVE
14717.000233442588,886.453546131713,0.035688582935135604,0,738.7112884430941,APPROVE
23870.14483508511,399.0561260829556,0.053389785446725,0,332.5467717357963,APPROVE
53717.7974362567,1414.887484622017,0.13462741345362858,0,1179.0729038516808,APPROVE
13660.964700007344,678.8359487155415,0.0860294828784516,15,565.6966239296179,APPROVE
64241.11749774899,222.42046011351405,0.06446718085545602,15,185.35038342792836,APPROVE
29963.632685732347,6024.500516254539,0.16195852879124026,0,5020.417096878783,APPROVE
26907.043029014832,735.2480158989389,0.026227654909077403,0,612.7066799157824,APPROVE
64136.44041316268,291.6780836993873,0.06252502667507082,15,243.06506974948942,REJECT
51813.74026677982,1091.7137034697762,0.10720938734654842,0,909.7614195581468,APPROVE
27206.93185278237,1450.2058432006145,0.09146362494151981,15,1208.5048693338454,APPROVE
91808.83765177883,164.29356141747533,0.09070680482053421,0,136.91130118122945,APPROVE
15292.98243710004,1989.0096043132517,0.05558234157772845,0,1657.5080035943763,APPROVE
59441.533938166984,380.24881873172393,0.0828984886831804,0,316.8740156097699,APPROVE
58365.54468152742,10411.325448367343,0.015646417245146108,15,8676.104540306118,APPROVE
28349.448297157243,2505.3094065942732,0.04540616118649424,0,2087.7578388285606,APPROVE
47141.37845520424,826.7769252163275,0.05885034961332254,0,688.9807710136062,REJECT
13347.83046840215,546.3247518968932,0.08528212424421967,0,455.27062658074436,APPROVE
76055.72812512997,1177.8589944396842,0.03367800898282826,0,981.5491620330703,APPROVE
31322.07159651176,2787.1192009336187,0.11290952349458928,0,2322.5993341113485,APPROVE
23904.489933091492,1295.720192435478,0.06581410883604308,30,1079.766827029565,REJECT
84053.38239409907,1029.4956884361409,0.10212995946691442,0,857.9130736967841,APPROVE
20671.785859519317,1432.905178889493,0.03667203369328223,0,1194.0876490745775,REJECT
11769.079182468982,647.2833801192419,0.06322590008663312,0,539.4028167660348,REJECT
10453.547371545372,884.9824327353028,0.05675313162098338,0,737.4853606127523,APPROVE
58971.40598433407,109.34018444067313,0.05991823744256266,0,91.1168203672276,APPROVE
13038.43115447283,4297.919657490538,0.1521343432281553,0,3581.599714575448,APPROVE
147832.52816479892,1912.128394691531,0.08462810584472918,0,1593.440328909609,APPROVE
6866.820533796976,528.090618097941,0.07407813224034547,15,440.07551508161754,APPROVE
141091.6692491673,13041.565534905516,0.07398974700469708,0,10867.97127908793,REJECT
42993.91933069205,1483.0183023185064,0.055879710119877114,0,1235.848585265422,APPROVE
33611.70036566842,385.3078482570196,0.11082357478474289,0,321.08987354751633,APPROVE
23483.76782349976,3734.987731305544,0.028319198878650687,15,3112.4897760879535,APPROVE
49976.53586094994,2153.980418291993,0.15076077363982585,15,1794.983681909994,APPROVE
35238.41980370241,2145.034445168975,0.03685442936276662,0,1787.5287043074788,REJECT
87784.61229049493,801.5186025294885,0.04506147449259593,0,667.9321687745737,APPROVE
39790.44626759204,2293.9024562624422,0.1438435670022672,15,1911.5853802187019,APPROVE
40955.50076884839,975.8461675161338,0.01865360568091783,15,813.2051395967782,APPROVE
27149.40012376175,2603.3247288501625,0.18569832084332463,0,2169.4372740418016,REJECT
34698.21421351345,135.84052157636094,0.06089982007576255,0,113.20043464696745,APPROVE
46455.09449134231,793.7485722228554,0.14683308706454204,0,661.4571435190461,APPROVE
9245.250931689754,10551.26486754323,0.10941386352652692,0,8792.720722952692,REJECT
12350.497965241419,532.1545531153878,0.08424983922712982,15,443.46212759615645,REJECT
65815.54102512919,647.2994073729556,0.1651159509142635,0,539.4161728107962,APPROVE
41634.82978949134,780.4426828953277,0.06523084417138872,0,650.3689024127731,APPROVE
31345.10303776013,310.9547937633234,0.11640411908273876,0,259.12899480276945,REJECT
36855.02111161611,94.39404377264219,0.08822635662029392,0,78.66170314386848,REJECT
47957.25461547291,1013.0402417470989,0.07382410381074536,0,844.2002014559157,APPROVE
23580.897982668113,1572.538097936902,0.05454135241103817,15,1310.448414947418,APPROVE
19484.14271598513,1254.395202134181,0.01196188953334908,15,1045.3293351118175,APPROVE
42475.223314514136,1122.7773063987015,0.0681581599906809,0,935.6477553322512,APPROVE
16602.38731079921,1406.7874112032555,0.13345489711713546,0,1172.3228426693795,APPROVE
50342.36280776327,4558.84541902772,0.0610628811604823,15,3799.0378491897663,APPROVE
9301.520092672594,1063.0309396487853,0.09880621736121736,0,885.8591163739878,REJECT
82728.91936101695,670.8300421503077,0.03647443686310141,0,559.0250351252564,APPROVE
53001.63207512579,953.4283949339383,0.014474028345165197,0,794.5236624449485,REJECT
44570.33523498369,2677.4791594711733,0.06621715930719414,15,2231.2326328926442,APPROVE
79710.19606567349,7272.440154032829,0.11933162467541561,0,6060.366795027357,APPROVE
137637.6182510631,628.6925968583624,0.07851173461644961,0,523.9104973819686,APPROVE
81756.12847579902,1504.378975922874,0.03962063554924213,15,1253.6491466023947,APPROVE
8327.35047997101,2005.089219649829,0.016954509663086738,0,1670.907683041524,APPROVE
13047.325205038122,405.9870647738947,0.12498049487110639,0,338.3225539782456,APPROVE
22029.662900556068,1369.1090895148452,0.07755387071196014,0,1140.924241262371,REJECT
37081.47657312627,230.1212348733373,0.08767512858005871,30,191.76769572778107,APPROVE
54947.156770626934,159.90094703913937,0.10398520824170966,0,133.2507891992828,REJECT
20320.895070700124,2074.572933863957,0.0043386892999734035,0,1728.810778219964,REJECT
42167.852119049145,842.8299498338228,0.05308076576593714,0,702.3582915281855,REJECT
19844.72790508935,1703.0080304962387,0.03216665451906212,0,1419.1733587468655,APPROVE
22265.32373212798,1307.5898788828817,0.025735095066472785,0,1089.6582324024014,REJECT
11786.040745728746,413.9457177195759,0.056411900253396444,0,344.95476476631325,APPROVE
17351.138505076968,1265.3572149375013,0.07894474214978814,0,1054.464345781251,REJECT
12315.97298442229,304.20242179540526,0.11888188689470887,0,253.5020181628377,APPROVE
16635.61898598494,7091.000590706122,0.12347208936693436,0,5909.1671589217685,APPROVE
84365.4669323629,262.4998454249043,0.03181607109837886,30,218.74987118742024,REJECT
16991.710541923607,1056.2419758811927,0.08391572819856967,0,880.2016465676606,APPROVE
298315.1186349111,382.4848334423135,0.05705599320544228,0,318.7373612019279,APPROVE
53887.5270326346,2648.954505847022,0.10066373339213826,15,2207.4620882058516,APPROVE
42102.77360927714,897.5755198194975,0.11462517796777219,0,747.9795998495812,APPROVE
18275.44758283799,716.9562663850784,0.03590788135961236,0,597.4635553208986,REJECT
63592.314671434295,3719.1735591536108,0.09370704965772068,0,3099.3112992946753,APPROVE
22913.68797201751,1383.9978974860987,0.03589435288418374,0,1153.3315812384155,REJECT
40038.943690150445,2483.4108627788623,0.06238893727991379,0,2069.5090523157182,APPROVE
281550.6475466755,411.50607504727213,0.2758032566595884,15,342.9217292060601,APPROVE
33629.269412528854,247.55544429965553,0.046941259061842426,0,206.29620358304626,APPROVE
91073.18208389165,1519.3903706582714,0.07221738372303046,15,1266.158642215226,APPROVE
20691.09844387171,911.233594995393,0.07699625792535895,15,759.3613291628275,REJECT
35313.09748244232,2833.127527872699,0.0593456473590733,15,2360.939606560582,REJECT
149737.7198850116,1213.816447598049,0.11177177505380019,15,1011.5137063317076,APPROVE
21991.83118839999,1708.72936876138,0.19378827233275814,0,1423.9411406344834,APPROVE
154810.77542402793,190.44355873794802,0.06216569235172972,0,158.70296561495667,APPROVE
63972.0500103621,12881.394140761138,0.04912784077246541,0,10734.495117300949,APPROVE
23156.402317823187,1096.9891010215808,0.15818050074868328,0,914.1575841846507,REJECT
60230.020791800096,3085.6551232521265,0.08528492820091099,15,2571.379269376772,REJECT
79066.42173936941,489.85278282211976,0.07667170214404233,0,408.21065235176644,APPROVE
59721.535905914294,1933.3833721282454,0.02955753250133386,0,1611.152810106871,REJECT
10340.466096605534,279.77933153027146,0.043765923149362,15,233.14944294189286,APPROVE
20298.256189400305,2298.2340735818793,0.015517952622434612,15,1915.1950613182328,APPROVE
29791.699444387905,871.5262680881486,0.05866813357998977,0,726.2718900734571,REJECT
34216.15762708414,1383.5992178035758,0.05098770226283593,0,1152.9993481696463,APPROVE
59667.1966215372,3087.0886557761823,0.06566433110826345,0,2572.5738798134853,APPROVE
41863.13144381519,304.4072775464582,0.1371954846029616,0,253.67273128871514,APPROVE
12478.026707455469,587.5872997337387,0.10296804015091682,15,489.65608311144894,APPROVE
49225.06779751339,2312.776533543488,0.01501566683384438,0,1927.3137779529063,APPROVE
59187.6743843067,16568.86608810617,0.03848060948473002,15,13807.38840675514,APPROVE
56830.72311257017,1131.9715267648216,0.04187539737038523,0,943.3096056373514,APPROVE
86217.16617990361,2715.6272812913867,0.06076768595044606,0,2263.0227344094887,APPROVE
70766.26787044124,1175.0302173906268,0.015266670172921947,0,979.1918478255224,APPROVE
52435.759112980224,13740.591587572062,0.1179341462659163,0,11450.492989643384,APPROVE
34333.17719562509,164.14479040488231,0.03726095409913179,0,136.7873253374019,APPROVE
9616.457697992193,1496.6134888611016,0.04312648000217738,30,1247.1779073842513,REJECT
51210.2289527133,189.95022548936984,0.08446221476957487,0,158.29185457447485,REJECT
42879.5435013413,65.99170302369846,0.018296336303444266,0,54.99308585308205,APPROVE
45128.220872157515,1909.065951403414,0.021375444723570378,15,1590.8882928361782,REJECT
13076.88097940555,1579.4188823443703,0.08098498473643101,15,1316.1824019536418,APPROVE
15293.065474447458,949.1915114882513,0.07702279724894424,0,790.9929262402094,APPROVE
84332.47344340662,1176.1268625498624,0.11302795947244249,0,980.105718791552,APPROVE
35184.3224318802,55015.719248115136,0.0184737810848873,0,45846.43270676261,APPROVE
62642.58252713591,980.0511276431888,0.15321563715766845,15,816.7092730359906,APPROVE
37147.60950259108,2464.0562189022266,0.07433655717586503,0,2053.380182418522,APPROVE
37190.361662514006,612.8848817684391,0.057069183127258505,0,510.7374014736992,APPROVE
76928.14203429555,1903.9653126791852,0.059739937100314736,15,1586.6377605659875,APPROVE
24032.54464007689,1003.7863682058728,0.17247127002757792,0,836.4886401715606,APPROVE
39218.21638565019,816.3088105962713,0.08084204008546671,0,680.2573421635594,APPROVE
25088.874228815283,11850.118489726741,0.1015658501569921,15,9875.098741438951,APPROVE
25652.672034393807,5486.450920164865,0.025167506839679197,15,4572.04243347072,APPROVE
28357.93888652231,1574.2132204652457,0.0467626484068536,30,1311.8443503877047,APPROVE
43377.97129177316,84.12977809147263,0.11433560828352544,0,70.10814840956051,REJECT
24760.405469878107,866.276237896026,0.03548243421495605,0,721.896864913355,APPROVE
99171.3955576927,34236.51297177841,0.13641522950895324,0,28530.427476482004,APPROVE
17753.07746569696,1012.9487463225438,0.05141011790965413,0,844.1239552687865,APPROVE
31272.75920575532,5020.4557402244545,0.18548752785112987,0,4183.713116853712,REJECT
25545.466752688775,7538.25339806383,0.17894179078516884,0,6281.8778317198585,APPROVE
115564.2934692062,1737.4461880157032,0.1196120671151305,0,1447.8718233464194,APPROVE
42499.339822739465,486.4961309480765,0.02785442542305268,0,405.41344245673037,APPROVE
82907.07087996605,71.88302239838809,0.01362958493375659,15,59.90251866532341,APPROVE
11065.104554622514,3036.34800268455,0.02458732053885068,15,2530.290002237125,APPROVE
44965.02357725968,502.556315156827,0.033506862759490254,0,418.7969292973558,APPROVE
73991.43605470739,1650.4371138106378,0.1474772805675434,0,1375.3642615088647,APPROVE
38786.48698704708,298.1600728487603,0.03494380223730823,0,248.4667273739669,APPROVE
85168.27633992585,971.7804052790084,0.09103839715356848,0,809.8170043991736,APPROVE
24008.644690666202,1391.138524017674,0.06329527004281942,0,1159.2821033480616,REJECT
112137.14971449932,1844.0641725795049,0.10173558879976673,0,1536.720143816254,APPROVE
228460.4751076149,350.59379783425,0.055219413005688514,0,292.1614981952083,REJECT
27166.20867006912,5617.871000152633,0.05626822816792165,15,4681.559166793861,REJECT
25427.790851061513,652.715377588469,0.012882007853349758,0,543.9294813237242,REJECT
116158.11260531763,179.11920868031794,0.06995757810800987,0,149.2660072335983,REJECT
128496.59906983578,1172.1404525891014,0.08093513596858846,0,976.7837104909178,APPROVE
23901.87001770548,1392.2344839724597,0.06427727951554464,30,1160.195403310383,REJECT
25948.018993693015,1619.9040965475676,0.022399962864712516,0,1349.9200804563063,APPROVE
28986.118237878196,6849.793545287951,0.04343147134862396,0,5708.161287739959,REJECT
12387.455560348793,1005.9385878513726,0.16796239291117737,0,838.2821565428104,APPROVE
17414.84779378351,1157.3305217705163,0.06723162793498184,15,964.4421014754301,APPROVE
16263.642704827877,355.5243171322272,0.06217418801188873,0,296.270264276856,REJECT
19648.611395735516,3576.282422812528,0.03545421749752574,0,2980.235352343773,APPROVE
35321.67545710064,1666.6748019391068,0.11757713151003348,15,1388.895668282589,REJECT
43799.241813875225,807.046779904098,0.11603865049226515,0,672.5389832534149,APPROVE
125542.5964928032,135.88450199027406,0.16191192904154972,0,113.23708499189503,APPROVE
16339.10784393439,7560.6280496387935,0.07984785503638452,0,6300.523374698994,APPROVE
79814.2962808471,306.18789506170583,0.21100253931603022,0,255.15657921808818,APPROVE
30601.641326398323,657.1296239569575,0.12619349979585068,0,547.6080199641312,REJECT
34906.52426040669,2053.7616056624843,0.05874337651270436,0,1711.4680047187367,REJECT
62308.653382982826,317.839135844938,0.036455072076264555,0,264.86594653744834,REJECT
14791.713181214656,222.56143438758633,0.05907045540172764,0,185.46786198965526,REJECT
49312.24946152768,104.44679549835935,0.072963793352703,0,87.03899624863278,APPROVE
41488.093712868336,3173.5663006491095,0.04972283975521339,0,2644.6385838742576,APPROVE
53850.1792465922,694.499479916903,0.13107975584003165,0,578.7495665974192,APPROVE
45767.74732371114,44807.86755152427,0.0403494027287484,0,37339.889626270226,APPROVE
258911.11900711225,405.12223170412045,0.08773468565453584,0,337.6018597534337,APPROVE
21803.112473483547,442.16082744407134,0.14473502048626802,15,368.46735620339274,APPROVE
23746.785097835414,677.8617392015436,0.058588963908264506,0,564.884782667953,APPROVE
22059.256282859358,1788.5785785312241,0.06888199671113412,0,1490.48214877602,APPROVE
23286.249256420633,759.887883329882,0.16812175204990423,0,633.2399027749017,APPROVE
21809.268045980865,2785.5860575359693,0.018420108629808155,15,2321.321714613308,APPROVE
94015.33863290616,412.86011831624876,0.04082892181885315,0,344.05009859687397,REJECT
113142.50375873798,254.5519255510919,0.1179506425377601,0,212.1266046259099,APPROVE
23003.530082924197,154.40163388864457,0.009344792167808976,0,128.66802824053713,APPROVE
18659.590736859343,92.67751675766904,0.13347943464109496,15,77.23126396472419,REJECT
52951.540553923616,717.4706806805698,0.25258452545126686,0,597.8922339004748,APPROVE
23346.94838894038,930.9806864722188,0.013548119574321022,0,775.817238726849,APPROVE
60255.27830299714,626.212940640513,0.03568652805146383,0,521.8441172004275,REJECT
42716.40923788266,5940.222464732479,0.14732883139406566,0,4950.185387277065,APPROVE
10801.115642430037,5831.626092415696,0.05245189426131197,0,4859.688410346414,APPROVE
125242.12729757979,893.9513202531339,0.058048022510998554,0,744.9594335442781,APPROVE
152772.03752489763,155.19921832575824,0.1094325835535681,15,129.33268193813186,APPROVE
22242.69785889571,676.7952414683318,0.06780618809710906,0,563.9960345569432,APPROVE
26631.200327518458,650.4271066819972,0.04166484203495501,0,542.0225889016643,APPROVE
45646.961023477015,607.196797751537,0.0549006695296066,0,505.99733145961414,REJECT
47456.341069963535,578.3343851000865,0.024849244226011303,0,481.9453209167387,APPROVE
61502.64236389806,609.8783018723007,0.014701002888008505,30,508.23191822691723,APPROVE
181346.27987903016,840.1369950866862,0.0771362928405579,0,700.1141625722385,APPROVE
31522.0385914397,623.1364953360628,0.04635003902080902,0,519.2804127800523,REJECT
19174.99191071695,1715.4005983322154,0.02165909960507721,0,1429.5004986101794,APPROVE
12046.68283463256,2058.7563504299137,0.0412296471460477,0,1715.6302920249282,APPROVE
20236.758715177555,447.93171655180396,0.03803478231244953,0,373.2764304598366,APPROVE
35365.72542248475,6140.695560624278,0.1167045990675558,0,5117.246300520232,APPROVE
152610.81865249167,412.1305404006593,0.02838950441140736,0,343.4421170005494,APPROVE
24002.444559072344,191.7234885949561,0.11987515048597523,0,159.76957382913008,APPROVE
43435.4132693597,2109.8003320747553,0.047310963094555715,0,1758.1669433956292,APPROVE
35841.498718672105,500.95944299824055,0.052718071537996236,15,417.46620249853373,APPROVE
93968.4736935218,1964.444273654484,0.09992687902494972,15,1637.0368947120699,APPROVE
274181.6003135457,74.66508542995633,0.056138381434686,0,62.22090452496361,APPROVE
23749.220352569828,7103.635944343839,0.15818580718799902,0,5919.696620286532,APPROVE
24549.541232612206,2993.405545456413,0.05873868671372323,15,2494.5046212136776,APPROVE
83727.99774296678,220.7085489243782,0.07276671195621527,0,183.92379077031515,REJECT
62662.169777596784,226.53112628888528,0.02264763996857462,0,188.77593857407103,APPROVE
159112.35400005,9938.128397411489,0.10352469884618516,30,8281.773664509574,REJECT
57938.79931819561,551.454328930509,0.016718199501915727,15,459.54527410875744,APPROVE
27243.39341934187,490.97494035907016,0.0636984380023333,0,409.14578363255845,APPROVE
58251.42674205634,88.07180027571587,0.040381235213031566,0,73.39316689642989,REJECT
88164.78193510132,876.9772578536182,0.05836626998660201,0,730.8143815446819,APPROVE
70009.46631486937,1016.531243761026,0.10113990178455451,0,847.1093698008549,APPROVE
54492.54732039051,3152.675142917562,0.11888406633622602,15,2627.229285764635,APPROVE
85249.68939436978,249.26604831402656,0.004482252932263247,15,207.72170692835547,APPROVE
92543.72109854604,215.52367327986497,0.07619414448163489,0,179.60306106655412,REJECT
109724.41607512311,2295.1880743337592,0.10079261972557439,0,1912.656728611466,APPROVE
61020.668282559716,4471.552722390969,0.03304639624620479,15,3726.293935325808,REJECT
31770.88348778763,202.7618394592996,0.07926789847148084,0,168.96819954941634,REJECT
40838.10820710861,4891.39007293252,0.05107778658954096,0,4076.1583941104327,APPROVE
95340.23305394468,1397.5348146194838,0.14158010062568238,15,1164.6123455162362,APPROVE
18891.19960436852,4952.170844625008,0.05287918711418829,0,4126.809037187506,APPROVE
48773.316394439746,1228.0102716216065,0.08497651803820298,0,1023.3418930180054,APPROVE
26511.369299529535,64.75956463364649,0.07034683657082995,0,53.96630386137207,APPROVE
37160.28484810185,1113.2668146827007,0.08643176512923958,0,927.7223455689171,APPROVE
100988.45578030459,4767.548399604866,0.09288888657013179,0,3972.9569996707214,APPROVE
42314.25282151705,457.1079987567447,0.08158534160423382,15,380.92333229728723,APPROVE
37689.9680488338,838.7032460492397,0.09735741356561334,0,698.9193717076997,APPROVE
12235.723248612141,1081.4464209530624,0.12704109396713592,0,901.2053507942187,APPROVE
65973.13236986549,41.181875773771026,0.08937228432204568,15,34.31822981147585,APPROVE
60863.40347533393,9927.182667823958,0.1327271465606006,15,8272.652223186631,REJECT
204966.89937999117,452.94200415058896,0.01940504460315569,0,377.4516701254908,REJECT
28389.57876850386,2451.112852631172,0.1039311580002587,0,2042.5940438593097,APPROVE
43274.56214951881,1203.9625775638312,0.04937774180120966,0,1003.3021479698594,REJECT
44333.99073206258,6042.40732120557,0.11478268690522117,0,5035.339434337975,APPROVE
128278.96991620892,2174.7788363583977,0.032878926859679296,15,1812.3156969653312,REJECT
33649.83979332242,1007.7806150872101,0.15655673173140933,0,839.8171792393417,APPROVE
45397.7226381628,457.2346863649281,0.0845697884673132,0,381.02890530410673,APPROVE
59060.47558110705,3480.167656156541,0.17431713773633678,0,2900.139713463784,APPROVE
42162.53453764446,141.07410818383397,0.17179062593412397,0,117.56175681986163,APPROVE
25408.857389963414,2900.0504469899024,0.060859067798099444,0,2416.7087058249185,REJECT
42415.62104823464,357.2947977894401,0.06288219339610779,0,297.74566482453343,APPROVE
85725.48199502779,6003.844550050242,0.09236144090421863,0,5003.203791708535,APPROVE
15975.119513023088,1621.285055971479,0.06417880915853527,0,1351.0708799762326,APPROVE
40391.54416991534,2893.908901886927,0.08048331387575157,0,2411.590751572439,APPROVE
20741.73945927902,1474.0978928380352,0.10422804048131329,15,1228.4149106983625,APPROVE
94469.97169459055,163.13244107740258,0.13279558896001883,15,135.94370089783547,REJECT
10736.99438174644,475.5822823822835,0.025186363799704,0,396.3185686519029,APPROVE
23222.165759129566,2993.750152622538,0.1431424145115354,0,2494.7917938521146,APPROVE
49107.6202370709,1631.7394757725815,0.006702754125268001,0,1359.7828964771513,REJECT
127060.57540101923,5511.558951150563,0.043246107614769436,0,4592.965792625469,APPROVE
34454.66879774651,2167.5318061193952,0.08642783725128163,15,1806.276505099496,APPROVE
23291.42110056905,418.7912719498304,0.03539540119297396,0,348.9927266248587,APPROVE
163558.4430918562,513.9561454819608,0.08989910369212203,0,428.29678790163393,APPROVE
11402.51107275817,1511.5876112167641,0.1292407107838413,0,1259.6563426806367,APPROVE
6253.866770494286,83.14300090776538,0.1554679273937804,0,69.28583408980448,APPROVE
51637.91972874103,9952.162764047553,0.07438250609970155,0,8293.468970039627,APPROVE
24303.037475724203,2269.9452486770133,0.07429736278096338,0,1891.6210405641777,REJECT
16042.77299226336,5824.663004552349,0.17662189031082837,0,4853.885837126957,APPROVE
64002.99498192645,200.47512576639872,0.03411809373902118,0,167.06260480533226,REJECT
44136.420003029634,5948.492466322799,0.06523848254369882,0,4957.077055268999,APPROVE
23126.561754052946,19442.440305203603,0.04113371221596071,0,16202.033587669668,APPROVE
13039.734581098859,273.78986074367947,0.09819149026612801,0,228.15821728639955,APPROVE
72981.83566229156,3371.4461667312316,0.20747645919165408,15,2809.5384722760264,APPROVE
61093.511353924725,1337.7532954699716,0.04140903012444074,0,1114.7944128916429,APPROVE
33545.54373462416,209.3681716658014,0.10247143888986043,0,174.47347638816782,APPROVE
159103.40199407114,2413.602378322419,0.08114483058308761,15,2011.3353152686825,REJECT
15427.889961894316,3632.726520195738,0.038110670538767405,0,3027.272100163115,APPROVE
10716.928395109675,649.4092112423315,0.1764760381988553,0,541.1743427019429,APPROVE
20878.4654202101,5412.7617494244105,0.111009207264325,0,4510.634791187008,APPROVE
35014.97782941881,180.7832534344938,0.052964108898384626,0,150.65271119541148,REJECT
44120.136158532456,222.22881100001243,0.07573038318991364,0,185.19067583334368,APPROVE
29941.81129728238,1573.9313007043406,0.02819044550213889,0,1311.609417253617,APPROVE
48129.1988786918,1377.2957312710262,0.10175274423777075,0,1147.746442725855,REJECT
13343.283927453225,565.3961980582475,0.10268340462752543,0,471.16349838187284,REJECT
115267.60260068832,3529.559060805991,0.08341877480497237,0,2941.299217338326,APPROVE
34005.55107848467,2526.241954783835,0.07808014224726308,0,2105.201628986529,APPROVE
88772.8967196078,3741.275189770897,0.12690058091580267,0,3117.729324809081,APPROVE
47771.29796283949,1152.4566780078223,0.14660685861292477,0,960.3805650065186,REJECT
52334.054473878095,2753.1781893894918,0.1394002459207016,15,2294.3151578245765,APPROVE
57286.13057978404,782.6100436348371,0.01845273232773651,0,652.1750363623643,APPROVE
51956.746222716596,15709.12975074823,0.031006624221262827,0,13090.941458956857,APPROVE
60729.09628374075,503.89100404078636,0.0789961566721995,0,419.90917003398863,APPROVE
105168.8070205333,16710.153745515338,0.09483778403756928,0,13925.12812126278,APPROVE
42498.1972243048,1393.091202324143,0.1062963189470377,0,1160.909335270119,APPROVE
64036.147402897914,256.41618306257686,0.08414299666342022,30,213.68015255214735,APPROVE
33799.84327311321,6898.850811056613,0.051877517138432146,15,5749.042342547177,REJECT
114931.75223576644,1553.8586579328767,0.08128786039816499,15,1294.8822149440637,REJECT
21139.236837121014,3709.9134447091087,0.07047826768568548,15,3091.59453725759,REJECT
153392.0507745819,5802.487647120072,0.050044990805393125,15,4835.4063726000595,REJECT
35167.35932510027,2004.12246773151,0.008932043983182807,0,1670.1020564429248,APPROVE
11560.852882936275,656.3708131761255,0.03392919739730312,0,546.9756776467713,APPROVE
40234.6374580662,4308.180603471989,0.08532712226148424,0,3590.1505028933243,APPROVE
21060.58733646452,1337.1844369620353,0.06892180579199263,0,1114.3203641350294,APPROVE
71147.81115180199,3042.5287957995565,0.0677507055114277,15,2535.440663166297,APPROVE
21545.038059451676,100.77982819078024,0.17229578495437195,30,83.98319015898353,APPROVE
25413.943356417312,2284.2498755975707,0.10406698425210738,0,1903.5415629979755,REJECT
8009.37023995888,620.8639133851938,0.033274194604262834,0,517.3865944876615,APPROVE
25289.76239996599,9714.612474520325,0.022412439994881687,0,8095.510395433604,APPROVE
5223.362020036484,2821.7702761444284,0.11093511075650297,0,2351.4752301203566,APPROVE
10227.932544520361,1781.5591770313158,0.04046010063184131,0,1484.6326475260964,REJECT
66724.78318698726,2394.636919613138,0.0168486628842629,0,1995.5307663442818,REJECT
68093.71021920943,403.1408011987244,0.07258548035815278,0,335.9506676656036,APPROVE
51040.05774716338,9370.511244961743,0.053655891948877696,0,7808.759370801451,APPROVE
16754.44852369993,14574.947499305548,0.13099314993474617,0,12145.789582754624,APPROVE
34955.49343316794,2140.749156025561,0.08241146198976673,15,1783.957630021301,REJECT
36210.99093525505,9008.277801228483,0.08184308496393644,0,7506.898167690403,APPROVE
14375.896783315167,674.8139806020313,0.01859723983875437,0,562.344983835026,REJECT
120899.95222163966,513.309320570478,0.17048187853545357,15,427.75776714206495,APPROVE
73268.77679001988,1403.219622293398,0.12190654452871261,0,1169.3496852444985,APPROVE
30431.351671136115,2251.482468326281,0.22339088618906378,0,1876.2353902719008,APPROVE
37105.06162371571,832.664574591628,0.1362125296938485,30,693.8871454930232,REJECT
42903.39530221178,2547.1662238375848,0.0806992187164913,0,2122.6385198646535,REJECT
7091.215938111901,1929.6275528802153,0.056598475014430515,0,1608.0229607335125,REJECT
29799.83376086645,403.2056689913426,0.1268484121152047,0,336.0047241594521,APPROVE
21044.880473096207,2489.8220671960225,0.13498754895865608,0,2074.851722663352,APPROVE
16296.47314782404,3765.5484415500864,0.020003690167828447,0,3137.9570346250716,REJECT
29001.99111330702,1641.192003348622,0.07286901363117396,30,1367.660002790518,APPROVE
152993.27137703172,5327.261689991484,0.017349146071293817,0,4439.38474165957,REJECT
60637.83329251748,309.98699804510056,0.07748752667324173,0,258.3224983709171,APPROVE
22995.568631983577,2342.4564286205978,0.13217544109863757,0,1952.047023850498,REJECT
57415.30733611988,328.0211405914418,0.1376805723112678,30,273.35095049286815,REJECT
111244.34299681778,350.90561252794635,0.009264194456391388,0,292.4213437732886,APPROVE
76092.64928379758,626.5934382807333,0.08405130049125342,15,522.1611985672777,APPROVE
38089.89473703976,431.3598612888699,0.02132397701059674,15,359.46655107405826,APPROVE
21643.28617258559,692.1619254200693,0.0389376294360373,0,576.8016045167244,APPROVE
63486.251580194505,1033.2190864084366,0.07773392908848463,0,861.0159053403637,APPROVE
49751.12265876217,3648.2405548964034,0.07575975173807811,0,3040.2004624136694,APPROVE
74321.42714606387,908.7082272778367,0.036571020588683924,0,757.2568560648639,APPROVE
60363.351791133384,199.27067150873984,0.09807745881195595,0,166.05889292394986,APPROVE
84089.93604356895,5247.443700427385,0.09239014412125186,15,4372.869750356153,REJECT
23666.405468484852,489.2662142053204,0.03137240008498641,0,407.7218451711003,APPROVE
104184.14657239712,1245.0741862592765,0.10921870222198922,15,1037.5618218827303,REJECT
42534.87827963345,2283.029836276807,0.08184900801305639,0,1902.5248635640057,APPROVE
191034.3813887249,1697.5603466144548,0.13090900883846124,30,1414.6336221787124,REJECT
20923.950641134077,4966.299945345253,0.12573369975388188,0,4138.58328778771,APPROVE
145622.2243018366,2373.731999805138,0.07710311916576412,0,1978.1099998376149,APPROVE
42545.46835863439,475.2511548593244,0.12766864344196746,0,396.042629049437,APPROVE
21565.834323430492,18245.7875975529,0.08481841915099016,0,15204.822997960748,REJECT
24658.854718498125,1686.8447701881134,0.05663087162921747,0,1405.703975156761,APPROVE
28105.544624202055,1119.4655188354168,0.11482395718408067,15,932.8879323628472,APPROVE
50987.34568634646,4247.668039208916,0.12261727054244707,0,3539.7233660074294,REJECT
55175.17431484393,1802.1867039961417,0.06569612223500973,0,1501.822253330118,APPROVE
22949.23764488448,2157.0325540002395,0.12558733851529824,0,1797.527128333533,APPROVE
35614.79164498,26583.226291711122,0.08732033622654846,0,22152.688576425935,APPROVE
201554.74017800973,960.3225264591749,0.03652242637281212,0,800.2687720493124,APPROVE
144644.53604727428,912.4212991087696,0.08776782153166303,0,760.3510825906413,APPROVE
51485.677220040525,1536.571817458452,0.055091031610757416,15,1280.47651454871,APPROVE
37436.5501356987,4833.0548928400085,0.10530696565775602,15,4027.5457440333407,APPROVE
39975.620563623066,219.11004030701616,0.06336885937230714,15,182.5917002558468,APPROVE
59326.67873617931,126.31109062186866,0.10631796367823439,0,105.25924218489054,APPROVE
16022.767329036837,660.4203870051908,0.08400408870923538,15,550.3503225043256,REJECT
29557.676527495387,188.04990056265854,0.09291479775958557,0,156.7082504688821,REJECT
9557.990076505552,802.4080668305046,0.0620507041068958,0,668.6733890254204,APPROVE
49980.014678892236,2441.6139202628697,0.003962065600211759,0,2034.6782668857247,REJECT
60946.80733079839,458.75498727014184,0.064960947658838,15,382.29582272511817,REJECT
24672.655143988795,241.10270749134384,0.05301758450587803,0,200.9189229094532,APPROVE
127923.71780887163,1451.887192229141,0.23074973767949156,15,1209.905993524284,REJECT
13621.265219126908,3761.1012853714547,0.16951589913795936,0,3134.2510711428786,APPROVE
11254.238540499227,174.76579805675814,0.06121014667765143,0,145.63816504729843,REJECT
43458.48766340625,3574.904655467406,0.07199185807174895,0,2979.087212889505,APPROVE
83924.98491376826,3562.3736293762204,0.034422645305058404,0,2968.64469114685,APPROVE
139684.57907778703,4197.804920170352,0.057430620791296544,0,3498.170766808626,REJECT
25157.02824840102,5765.177173560384,0.06414064680759644,15,4804.31431130032,APPROVE
86072.45037044729,18766.555777347414,0.23671526125934317,0,15638.796481122845,APPROVE
35213.796273973094,871.402906106197,0.03214447108394895,0,726.1690884218307,APPROVE
31631.165389206682,1523.7059982459105,0.12612086350319324,0,1269.7549985382586,REJECT
73638.84493931948,810.5303504966146,0.11626964385411168,0,675.4419587471788,REJECT
61197.29711458347,1339.145657675945,0.044852333667790074,0,1115.954714729954,APPROVE
10289.572413948661,8407.361194624862,0.12910253635697286,0,7006.134328854051,APPROVE
118329.96088035847,265.97372515475115,0.11416312944853203,0,221.6447709622926,APPROVE
109543.06989935327,475.39940360212245,0.13241357480910906,15,396.1661696684353,APPROVE
22016.55256580781,6974.612369021551,0.09457489087705963,0,5812.176974184626,REJECT
49843.47263767708,4543.52633489775,0.09668619031057757,0,3786.271945748125,REJECT
53918.24242213059,864.0727190465421,0.057614060710734105,0,720.0605992054517,APPROVE
44736.232049170445,3724.5350653436626,0.14700846073827775,15,3103.779221119719,REJECT
23382.797394905465,2011.9786463081673,0.12227210075712247,0,1676.6488719234728,REJECT
21220.040179717253,8084.827514800041,0.05686365148184747,0,6737.356262333367,APPROVE
35580.632688723315,1460.9269632906714,0.1242055115743304,15,1217.4391360755594,APPROVE
92798.26434379227,4574.137537995481,0.058246722445312864,0,3811.7812816629007,APPROVE
56099.38470781716,31819.32853206806,0.0802752103378328,0,26516.107110056717,APPROVE
26997.74260667792,2738.413160362881,0.04907171170707428,0,2282.0109669690673,REJECT
67329.85099748448,1417.4414164428927,0.03807399830573372,15,1181.201180369077,APPROVE
3718.8356594252336,3179.0932362247045,0.06179592631493682,0,2649.244363520587,REJECT
91036.2047068639,861.847100363032,0.07809649021919346,0,718.2059169691934,APPROVE
9029.289642957452,23458.217844999515,0.03645512219585056,0,19548.51487083293,REJECT
27174.851485989497,1658.2202244574908,0.10379876273630428,0,1381.8501870479088,APPROVE
14827.874259515183,962.8473871265911,0.03328191913943985,0,802.3728226054926,APPROVE
12890.615170465559,490.0895360191557,0.08538395089939707,15,408.4079466826297,APPROVE
91918.85260474724,4984.453945780069,0.10185914004937825,0,4153.71162148339,REJECT
24980.206217518717,3782.119336012633,0.07134407467462314,30,3151.766113343861,REJECT
47915.920868389374,735.5287742551218,0.14061022618976812,0,612.9406452126015,APPROVE
34977.61403695181,2668.192407402646,0.08760584365629442,0,2223.4936728355383,APPROVE
53190.37095059459,218.57905243633297,0.08430199363736264,15,182.1492103636108,APPROVE
38617.372263553996,1667.9983556447937,0.10070042132256818,15,1389.9986297039948,REJECT
13011.725879810838,2300.1336973214306,0.08933645302623307,0,1916.7780811011924,APPROVE
80580.62021152792,10365.21407684874,0.0759806228381483,0,8637.67839737395,APPROVE
24464.900421480757,529.7643810976047,0.02522940877598563,0,441.4703175813372,APPROVE
10453.942731047071,288.12423321172565,0.0871288127769046,15,240.10352767643803,APPROVE
25783.95997635287,456.186334298296,0.015603095773749054,0,380.1552785819133,APPROVE
120645.02467204622,268.6831237534703,0.052686067513719764,0,223.9026031278919,REJECT
71695.07919015766,6643.563274891188,0.03304382210228628,0,5536.302729075989,REJECT
27476.277979943196,8567.935302481277,0.08812671478410315,0,7139.946085401064,REJECT
27462.970157970805,1961.912026714907,0.05642010583315219,15,1634.926688929089,APPROVE
28076.605358097368,5784.683003414487,0.07529492989452244,0,4820.569169512072,APPROVE
191261.7880876056,1568.954830660874,0.03368977792238383,0,1307.4623588840616,REJECT
49293.54220948383,1191.872560723458,0.0424737074578048,0,993.227133936215,APPROVE
51227.57896939696,895.8471116906693,0.03368227969680722,0,746.5392597422243,APPROVE
82803.59549021839,920.5264340832521,0.2088482600471346,15,767.1053617360434,APPROVE
43959.82058657871,208.523769978762,0.041578267560057725,0,173.769808315635,APPROVE
29518.31754459548,1834.4878548052789,0.04471341879289277,0,1528.739879004399,APPROVE
31036.52825950503,1272.850579181993,0.15944112410555272,0,1060.708815984994,REJECT
34293.77029029629,3267.7200094919426,0.09295945203220263,15,2723.1000079099517,REJECT
35250.04943998251,1494.6436597511433,0.10714814773715575,0,1245.5363831259526,APPROVE
64997.47064128168,1099.0159473963502,0.05033688564221031,0,915.8466228302918,APPROVE
37856.45207404392,469.647902809036,0.09473173952795522,0,391.3732523408633,APPROVE
65258.53111998847,1456.8018396171278,0.05522557041511277,0,1214.001533014273,APPROVE
34044.600926715095,3239.9059610094123,0.09589792693585576,0,2699.92163417451,REJECT
38673.432797443056,338.79937488998735,0.11345614702950224,15,282.3328124083228,APPROVE
7342.535165530758,1483.8322992164487,0.05322553657090636,0,1236.5269160137073,APPROVE
75588.70451005435,1767.0494352052458,0.1508946742206351,0,1472.5411960043714,APPROVE
47915.33032429918,564.3852957007758,0.10502049248403961,0,470.3210797506465,REJECT
80693.07895071623,659.8333750600586,0.06687530888068406,0,549.8611458833822,APPROVE
3579.5618994284273,1761.8997785799777,0.23643876634897443,0,1468.2498154833147,APPROVE
193049.08535678807,342.8557089541125,0.023308402300843346,15,285.7130907950937,APPROVE
32478.32742701044,2033.1129396960616,0.03588298986640809,0,1694.2607830800514,APPROVE
88128.05916049494,456.22661948302175,0.11064790798830634,15,380.1888495691848,APPROVE
15804.899380156286,4783.076982839581,0.07683164795240181,0,3985.8974856996515,REJECT
59291.37479383983,22088.407480132726,0.007731507861012874,0,18407.00623344394,APPROVE
15635.00437106401,475.5665094971939,0.0787639237241311,0,396.3054245809949,APPROVE
22048.168836072036,2536.30694126647,0.11983630438593419,0,2113.5891177220583,REJECT
167916.99906114515,558.5390978419372,0.06598588022821167,0,465.44924820161424,APPROVE
31177.566083725076,4659.0177216886705,0.15419424465801168,0,3882.514768073892,REJECT
43215.145304503785,292.68730365356464,0.044803140854262964,15,243.90608637797052,REJECT
72842.45115891844,2378.2471818530526,0.17344147098836973,0,1981.8726515442104,APPROVE
53989.53499508144,468.63684309193144,0.0597810217113284,0,390.5307025766095,REJECT
40959.33909121639,1042.1419069031972,0.11056204861553036,15,868.4515890859976,APPROVE
48628.682075568424,387.6816746885503,0.05416301807046736,15,323.0680622404586,APPROVE
248384.31134011102,3584.0025015828305,0.23861800197810218,0,2986.668751319025,REJECT
34679.53291482519,489.3306719407848,0.046717636450013054,15,407.775559950654,REJECT
42654.12379123419,2590.9296232863244,0.1385227065914366,30,2159.10801940527,APPROVE
84164.08091925475,884.0355467555745,0.07233632264055412,15,736.6962889629787,APPROVE
87940.94128239929,1164.5011313389944,0.2237542800828399,0,970.4176094491619,APPROVE
93866.06872386098,1595.148311059049,0.04034123690759775,0,1329.2902592158741,REJECT
60535.43515629208,535.5130723183482,0.10744780744453761,0,446.26089359862345,REJECT
14553.635003480409,1719.6145455266396,0.19956924158379727,0,1433.0121212721997,APPROVE
134154.20834977808,8381.786728978173,0.07844555913631704,0,6984.822274148478,APPROVE
14514.794020930036,525.1590473295278,0.08213206559494594,0,437.63253944127314,REJECT
46263.489819760245,5451.178369833215,0.06548284230342316,0,4542.648641527679,APPROVE
19862.31148867874,8063.734512331858,0.008407878197849605,15,6719.778760276548,APPROVE
34499.12784088661,501.71333971914913,0.025445009477366977,15,418.09444976595756,APPROVE
47240.64520508945,233.07245733215962,0.12012726249503064,0,194.22704777679965,APPROVE
46961.611594276044,1919.400136332194,0.05607015899211389,15,1599.5001136101616,REJECT
50895.84677269758,692.6507332270853,0.04419066297252358,15,577.2089443559044,REJECT
132054.37060006004,12578.43061391938,0.28682590537783964,15,10482.025511599482,APPROVE
52199.46063795823,1392.9567923536588,0.03409306511417653,0,1160.7973269613824,REJECT
29871.9350579237,510.18612869547525,0.05679966081475387,0,425.15510724622936,APPROVE
78532.6495103911,337.24966231310475,0.0066112629973311765,15,281.0413852609206,REJECT
94049.48803180433,4940.890504054193,0.028291824373296234,0,4117.408753378494,APPROVE
13601.206049334292,673.1674689266956,0.08208828464042604,0,560.9728907722464,REJECT
58566.612221526084,1408.118177893041,0.07487049326251775,0,1173.4318149108674,APPROVE
63636.22698515428,4206.4662393977205,0.09844737679725193,0,3505.3885328314336,APPROVE
28622.522798232156,747.1790770299216,0.1842772579976262,0,622.649230858268,REJECT
109159.5061423947,1264.3334085573401,0.06125254076283233,0,1053.6111737977833,APPROVE
32207.529202820766,1309.6730635246204,0.030581414737035642,0,1091.3942196038504,REJECT
40153.350392385546,3033.2936484578477,0.08724060910578559,15,2527.7447070482062,APPROVE
31619.918730678957,2714.3508593498314,0.08024114932087154,0,2261.9590494581926,APPROVE
36770.943668926586,1025.8516549927742,0.09455476740351766,0,854.8763791606452,REJECT
15108.003726411183,1442.01076162398,0.24791178259575272,15,1201.6756346866498,APPROVE
11475.381653323682,855.152737366954,0.2202858663225338,0,712.6272811391283,APPROVE
130040.86817102235,226.84796121580385,0.06211951429175132,0,189.03996767983654,APPROVE
18442.8293599295,1819.8983664172683,0.05445267269388431,0,1516.5819720143902,APPROVE
16430.359975445208,12939.565895524349,0.041242514797390696,15,10782.971579603623,APPROVE
6485.2646735975895,462.64126038422864,0.1163330171321936,0,385.5343836535239,APPROVE
21781.812288167323,528.3607322689229,0.03922865549530094,0,440.3006102241024,APPROVE
12600.958547872859,469.9101851574952,0.13048656849923904,0,391.5918209645793,APPROVE
135078.60241681364,3187.2859729581996,0.0816960905710758,0,2656.071644131833,REJECT
81458.88321318848,2288.3754905601527,0.05790231338462734,0,1906.979575466794,APPROVE
20941.32427560592,1104.5239162691764,0.07700081797006418,0,920.4365968909802,APPROVE
220124.51539026972,443.98555718440485,0.07841792330327385,0,369.98796432033737,APPROVE
79651.20067346682,1492.5883760892807,0.05451913925690723,0,1243.8236467410673,APPROVE
28004.903342286318,204.3569774848985,0.044904598946754776,0,170.2974812374154,APPROVE
4917.106015051683,1586.8826722037159,0.1251956763878673,0,1322.40222683643,APPROVE
227011.0691551279,3801.854185690516,0.06566837474210273,0,3168.2118214087627,REJECT
11948.272982098748,297.6671580662645,0.053735055813765406,0,248.0559650552204,REJECT
9736.928544856633,212.38336663932847,0.05499583730236731,0,176.98613886610704,APPROVE
82294.23582283879,8890.516066426328,0.08780814507252538,0,7408.763388688606,APPROVE
255710.67922465116,641.1755828411921,0.12623178630553378,30,534.3129857009934,APPROVE
109910.1238406643,5221.564361748849,0.05377161990485017,0,4351.303634790706,APPROVE
57018.2856382318,1110.5578201697429,0.07999154719211993,30,925.4648501414523,REJECT
58442.782246633506,1100.0040346862886,0.15044877621263603,0,916.6700289052405,REJECT
71878.49816408052,2260.881694289524,0.07651966946800902,15,1884.0680785746033,APPROVE
66645.50435735917,462.4859966174561,0.04436626784483769,15,385.40499718121345,REJECT
45476.59782808316,1566.2061033114442,0.07055301709520566,15,1305.1717527595367,REJECT
39472.55436414817,845.2459154483215,0.11296957237932777,0,704.3715962069346,APPROVE
34541.80116910074,273.9163519485669,0.05045011219183974,15,228.26362662380575,APPROVE
19867.257997290675,2002.9840982697876,0.05928464000283335,0,1669.153415224823,REJECT
29011.858480484494,974.0333455678531,0.14131927389503726,15,811.6944546398776,APPROVE
9373.431673118548,1106.530930848608,0.10522915670455558,0,922.1091090405066,REJECT
33567.9928623757,312.6929675952828,0.011350781625724789,0,260.577472996069,APPROVE
16467.22159891891,9019.059581114254,0.10410975087810553,0,7515.882984261877,APPROVE
15019.85912671767,3825.6051032208,0.04566725707164874,0,3188.004252684,APPROVE
41936.6456247698,4248.84290844057,0.04120017569861121,15,3540.702423700475,APPROVE
110591.86688624132,926.0065092748323,0.0744611982038927,0,771.6720910623602,APPROVE
75709.07283864477,167.7366918719879,0.09930354027398802,0,139.7805765599899,REJECT
10338.18413532935,13917.687135068272,0.21475162655744157,15,11598.072612556893,REJECT
16453.565669738946,1241.5276763860195,0.03050325105783978,30,1034.6063969883496,REJECT
77081.37418387315,543.9488146878956,0.08899160864715958,0,453.2906789065796,APPROVE
16547.827199869284,2203.0031934344292,0.12115082808732079,0,1835.8359945286911,APPROVE
30342.16110717345,5420.58950137108,0.07332904622881019,0,4517.157917809233,APPROVE
56389.69337560799,1299.5251918597737,0.18312544494785474,0,1082.9376598831448,APPROVE
16736.118311293183,6196.284446278953,0.16956569562719526,15,5163.570371899127,APPROVE
39509.65711440056,4900.119312177214,0.09577290846767247,0,4083.432760147678,APPROVE
12491.199109370094,367.14522642965903,0.0256557608928215,0,305.95435535804916,APPROVE
22446.857032986627,595.1817256738233,0.024907456490765825,15,495.9847713948527,APPROVE
46902.46667092013,4215.230282301997,0.09191661811786958,0,3512.691901918331,APPROVE
10153.81740903573,51.53596072157356,0.07806636231878344,0,42.94663393464463,APPROVE
51656.93787805358,1116.6272926411323,0.15487270865536848,15,930.5227438676102,REJECT
35749.43560978501,239.94685589626397,0.08784286816513898,15,199.95571324688663,REJECT
56499.77662199559,754.1191242766547,0.06970430935625443,30,628.4326035638788,APPROVE
43439.79811932067,933.397168680253,0.09283691506666888,0,777.8309739002108,REJECT
108154.10032518614,869.155154899954,0.06287131042428001,0,724.2959624166283,APPROVE
40142.04638004893,688.628132340473,0.05151665156479802,15,573.8567769503942,APPROVE
25757.356821682322,358.1108328489157,0.19836699726844662,0,298.42569404076306,APPROVE
40048.15974194968,20904.26380989229,0.10778878739074749,0,17420.21984157691,REJECT
56085.82709999443,12561.21677097052,0.02829420461059474,0,10467.680642475434,APPROVE
37763.112911708784,331.2707188110081,0.07381823432220161,0,276.05893234250675,APPROVE
37514.145454920494,8919.141785614,0.1461670675553942,0,7432.618154678333,APPROVE
20710.718553473605,827.2081187467489,0.0934292819035782,0,689.3400989556241,APPROVE
21368.63060397358,1559.9980886274325,0.04738063370064732,0,1299.9984071895271,APPROVE
11824.34454895758,1238.2893567440622,0.198178911709595,0,1031.9077972867183,REJECT
147216.7683999525,605.2953601533139,0.10284969594299205,15,504.4128001277616,REJECT
13425.476492716361,4350.463714054534,0.036138066603146966,0,3625.3864283787775,REJECT
20861.81726068208,1553.8309538403237,0.027326746471826015,0,1294.8591282002697,REJECT
20440.513934020877,754.1212764279728,0.04396803744401221,15,628.4343970233107,APPROVE
74305.44422358192,279.1941936935374,0.009961237702231307,15,232.6618280779478,APPROVE
28682.436832401338,457.1908371739582,0.17187373398506373,0,380.9923643116318,APPROVE
98537.61753272514,186.37462635550153,0.06766431463080469,0,155.3121886295846,APPROVE
21188.365240631043,1355.7135028647497,0.031705178127121765,0,1129.7612523872913,APPROVE
45396.728854883324,317.798074824935,0.06805370212705576,15,264.83172902077916,REJECT
18614.98829275799,971.4038487644241,0.020148900843873968,0,809.5032073036867,APPROVE
202019.45875592006,6915.6146825797405,0.14626914045810005,0,5763.012235483117,REJECT
14043.588902859374,5633.99687919045,0.10408655071721619,0,4694.997399325375,APPROVE
46530.187206523,1285.2167165009082,0.1253786138046566,15,1071.0139304174234,APPROVE
60296.02768927852,1203.4085114952902,0.07234852568118355,0,1002.8404262460753,APPROVE
50566.23186056952,12749.717153625936,0.09095496477488933,0,10624.764294688279,APPROVE
31312.41279701998,2495.6943135002634,0.06288604259099602,15,2079.7452612502193,APPROVE
32733.144611114436,901.48838200331,0.0897253972435386,0,751.2403183360916,APPROVE
37610.899872097216,241.33672716603496,0.11420727414677581,0,201.11393930502913,APPROVE
32286.304134898168,2143.2159681280677,0.08332981931503294,15,1786.0133067733898,APPROVE
78519.57953010088,3614.1191300763494,0.17305038301902606,0,3011.765941730291,REJECT
212866.0558846124,626.051776403509,0.13703393680085568,0,521.7098136695909,APPROVE
23248.74827643996,1894.7803739944022,0.03261193139124613,0,1578.9836449953352,REJECT
12138.744202876382,863.6149010864871,0.03471742017727246,0,719.6790842387392,APPROVE
33839.17254086132,1071.2441703324544,0.024687636062849024,0,892.7034752770452,APPROVE
286005.82883133565,67.49330703539793,0.049481442223382376,0,56.24442252949828,REJECT
19092.680976024287,1023.8007663382458,0.09979529084720226,0,853.1673052818714,REJECT
134765.7606865776,4275.5074235554275,0.2056074467965934,0,3562.9228529628563,REJECT
138990.47036830065,626.238845288634,0.08777048030147734,0,521.865704407195,APPROVE
23321.46375300179,1422.8917860669335,0.09739632555352619,15,1185.7431550557778,APPROVE
57250.20277595086,539.3011091430311,0.11035513373347633,0,449.4175909525259,APPROVE
133614.93175902398,2058.9366075151074,0.09639453306662685,0,1715.7805062625894,APPROVE
26814.493088480303,1030.2812167837917,0.04350731307466384,0,858.5676806531596,REJECT
30857.518523763625,432.8213508342241,0.05885645210527077,15,360.68445902852005,APPROVE
22803.179770597562,6610.910493420997,0.11961167678811135,0,5509.092077850831,APPROVE
16126.104177533618,4072.992732129805,0.06621117997524624,15,3394.1606101081707,APPROVE
21602.79457870247,646.4699979760416,0.06508799703363055,15,538.7249983133679,REJECT
13641.171115101442,2427.8488037463753,0.058539470235582786,0,2023.2073364553128,APPROVE
37319.332711158146,2546.0777338078606,0.09788415840775049,30,2121.7314448398834,REJECT
19614.442088867036,2887.5867250240017,0.029262962209650897,15,2406.3222708533344,APPROVE
43784.21877206816,174.91634513151212,0.06372180648919638,0,145.76362094292676,REJECT
10459.683541861392,4470.889925384773,0.1988314425236649,0,3725.7416044873103,APPROVE
47320.75086453897,674.3681318511055,0.1167244362371918,0,561.9734432092546,REJECT
70744.01153350624,869.5896092720589,0.037427256329341345,0,724.6580077267157,APPROVE
7368.809846704189,31662.016055312597,0.07633891154144362,0,26385.013379427164,REJECT
48983.81693343164,1919.1985651023724,0.03790200511687866,0,1599.3321375853102,APPROVE
96967.89215499317,840.3579537375869,0.2118803902636766,0,700.2982947813224,APPROVE
13798.11386075145,94.73292907901924,0.030539643912129235,0,78.94410756584936,APPROVE
138421.39653671058,7080.7270191859225,0.037375792898736195,15,5900.605849321601,REJECT
50777.83439263051,265.9114349527435,0.09406035202654214,15,221.59286246061959,APPROVE
20660.73907760717,400.7301358425673,0.04898190115828622,15,333.941779868806,APPROVE
34730.88882624684,897.66069177866,0.14713481561408107,15,748.0505764822166,APPROVE
56764.22302976745,7310.8078310847195,0.09318311347006251,0,6092.339859237266,APPROVE
38592.155643512124,3378.8912124491094,0.1542451265078846,0,2815.7426770409243,APPROVE
55882.401806771864,1105.452348339129,0.02849378909723911,30,921.2102902826074,APPROVE
17386.70522345239,1934.038114408451,0.022453513986750905,0,1611.698428673709,APPROVE
41584.744457885965,649.9868133698756,0.08877905296139599,30,541.6556778082296,APPROVE
11719.722700404096,1579.7143751921644,0.1159262729141706,15,1316.4286459934704,APPROVE
33223.71313228009,1458.8722733756772,0.019161869635919745,15,1215.7268944797308,APPROVE
17621.47991904188,4272.433207819633,0.10637790615320085,0,3560.3610065163607,APPROVE
20162.42587259859,4264.280103202643,0.11754197157247616,0,3553.566752668869,APPROVE
97623.59938674599,2416.7713262404845,0.11053285255161854,0,2013.976105200404,APPROVE
86946.48526449423,864.8861138290239,0.04491444756735888,0,720.7384281908531,REJECT
59119.16884389089,3253.8743085267197,0.16011332384068885,15,2711.5619237722663,APPROVE
15155.969932396772,1196.3765756822174,0.022674083648075268,0,996.9804797351812,REJECT
28194.247316407935,364.7155244188682,0.08568110696558799,15,303.9296036823901,APPROVE
95844.09692497364,823.4226004804019,0.0889654520159603,15,686.185500400335,REJECT
40675.187057624185,1478.5945505175807,0.037774197111630006,15,1232.1621254313172,APPROVE
232225.37707092025,3982.5350685338426,0.018398650339491708,0,3318.779223778202,APPROVE
49744.45462328601,1071.8925468049704,0.14550641412779675,0,893.243789004142,APPROVE
42346.42551914331,313.05423601061045,0.06920274546588134,0,260.878530008842,REJECT
28359.201620289332,1430.107545346559,0.10852592138872179,0,1191.756287788799,APPROVE
40410.0066980917,1530.825107656192,0.07871006614779551,15,1275.687589713493,APPROVE
32145.38363099843,1669.7347520520661,0.09699277654755642,0,1391.445626710055,APPROVE
63990.30979024914,4028.9485941554776,0.07011460875961775,0,3357.4571617962315,REJECT
78070.05576708622,4537.460598974616,0.12337485287269262,0,3781.21716581218,REJECT
19364.725786662795,654.820963529026,0.06965039298887778,0,545.6841362741883,APPROVE
12519.136055905758,637.8114822708684,0.03691859069454985,0,531.5095685590569,REJECT
8358.512014304873,383.4374305802404,0.03499899141529694,0,319.5311921502003,APPROVE
54523.82611447938,3090.208092089301,0.15888160370676868,0,2575.1734100744175,REJECT
15022.535435908243,7600.725916265446,0.023168816551481328,0,6333.938263554538,APPROVE
6487.8568103999705,915.3592338394487,0.10785931253518534,0,762.7993615328738,APPROVE
49556.21117785029,999.9429519811258,0.051618435091291645,15,833.2857933176048,APPROVE
266838.69438783685,7766.337556472411,0.01160100528720319,0,6471.947963727009,REJECT
36139.55572004511,2450.5905881177937,0.12083761812392411,0,2042.1588234314947,REJECT
71025.38444792507,2254.9830894360553,0.12100892957175541,15,1879.152574530046,REJECT
38772.382729046156,319.99811329954935,0.06892215573007626,0,266.6650944162911,APPROVE
33553.22548587413,3016.608874268366,0.05343086493640891,0,2513.8407285569715,APPROVE
75755.1104960417,438.1017977796297,0.15634785938130513,30,365.08483148302474,APPROVE
28789.913084355067,342.60928389852603,0.08418781503649336,0,285.507736582105,REJECT
44977.329425257325,881.2038772512648,0.06148115432063976,0,734.336564376054,REJECT
46974.409089931534,661.4693436996134,0.02372808906780185,30,551.2244530830111,APPROVE
21280.099880680384,1024.0240316619088,0.03283697762972645,15,853.3533597182573,APPROVE
80308.75154631936,237.041906357004,0.12846266293877734,0,197.53492196416997,REJECT
31572.19776179852,4221.705510398238,0.06524935150723485,0,3518.0879253318653,APPROVE
19838.978099005002,5170.05424869753,0.0031873129852296117,0,4308.378540581275,APPROVE
55782.07581740687,129.10214826567727,0.050576232498647,0,107.58512355473106,APPROVE
17698.330897995642,4322.392181978272,0.12982996910265795,15,3601.993484981893,APPROVE
37143.53184723761,505.1121840408523,0.10233596968776064,0,420.9268200340436,REJECT
36051.53792477776,3736.0551140151265,0.06135108773228959,0,3113.379261679272,REJECT
86570.67857774721,1230.6270507310414,0.1805500577141193,0,1025.5225422758679,APPROVE
53090.78152910869,1382.9104567445931,0.030436383043138785,0,1152.4253806204943,APPROVE
35595.63984245981,1069.8756734851536,0.02648716004098872,0,891.563061237628,APPROVE
69857.52148098647,5721.406536218162,0.023489708743803465,0,4767.838780181802,REJECT
110433.1941425821,301.84368739651114,0.04300680530276859,0,251.53640616375927,APPROVE
56740.76807861469,2770.6114461041966,0.11517124566992393,0,2308.842871753497,APPROVE
36617.52009137753,5009.097834318057,0.05078418112639564,0,4174.248195265047,REJECT
12714.915270874655,3155.8810894896706,0.06618012987482465,0,2629.900907908059,REJECT
15489.367031567785,21743.140428901752,0.015284914771033971,0,18119.283690751457,REJECT
28447.632972036223,708.1661857151257,0.1342761249659506,0,590.138488095938,REJECT
22301.076688374786,4214.055202725169,0.10739497411277861,0,3511.7126689376405,APPROVE
31270.266020017116,1176.272882633272,0.06579601591067225,0,980.2274021943934,REJECT
37999.1830547299,5869.367751738847,0.05575633685402968,15,4891.139793115705,APPROVE
55478.68675160403,1323.7026307512435,0.06817427160438734,0,1103.0855256260363,APPROVE
34324.03022661036,838.7930126097208,0.06583144188543404,15,698.9941771747673,APPROVE
53594.477769398996,6404.150351901029,0.06531216022049278,0,5336.791959917524,APPROVE
38237.78844142241,740.6591849725337,0.10049168799541942,15,617.2159874771113,APPROVE
7477.297784311039,245.2171136601377,0.07331375373612285,0,204.3475947167814,REJECT
17129.05947964813,718.5236689856911,0.03297272156301987,15,598.7697241547424,APPROVE
32361.669309393732,2808.074912167547,0.09167537243064224,15,2340.0624268062893,REJECT
13797.52083994542,7100.080556212492,0.054231002229776566,15,5916.733796843743,APPROVE
58685.2081832201,1526.5570084921949,0.08037570454318557,15,1272.1308404101624,APPROVE
123574.64505601223,6498.010861141471,0.023774735294112784,0,5415.009050951226,APPROVE
96279.38279526845,261.806321959124,0.06230309312359506,0,218.17193496593663,REJECT
30615.010389011568,784.8548131099383,0.042630558625747626,0,654.0456775916152,APPROVE
119680.49263640582,944.9431494964001,0.10062144901674387,0,787.4526245803335,REJECT
40901.98875893962,1164.3794859764994,0.0796022547787239,0,970.3162383137495,REJECT
27731.693924802767,1477.8271896297415,0.04891187620919686,0,1231.5226580247845,REJECT
22231.775407799236,3061.0340291154716,0.05343045715650181,0,2550.8616909295592,APPROVE
28510.401107239788,783.4025695324266,0.09901539506975193,0,652.8354746103554,APPROVE
26621.076886442504,1578.5300286462154,0.10265311232648756,0,1315.4416905385128,REJECT
41619.87006059688,1265.556769871986,0.07460888973093163,0,1054.6306415599884,APPROVE
41293.45058265195,439.8118502258057,0.11066673882308557,0,366.5098751881714,APPROVE
36404.104786352174,1165.6275378901596,0.14893959936592563,15,971.3562815751329,APPROVE
51510.99380424784,1124.4209501250793,0.036340796381774024,0,937.017458437566,REJECT
94137.99529817802,1095.8857605519736,0.01652857075201673,15,913.2381337933112,APPROVE
77624.8827178174,1387.8710799932162,0.10790907677764831,0,1156.5592333276802,APPROVE
11070.969769354017,1462.9689184882996,0.043854806598319106,15,1219.1407654069162,APPROVE
4707.268545198291,795.2533093983322,0.09949815931272743,30,662.7110911652768,REJECT
76684.58037366107,6152.86181151542,0.09571300451029087,0,5127.384842929517,APPROVE
12167.1751267341,328.3362225015381,0.10076231913057881,0,273.61351875128173,APPROVE
30338.95103033209,562.4210545948795,0.04317031828790447,0,468.68421216239955,APPROVE
14241.415443558662,37547.84464987722,0.008230114165740243,15,31289.870541564345,APPROVE
8590.529460602971,384.4544364020146,0.026224615104555295,15,320.3786970016788,APPROVE
56003.540031293065,263.1987097712535,0.032900514827053515,0,219.33225814271125,APPROVE
66657.58537725004,3225.3185547144253,0.10324877055940923,0,2687.7654622620207,APPROVE
22897.698433834405,110.48404070050071,0.1487046369848858,0,92.07003391708393,APPROVE
4569.532432469509,1007.3578731531036,0.041888490254932895,15,839.464894294253,APPROVE
23458.881434877512,17542.90400792359,0.0838782840545751,0,14619.086673269658,REJECT
49684.24721120478,209.24206770304505,0.05861107351065196,15,174.36838975253752,APPROVE
11124.117132185667,123.8483117111117,0.04571090107434844,15,103.20692642592643,APPROVE
42053.08113413141,221.051888744255,0.11817424195146055,15,184.20990728687914,APPROVE
35873.42754710102,3926.2748853167905,0.1338795462561658,0,3271.895737763992,APPROVE
57724.282220535795,5152.034535026567,0.08150062996235484,0,4293.362112522139,REJECT
39961.20129433112,722.2045078336417,0.110036719605722,15,601.8370898613681,REJECT
16672.982055431574,3032.885609889058,0.08278727338572182,0,2527.4046749075483,APPROVE
94585.2857636443,7084.901858519779,0.0755261213752326,15,5904.084882099815,REJECT
31989.92669931314,11409.830693578895,0.15523408291730686,15,9508.192244649079,REJECT
35530.84133822532,994.0749135787785,0.030680634600166668,0,828.3957613156487,APPROVE
17212.405154300584,84.40687417041185,0.029778999501757948,0,70.33906180867653,APPROVE
25472.996239658663,498.87731316174023,0.00957698795736285,0,415.7310943014502,APPROVE
17892.87430008776,800.5106792590575,0.10725533723773296,0,667.0922327158812,REJECT
31623.100217808616,979.1534297227289,0.12112623326346278,0,815.9611914356074,APPROVE
142823.77178472315,1066.3358653598564,0.07893529515111962,0,888.6132211332136,APPROVE
12118.386038974299,5115.796703531046,0.10531442908906243,0,4263.163919609205,REJECT
9988.112168855685,6165.527767751069,0.03844516114808369,0,5137.939806459224,APPROVE
117822.70363704118,1087.2496420974364,0.05967911962319274,0,906.0413684145302,APPROVE
30716.064129794013,4992.02420236728,0.0537982949542227,0,4160.0201686394,APPROVE
21263.383950847354,2052.0786765684234,0.02916045209946621,15,1710.0655638070193,APPROVE
83443.39275958447,1443.4943347615922,0.03836486769698955,0,1202.91194563466,APPROVE
22370.704973166197,3965.0268093150717,0.09334813527677759,0,3304.1890077625594,APPROVE
156499.449414438,1456.974588242042,0.03538593922658322,15,1214.1454902017017,APPROVE
62463.689385955215,15784.572524802967,0.10600443327458259,0,13153.810437335806,REJECT
24579.569616900608,237.77420547236872,0.13819859019737638,15,198.14517122697393,APPROVE
203994.14483238253,719.970204198049,0.06421454430400171,0,599.9751701650408,APPROVE
22368.92642488346,1147.7883900467398,0.05841785299012807,15,956.4903250389498,APPROVE
65754.03372628716,2263.7050114897843,0.02328416114863239,0,1886.4208429081536,REJECT
46139.932294095954,6117.85908462037,0.028675216034535288,0,5098.215903850308,REJECT
102887.66402730736,1297.424761820578,0.019622137433667655,0,1081.1873015171482,APPROVE
126653.33118598598,242.43638052277726,0.08334220915560969,0,202.03031710231437,APPROVE
37257.30527156466,3671.779066121265,0.11856925011309136,0,3059.815888434387,REJECT
19875.949336157322,3305.5740427159153,0.03658388471149898,0,2754.645035596596,APPROVE
52468.99561158618,129.95451644696203,0.10316005806634349,0,108.29543037246835,APPROVE
21116.87376130578,1329.8879194851477,0.16146849593823515,30,1108.2399329042896,APPROVE
181808.6061240671,198.19367520073135,0.07072993635611231,0,165.16139600060944,REJECT
40506.926568993666,601.7448931741943,0.08957151505170673,0,501.45407764516193,REJECT
27112.299471680748,452.16366031984364,0.06510856320081347,0,376.80305026653633,APPROVE
42097.525646118964,3528.162742524793,0.0913725184318732,30,2940.1356187706606,APPROVE
12360.967051655267,1537.0359239123209,0.010884737723621796,0,1280.863269926934,REJECT
16692.39940227509,285.63241047973315,0.06424271884123835,15,238.02700873311096,APPROVE
94876.48116757747,3841.0231774661647,0.004532499198476185,0,3200.8526478884705,APPROVE
21471.560624064747,239.09188121701615,0.09631794876478733,0,199.24323434751344,APPROVE
15716.575737541047,1985.3518971510007,0.13288033351824916,0,1654.4599142925006,APPROVE
55788.45358859048,503.00600271526037,0.06735289270827395,15,419.17166892938366,REJECT
93766.53707377394,861.4374160224875,0.15237216129661274,15,717.8645133520728,APPROVE
64547.88616781826,2446.8085082323178,0.17859365560858456,15,2039.007090193598,APPROVE
80566.49510989641,2497.771431447004,0.06671608585071308,0,2081.4761928725034,APPROVE
19822.321479326823,6646.048824078376,0.11476990143467505,0,5538.374020065313,REJECT
11644.060103467462,1210.4052106937245,0.16988443077420137,0,1008.6710089114371,REJECT
120700.42419833262,1929.7696888225157,0.042524375474539446,0,1608.1414073520964,APPROVE
28053.147890833032,790.0767717112335,0.025453646609830863,0,658.3973097593613,REJECT
29712.811245044886,1662.0428647591752,0.0892239443961882,0,1385.035720632646,APPROVE
105088.20388218325,2263.7956272885494,0.09035513675328229,0,1886.4963560737913,REJECT
56669.07959355791,1187.3071112228033,0.07398172627519103,0,989.4225926856694,APPROVE
52297.83313101137,153.37935944937718,0.058756396107624946,0,127.81613287448097,APPROVE
205253.66345911467,1988.587730489313,0.06392707452505908,0,1657.1564420744273,APPROVE
21702.558063595578,2069.1407011018496,0.013015450123698535,0,1724.2839175848746,APPROVE
76288.08936992029,590.6400240021353,0.06707108847701271,0,492.2000200017794,REJECT
38010.22570155564,286.0453783287448,0.1729541950509058,0,238.37114860728732,REJECT
45020.52712560329,7851.578611854744,0.10714772143211987,0,6542.982176545619,APPROVE
123349.21292744184,2409.4397246991552,0.01958525343861673,0,2007.8664372492958,APPROVE
54517.04069225892,1014.8718931854676,0.045185715921812,0,845.7265776545563,REJECT
55861.84473660641,341.37290650207655,0.044657468708246405,0,284.4774220850638,APPROVE
85648.4040209558,498.31734493541444,0.12472370185024494,0,415.2644541128454,APPROVE
27120.300336987108,6377.448553766185,0.18082209365751012,0,5314.54046147182,REJECT
18557.55506272828,1575.943210855729,0.02805070521741191,15,1313.2860090464408,APPROVE
15743.024303566935,690.0129921418378,0.10338467976332283,0,575.0108267848648,APPROVE
7531.991253260356,2462.7699329382413,0.11067823254827028,0,2052.308277448534,APPROVE
188144.52640677578,502.77214834355186,0.011147720561635958,15,418.9767902862932,APPROVE
15024.437294526431,8090.344101632896,0.04441873208086369,15,6741.953418027413,REJECT
30424.305809081427,6773.515781333451,0.14441940837334197,15,5644.596484444542,APPROVE
29101.626937120145,763.204503983556,0.007332688270923233,0,636.0037533196299,APPROVE
46440.41435975097,628.2955083998959,0.03142470723311601,0,523.5795903332465,APPROVE
69744.21589660093,57.72296311318095,0.1908618824857876,30,48.10246926098412,APPROVE
72285.49681255493,225.77027074228909,0.09591139414303938,0,188.1418922852409,APPROVE
22777.71783495748,267.74932198524164,0.05036723595311357,15,223.12443498770133,REJECT
31770.791137091506,1571.2760142802924,0.056445193841351785,0,1309.3966785669102,APPROVE
45527.142265462295,903.1913734342705,0.11384634321121129,0,752.659477861892,REJECT
29763.7681552968,265.8712906940137,0.1603796283793,0,221.55940891167805,APPROVE
131383.58598320736,953.3842816885895,0.14223876836811478,0,794.4869014071578,APPROVE
53786.6170404548,2449.9416432728117,0.024304925405287697,15,2041.618036060676,REJECT
65375.45942263744,2516.997814664383,0.07163305517157328,30,2097.498178886986,APPROVE
61716.402350813,136.70298368030635,0.046924439555805296,15,113.91915306692196,APPROVE
92853.57657729089,1145.3880082580717,0.0471913285003989,0,954.4900068817265,APPROVE
41974.486439739674,254.01821438890477,0.07301644227645838,15,211.68184532408728,APPROVE
12868.457507693702,3942.180767951099,0.11200760612201427,0,3285.150639959249,REJECT
49998.60386908366,3423.403828625168,0.0313158059930145,0,2852.8365238543065,APPROVE
21566.888656650455,454.76565186320613,0.03685226141820586,0,378.97137655267176,REJECT
23792.04724858587,532.8077495787023,0.06938726263416412,15,444.0064579822519,APPROVE
58051.81280662491,768.0804239945761,0.15673757035382044,15,640.0670199954801,APPROVE
97794.7777293602,89.48426800307438,0.0982412617768308,0,74.5702233358953,REJECT
36938.78128216404,1999.3486172830262,0.03128178403242727,0,1666.123847735855,REJECT
46493.43552382531,962.9499634344547,0.15951861358987712,15,802.4583028620456,REJECT
141743.1584763612,4279.643565791968,0.06736867137735035,30,3566.3696381599734,APPROVE
44028.94526698487,357.5673891364311,0.07714290247664811,15,297.97282428035925,APPROVE
291077.9824975408,635.5351304428034,0.09133189690270474,0,529.6126087023362,APPROVE
57091.33977797481,219.11234679886158,0.046181948973431926,0,182.59362233238463,APPROVE
8878.51677928397,400.32080205565586,0.03278269790610662,0,333.6006683797132,APPROVE
66348.2919821139,323.4474024591988,0.007314408164759415,0,269.5395020493323,REJECT
49262.90821061728,4414.206292249778,0.005418370753925463,0,3678.5052435414814,REJECT
101905.6030292804,577.9577034104959,0.10812778370782473,15,481.6314195087466,APPROVE
62227.05058275835,1550.6441879454362,0.062405979863250305,0,1292.2034899545301,APPROVE
32507.795880954633,845.9826256780789,0.0008106219999158797,0,704.9855213983991,REJECT
13637.265175552437,291.21347456323696,0.19889955157919478,0,242.6778954693641,APPROVE
30723.44718965767,1091.6596143030717,0.08451444794630221,0,909.7163452525597,APPROVE
18390.392061217975,2741.7149705344204,0.05448399196545704,0,2284.7624754453504,APPROVE
22824.304639961174,313.59540500266417,0.20821202216811405,15,261.3295041688868,APPROVE
58154.74323247939,3527.51965583731,0.08740169834896917,0,2939.5997131977583,APPROVE
138126.27796976245,481.90635032074243,0.059418591491364706,0,401.58862526728535,APPROVE
49798.35467729308,748.3226204273899,0.012639646810921178,0,623.6021836894915,APPROVE
13950.819769642541,2525.6018118010034,0.06067893885110982,30,2104.6681765008357,APPROVE
51827.808849743524,602.6228339387063,0.07980835392163278,0,502.18569494892193,APPROVE
94589.82482982137,1397.5901880287129,0.048339772713525055,0,1164.6584900239272,APPROVE
22296.247651580277,915.7889300937773,0.07234360687740836,0,763.1574417448143,REJECT
32623.438018838948,1560.336083296207,0.12372433697211827,0,1300.280069413506,APPROVE
36744.74700494606,76.74805010739681,0.05428265053269601,0,63.95670842283067,APPROVE
19381.63698318572,148.68005699309958,0.01620805047173275,0,123.90004749424965,REJECT
60999.707439799575,2797.762625054482,0.03689078016084157,0,2331.4688542120684,APPROVE
32966.31234847736,4637.972524427168,0.214316378568662,0,3864.9771036893057,APPROVE
50798.69555194782,448.0168587154065,0.014624993616445986,0,373.3473822628387,REJECT
17854.417895954066,996.8306384818833,0.07915185742240029,15,830.6921987349027,APPROVE
25591.955933478144,1902.7928567701329,0.06834713010200966,0,1585.6607139751106,REJECT
64725.147679477865,3069.518626178011,0.11700727108996584,0,2557.932188481676,REJECT
26949.8626089657,117.23754562484356,0.05210842890752468,0,97.69795468736963,APPROVE
144577.51533199186,461.3544458702166,0.048168024818395466,0,384.4620382251805,APPROVE
26378.143579075746,896.339861877444,0.13581374282953484,0,746.94988489787,APPROVE
43466.58585329473,3106.2861999647102,0.10697159344340773,0,2588.5718333039254,APPROVE
76578.5787241663,26783.23704673205,0.05984442994320679,0,22319.36420561004,REJECT
11676.194776915254,1016.1822935548522,0.06464731822732553,0,846.8185779623768,APPROVE
8878.189680686233,246.9144579318015,0.18220594155182324,15,205.76204827650125,APPROVE
10715.804088443587,2164.9154783415534,0.07462943107751695,0,1804.0962319512944,APPROVE
99714.5898485609,6519.87090224048,0.13990816310155518,0,5433.225751867067,APPROVE
23353.764794885432,1520.8609260000233,0.1512590070818202,0,1267.3841050000194,APPROVE
281126.33233127504,450.0850895690885,0.03923888593134829,0,375.07090797424036,APPROVE
23123.435847687597,4217.541426014569,0.034488531853350185,0,3514.617855012141,REJECT
42093.18131579964,2962.147079914249,0.08739641897405899,15,2468.4558999285405,APPROVE
124702.72227886987,389.98875055277665,0.14214193208163006,0,324.9906254606472,APPROVE
180750.75382058337,2111.4404009520276,0.04341647311450408,0,1759.533667460023,APPROVE
188943.4156855479,4421.054795850935,0.1203449521908095,0,3684.2123298757792,APPROVE
95481.99593685799,5517.515559072533,0.10363151566532305,15,4597.929632560444,APPROVE
82392.52705041802,1233.5804276424576,0.007338419306585515,0,1027.983689702048,APPROVE
58338.734965610456,869.3271934382749,0.12081865329802423,15,724.4393278652291,APPROVE
67689.66990582606,5826.335330813363,0.04924148397372696,0,4855.279442344469,APPROVE
23366.33118408847,312.6931328597907,0.07472680712200629,0,260.57761071649225,APPROVE
18872.11836885108,2261.333711671461,0.01425043448794694,0,1884.4447597262176,REJECT
36217.59878899534,258.1092523911511,0.05410528827891091,15,215.09104365929258,APPROVE
31693.037609735456,4797.577748126382,0.06196398757033971,0,3997.9814567719854,REJECT
25271.121006004432,980.203583418881,0.0976584006178944,0,816.8363195157341,APPROVE
63393.07820991535,6122.432658727095,0.05873281997165391,0,5102.027215605913,REJECT
77982.846658817,2409.345022455768,0.06347326367989843,0,2007.7875187131397,APPROVE
38976.94159217475,307.83090760405037,0.10272571037519153,0,256.52575633670864,APPROVE
118423.68987766054,7383.242509245445,0.08439936257080793,0,6152.702091037871,REJECT
14568.962791392634,8594.770593076668,0.02758408468603575,0,7162.30882756389,REJECT
31103.400486008468,3851.271752746118,0.024318394594987115,0,3209.3931272884315,REJECT
20466.44804393725,535.6652695925521,0.13889055516669077,0,446.38772466046015,APPROVE
8158.133681868988,925.3741681010199,0.12694286573329508,15,771.1451400841833,APPROVE
33991.14917495262,1590.697006287205,0.09381110151601164,15,1325.580838572671,APPROVE
32945.23753250926,574.1911919091913,0.08642801104207638,0,478.49265992432606,APPROVE
121876.04645901993,10180.514142250155,0.057312843630425395,15,8483.76178520846,REJECT
60153.16555169078,1588.597249942237,0.04292905783884075,0,1323.831041618531,APPROVE
16004.90538084311,52.11210432537095,0.0957926438224281,0,43.426753604475785,APPROVE
160055.20293704543,2007.4928462714445,0.04119801465683155,0,1672.9107052262036,APPROVE
96454.5272846842,879.7396670656923,0.07940809249567184,15,733.1163892214103,APPROVE
57854.01667379263,1221.0947112134672,0.11754092955755552,15,1017.5789260112227,APPROVE
30297.264924957257,858.4012676402396,0.03417702800747002,0,715.3343897001996,APPROVE
16855.775060493383,3518.783481227327,0.06416537723003365,0,2932.319567689439,APPROVE
26963.370591273353,5120.668322585532,0.09752242012767845,30,4267.22360215461,APPROVE
86768.49689421048,1876.3406602799905,0.06733350718780737,0,1563.617216899992,APPROVE
164007.76360613666,889.1282447666787,0.012417128537428802,0,740.9402039722322,APPROVE
124815.86155287859,1271.319048385134,0.1596149425972529,0,1059.4325403209448,REJECT
24561.131758486867,1367.7665689625462,0.08405295279216606,0,1139.8054741354551,APPROVE
14828.496584662682,510.0449500401588,0.04106766649366384,15,425.037458366799,APPROVE
40648.16601715237,2676.1361156415846,0.1442545262394089,0,2230.1134297013205,APPROVE
8824.158362363962,2320.332319667995,0.023526135675179364,0,1933.6102663899956,REJECT
47029.68002819115,8484.06005890154,0.10614337588356515,0,7070.050049084616,APPROVE
32270.795333479702,6025.975436036547,0.08473215942723905,0,5021.646196697122,REJECT
25013.496007910773,586.7536209432134,0.04531114471388432,30,488.9613507860111,APPROVE
10139.941888246201,3575.187697033887,0.021571829508105888,0,2979.323080861572,APPROVE
54769.0255122397,426.7809343586326,0.1294555764842003,0,355.6507786321938,APPROVE
23714.437723038525,3079.533575995796,0.059991029821509105,0,2566.2779799964965,APPROVE
14243.650841593217,718.7243241083738,0.14362397016305029,0,598.9369367569782,APPROVE
3648.9335630364258,391.3142865216233,0.010317099777646516,0,326.0952387680194,APPROVE
35524.862269635574,1869.5804347723858,0.14582778747949765,15,1557.9836956436548,APPROVE
149911.63167870554,53.94334629917072,0.14309601091799828,15,44.95278858264226,APPROVE
137174.26058911567,163.40703211831686,0.09108949878107232,15,136.17252676526405,APPROVE
25193.038736701907,1079.6850384024647,0.058936421749600336,0,899.7375320020539,REJECT
22431.698558033666,1474.899346770339,0.05891159624340412,0,1229.0827889752825,APPROVE
52839.76994696415,857.6811263645614,0.08158842034473192,15,714.7342719704678,APPROVE
16338.697430966928,200.75622248681614,0.07847390077410984,0,167.29685207234678,APPROVE
46232.27932802097,500.66874583139526,0.04975375131166337,15,417.223954859496,APPROVE
67027.89953764678,2136.3757546151187,0.13896035657260136,0,1780.3131288459324,REJECT
96910.83220645764,2685.3142300197064,0.03291441184406495,0,2237.761858349755,APPROVE
33519.302262317025,1310.215839880562,0.14421797281347257,0,1091.8465332338017,APPROVE
30855.213181117506,5354.08684349472,0.05147290068789748,0,4461.7390362456,APPROVE
17990.766455993406,2152.2978872751673,0.08542683163997948,0,1793.581572729306,APPROVE
18741.50227689577,544.826896034739,0.11301494480563315,0,454.0224133622824,REJECT
30297.39113025393,954.1419385343352,0.037490693247128684,0,795.118282111946,APPROVE
48722.31440449986,248.13563658127984,0.042129690406124805,0,206.77969715106653,REJECT
75423.01159386843,1173.3851237813103,0.0650651171790195,0,977.8209364844251,REJECT
19100.252607211558,5074.258323470739,0.0918161665247137,15,4228.548602892282,REJECT
119868.5320769491,3040.4566856463907,0.19356033177681983,15,2533.7139047053256,APPROVE
29234.39246080254,7185.541047965741,0.011608139567436716,0,5987.950873304784,APPROVE
35700.0070241014,928.8549717848719,0.0434248315229351,0,774.0458098207265,APPROVE
19974.877874167472,6719.269084560125,0.07686066869560693,0,5599.390903800104,REJECT
5221.854008093661,1059.391361854964,0.10140818627965384,0,882.8261348791367,APPROVE
73661.55623787284,7811.224416999393,0.07211573670172856,0,6509.353680832827,REJECT
65478.368663969086,1301.3881872647112,0.023546379593868457,15,1084.4901560539258,REJECT
28996.71870041839,3121.573734038618,0.06632116020704383,0,2601.3114450321814,REJECT
38314.840241166276,7844.35735616191,0.03497136339805205,15,6536.964463468258,APPROVE
54871.61013495378,1059.234496085013,0.12064737525419579,0,882.6954134041774,APPROVE
10404.184026770328,1736.2479130121021,0.19508351746892175,0,1446.8732608434184,APPROVE
23783.750113409318,6273.257381180477,0.06559153974757426,0,5227.714484317064,APPROVE
68556.37947119304,1138.8919673775288,0.02160395698912031,0,949.0766394812739,REJECT
13313.960980769978,273.78528505391535,0.03477204013623669,0,228.1544042115961,REJECT
45928.74008451119,17483.683831375558,0.047205749969049714,0,14569.736526146298,APPROVE
12267.816362506033,760.2881831800215,0.14832750128787262,15,633.5734859833512,APPROVE
52740.7661088898,1616.3441299810772,0.03665464453062056,0,1346.9534416508975,APPROVE
35294.65496949994,5348.7753671289865,0.013680144854415736,0,4457.312805940822,APPROVE
9975.571638916228,643.6932047974684,0.01373703066482479,15,536.4110039978904,APPROVE
92207.0142915403,398.60598038443914,0.08834197821829239,0,332.1716503203659,APPROVE
20177.56733975497,1811.4803504048978,0.02095791778585242,0,1509.5669586707481,REJECT
18992.473543677104,155.35661706787164,0.027837563930288398,0,129.46384755655967,REJECT
42636.04741022342,945.7021001589716,0.14558168755392212,0,788.0850834658096,APPROVE
91026.85752055499,1792.6698146346575,0.09114036935389758,0,1493.8915121955479,APPROVE
16112.369450122922,966.2983435801009,0.086589036691308,0,805.248619650084,APPROVE
38152.39754210805,209.61526420128519,0.041764943936815326,15,174.6793868344043,REJECT
51177.39452070606,9049.171218650417,0.1634839792013719,15,7540.9760155420145,APPROVE
63226.85974472071,1512.7140366758858,0.14381367513731008,0,1260.5950305632382,APPROVE
41820.97321454538,7441.274733658103,0.07334804966054498,30,6201.062278048419,APPROVE
27075.315611436392,977.8647878936495,0.03335089747336917,0,814.8873232447078,APPROVE
18730.862125084146,464.7039466609326,0.1751307841079569,15,387.25328888411053,REJECT
38906.4414719734,1845.364340144401,0.027026149305641463,0,1537.8036167870007,REJECT
15402.55664314891,1031.191651219068,0.07009704801437783,0,859.3263760158899,APPROVE
3508.4148796018285,325.08970428064475,0.017434691749468437,0,270.9080869005373,REJECT
51495.40417380326,7794.36267613588,0.18400939628329824,0,6495.302230113233,APPROVE
74843.00058142284,633.1394129572419,0.06325688928706574,15,527.6161774643682,APPROVE
5484.351046924929,146.80354219033646,0.02742019410540844,15,122.3362851586137,REJECT
16191.074882662484,6576.211980899807,0.0171556310590877,0,5480.176650749839,APPROVE
59594.78855060166,729.4255364902605,0.13030565777265815,0,607.8546137418837,APPROVE
188338.5416335234,644.2109508296184,0.039990924852350146,15,536.842459024682,REJECT
36924.66246054482,160.60530005725954,0.007806673801310172,0,133.83775004771627,APPROVE
20284.202234552693,10791.830491762275,0.05617633943666405,30,8993.192076468562,APPROVE
31372.36996538763,284.302326634684,0.25739593802861244,15,236.91860552890333,APPROVE
109087.01389049069,1433.041351279813,0.054106505268617947,0,1194.2011260665106,APPROVE
21660.132909316908,3994.0430558664866,0.23864720006552573,0,3328.3692132220717,APPROVE
19161.271177015242,2216.0358523833925,0.19508324289395312,0,1846.6965436528271,APPROVE
24681.39950019946,1243.6796606413309,0.08435483101077844,0,1036.399717201109,APPROVE
16938.376297288625,173.3678914978489,0.04691054897062395,0,144.47324291487408,REJECT
40060.105901795614,505.59962648943565,0.09649047902432205,0,421.3330220745297,REJECT
133218.08042133515,1673.6720312629377,0.014616812701977592,15,1394.7266927191147,APPROVE
47026.35266177103,519.4684218443313,0.030022427553778805,0,432.8903515369427,REJECT
29676.690894688305,1705.2146206408827,0.24033582374443785,30,1421.0121838674022,APPROVE
28754.541094557157,3027.5439661491887,0.04048481161318631,30,2522.953305124324,REJECT
10398.817253556772,4240.423265303099,0.02774338778505735,15,3533.686054419249,REJECT
73606.44153312367,306.7397528928404,0.18225338803458294,0,255.61646074403367,APPROVE
34123.11327758174,18646.060564619584,0.09881040705638908,15,15538.383803849652,APPROVE
31433.078384071894,3355.614259648374,0.08187542962978046,0,2796.345216373645,REJECT
467187.54637987615,1333.227432431394,0.02340076212410997,0,1111.0228603594949,APPROVE
46120.0162485195,4938.70686007047,0.16891462654803696,0,4115.589050058725,APPROVE
19901.833853797027,22831.67792698583,0.03929896124155622,0,19026.39827248819,APPROVE
25820.239059060597,237.68607389098025,0.05027716491311475,0,198.07172824248354,APPROVE
91012.9030638045,1019.5327733756193,0.04513837969063381,0,849.6106444796827,APPROVE
39759.98678615192,76.96085493803582,0.09157988952125275,15,64.13404578169651,APPROVE
11491.669003528512,1683.443616459279,0.1299285148107903,0,1402.8696803827324,APPROVE
75764.35024895733,2071.2094630833776,0.1494981079818202,0,1726.0078859028147,APPROVE
21279.186866585205,1274.6416617395503,0.23564811909617137,0,1062.2013847829585,APPROVE
162533.30619886584,609.0952270901133,0.09903769390041103,0,507.5793559084277,REJECT
86166.64670264577,114.20527506071736,0.028436385084170075,0,95.1710625505978,REJECT
25390.807637623733,2091.5387688588926,0.1438111721896654,0,1742.9489740490772,APPROVE
101195.85630435725,7661.294840695078,0.037194854393090046,0,6384.412367245898,REJECT
38341.356946478765,657.3343282944364,0.040343373713322084,0,547.7786069120303,REJECT
71841.59753258477,2265.3551434107435,0.01714277713431652,0,1887.7959528422862,REJECT
53518.691935456576,203.49506030486953,0.0931435102401206,0,169.5792169207246,REJECT
18451.753322942463,2312.4678889644742,0.15551021739379406,0,1927.0565741370617,REJECT
21702.009396227495,833.2686921107085,0.07893671744321594,15,694.3905767589237,APPROVE
82782.22588166085,535.1319576427389,0.045478075378311174,15,445.9432980356158,APPROVE
27783.003680591755,536.4527769212154,0.02230962920657823,0,447.04398076767956,APPROVE
26293.61017198601,833.0394571452476,0.061662873542159165,0,694.1995476210396,APPROVE
16914.08416729004,2113.9951788315025,0.03700964929423864,15,1761.6626490262522,REJECT
50964.2279305526,276.6682307919225,0.11302576811453292,0,230.55685899326875,APPROVE
189097.8595415548,829.5442960629824,0.02095439414389362,0,691.2869133858186,REJECT
15459.417887156293,1271.11376240939,0.08615436325924268,0,1059.2614686744917,REJECT
37025.99695605878,357.2971675291829,0.08556650093465853,15,297.7476396076524,APPROVE
112395.19251771897,11538.13769761134,0.04022692900895886,0,9615.11474800945,APPROVE
34073.89702505002,479.7285057838824,0.01768752568050616,0,399.77375481990197,APPROVE
52150.93748659714,598.2989890232977,0.03812681309149064,0,498.5824908527481,APPROVE
15523.11026733996,412.9990807695459,0.03825508818320695,15,344.16590064128826,REJECT
51156.54283008753,11563.293558726655,0.0449601429294909,15,9636.077965605546,REJECT
31265.939464676958,2593.8568578181435,0.11439847748044352,0,2161.5473815151195,APPROVE
79904.22400833265,434.1996709066547,0.010465811604167742,0,361.8330590888789,APPROVE
93892.78650869445,5038.646521294527,0.15215761913097978,15,4198.872101078772,APPROVE
288269.4504643512,1699.7786915904844,0.033924295369618274,15,1416.4822429920703,APPROVE
57740.06266837021,1819.1397660908665,0.09173600712283178,0,1515.949805075722,REJECT
47128.681950119964,883.6333874188158,0.1070775452096349,0,736.3611561823465,APPROVE
42425.60885230814,543.5467517590239,0.14851425888779757,0,452.9556264658532,APPROVE
27377.231115983916,2003.6668900763602,0.11963648203808669,0,1669.7224083969668,APPROVE
47609.47498746615,694.582003634242,0.057649210529593736,0,578.8183363618683,APPROVE
28672.07328899771,11819.685255746012,0.041333730779157495,0,9849.737713121676,APPROVE
41554.81927888495,291.2743424789527,0.13413004734796305,0,242.72861873246055,APPROVE
104201.10662914954,8440.552389421387,0.1384020042886516,0,7033.793657851155,APPROVE
16232.423113219424,1168.9162172380761,0.08674772464513994,0,974.0968476983967,APPROVE
90391.25897070096,1912.7892341935103,0.03971269333547838,0,1593.9910284945918,APPROVE
104160.8954079449,3630.7852528415506,0.0528149783318742,0,3025.6543773679587,APPROVE
33042.34429667806,627.1061051314509,0.12316038113303147,0,522.5884209428757,REJECT
6650.95731740234,3768.8039242970294,0.031231997191242134,0,3140.669936914191,REJECT
22331.25197749333,51.85038088491429,0.09673189983500242,15,43.20865073742857,APPROVE
102497.69989385716,563.0832395098363,0.04440995111688682,0,469.23603292486354,REJECT
35657.17080304009,440.7772025713358,0.039677930994616,0,367.3143354761132,REJECT
16326.718460258358,296.8442801840075,0.05438814846107166,15,247.3702334866729,APPROVE
24250.19804211475,1032.222064126613,0.14995431804677628,15,860.1850534388442,REJECT
71146.4723057899,2122.425609033871,0.10697589079725604,0,1768.6880075282254,APPROVE
56240.187171336984,3104.496753937037,0.0839150575290345,0,2587.080628280864,REJECT
29997.04994565506,1783.7390243620812,0.25724614300740484,0,1486.449186968401,APPROVE
27079.72225600114,600.9926766183119,0.14110892862762384,0,500.8272305152598,REJECT
26544.914943244923,2080.231849098323,0.05409302213233841,0,1733.526540915269,APPROVE
17362.567112071116,1550.8489052959465,0.06542837777985402,15,1292.3740877466219,APPROVE
132230.32290931846,4107.961949747035,0.121044945161922,0,3423.3016247891956,APPROVE
28061.21420981365,3393.9134701553266,0.08420587306168628,15,2828.261225129439,APPROVE
96155.96779681543,1385.735886777378,0.027227271883106648,0,1154.779905647815,APPROVE
122645.4365054653,455.1883546764709,0.027477304132396695,0,379.32362889705905,APPROVE
80712.49851357004,610.253668061684,0.02804395351421716,0,508.5447233847367,APPROVE
25711.759898563705,690.6738225139334,0.040064750021694934,0,575.5615187616112,APPROVE
50160.54659461635,915.1566989595599,0.04819276373604698,0,762.6305824662999,APPROVE
35619.32173197136,1842.8626324035731,0.08141557752710694,0,1535.7188603363109,APPROVE
17624.381086703943,3151.469639245903,0.047233789555111795,0,2626.2246993715858,APPROVE
47074.53263474959,1256.483814378692,0.05245190992522039,0,1047.0698453155767,APPROVE
14140.073918762562,1362.07513786086,0.11460703933133204,0,1135.06261488405,APPROVE
93914.82286912641,1586.6536789782724,0.05958496197408708,0,1322.2113991485603,APPROVE
25041.91155011918,719.3359762387569,0.1440027930209048,0,599.4466468656307,APPROVE
42656.192025793585,440.07457352456754,0.11707763191860884,0,366.72881127047293,APPROVE
45552.933266140455,162.53436075758103,0.11427779812432114,0,135.4453006313175,APPROVE
29521.556994414557,580.1204052845382,0.11129463472251148,30,483.4336710704485,APPROVE
58067.13041492022,2357.1050019539757,0.029633766982262798,0,1964.2541682949798,APPROVE
24836.685041393728,574.7419637379843,0.10715226705033781,0,478.9516364483202,APPROVE
72914.13813653257,1004.3004034229043,0.03930700116474323,0,836.9170028524203,APPROVE
12372.310813258913,2338.1901102018837,0.1575278116702151,0,1948.4917585015698,REJECT
40179.15724411476,2495.494793902046,0.06715362204491847,0,2079.5789949183713,REJECT
171295.1205777612,365.75930644664146,0.05223147648264579,0,304.7994220388679,REJECT
16313.282631359847,4419.960925952039,0.16776625818509833,15,3683.300771626699,APPROVE
21116.373706601546,5167.968830697868,0.09785802141564841,0,4306.640692248223,APPROVE
54782.5110034811,344.3281332134648,0.05850273111303992,0,286.94011101122067,REJECT
41926.16716046288,497.10966885602767,0.12578302126358137,0,414.25805738002305,APPROVE
48074.35142271674,5578.7707018753745,0.19139804453453954,0,4648.975584896145,APPROVE
53709.74333226567,1120.119529653529,0.05667579950519955,0,933.4329413779409,APPROVE
60341.60881475531,93.10066899858792,0.012261684540587743,30,77.5838908321566,APPROVE
88235.07807809583,249.08572176272128,0.06398673480254687,15,207.57143480226773,APPROVE
50405.467259276375,990.4618572335289,0.10546804648511719,0,825.3848810279407,REJECT
29941.293984808224,330.8826320895386,0.06008859566965867,0,275.7355267412822,REJECT
62196.808116912565,813.46783125293,0.02530694561730976,0,677.8898593774417,APPROVE
166026.97396717724,1388.9319693793368,0.0742775625856974,0,1157.443307816114,REJECT
32659.563546743695,7724.253260975187,0.046489799335678234,0,6436.877717479322,APPROVE
16653.514534111273,942.8151193057407,0.13695394005777256,0,785.6792660881173,APPROVE
88050.38931439583,4839.008224855033,0.019000914849140994,0,4032.506854045861,APPROVE
32981.26885483007,7419.9463186359835,0.16919519891514162,0,6183.28859886332,APPROVE
6386.00632159421,7469.523668986293,0.14668381352879217,0,6224.603057488577,APPROVE
71534.65822947069,1880.1755310938734,0.01995808313260934,0,1566.8129425782279,APPROVE
23664.64523819513,126.65513616078066,0.03415062242249472,0,105.54594680065054,APPROVE
33778.28347220512,2322.5122507613464,0.06905574809204088,0,1935.4268756344554,APPROVE
47362.4151799177,4700.831901629804,0.17770609315165595,0,3917.3599180248366,REJECT
42293.967552957445,1212.1299501573883,0.035160067530608186,0,1010.1082917978234,REJECT
64059.105123160654,10839.103310041704,0.04323640622074483,0,9032.58609170142,APPROVE
25632.360226355475,3748.890395954383,0.13191513224429013,0,3124.075329961986,APPROVE
54747.37156279605,2642.135999147775,0.0759544517747947,15,2201.779999289812,REJECT
29506.40560569949,4920.03911891122,0.08216388556236659,0,4100.032599092682,REJECT
65581.46470049572,1993.124383635528,0.0337180061797044,0,1660.93698636294,APPROVE
59414.52399782125,67.0904901718459,0.12313624736988674,15,55.90874180987158,APPROVE
17182.540127517197,733.9553276436867,0.1526017893612627,0,611.6294397030722,APPROVE
86576.67296284244,5619.604348031652,0.1358975196944805,15,4683.00362335971,APPROVE
23652.621747540015,506.8957184414568,0.08093123839184009,0,422.413098701214,REJECT
69317.0536018344,1021.7252517544936,0.08003228454626937,0,851.4377097954113,APPROVE
48719.266688511765,381.309480554681,0.04128127959173916,30,317.75790046223415,REJECT
158031.07050405262,11363.048626131602,0.10739589659837573,0,9469.207188443,APPROVE
30370.50584883761,10048.773396184195,0.1207084066892316,0,8373.977830153495,APPROVE
27461.671919590237,462.5581287492417,0.10291712969457231,0,385.4651072910347,APPROVE
35755.6763768431,1594.2720363181597,0.05130929096395496,0,1328.560030265133,APPROVE
28494.20960136416,590.4128569282216,0.05992098384717642,0,492.0107141068513,APPROVE
68868.4554708555,2794.332321432375,0.05179721544896177,0,2328.6102678603124,APPROVE
9966.168769752878,2462.7517459942246,0.08067854292924105,15,2052.2931216618535,REJECT
15631.666891887535,3538.5120501205392,0.06239267650425892,0,2948.760041767116,APPROVE
15456.07892293236,1989.6560115424872,0.05319778522092638,15,1658.046676285406,APPROVE
77671.68640217623,45247.48442079477,0.2891778847373937,15,37706.237017328975,APPROVE
142698.70066542298,389.1272414564586,0.009317429782649607,0,324.2727012137155,APPROVE
33404.323783097316,171.5184569786652,0.09774381146472227,15,142.932047482221,APPROVE
31727.611990774538,833.5608176905124,0.02263450891104203,0,694.6340147420937,APPROVE
38408.79429639846,203.53316983526892,0.07248731028762026,0,169.61097486272408,APPROVE
91996.20839522852,222.84137221866064,0.12371783994796476,0,185.7011435155505,REJECT
17294.044845599343,401.75293975642836,0.04042722852730589,0,334.7941164636903,APPROVE
43945.04637030868,441.769485707808,0.0145978199254547,0,368.14123808984,APPROVE
79233.7880662879,424.9082166023643,0.09641431810043948,15,354.0901805019702,APPROVE
54223.80707704713,2488.1074682002272,0.04588577182570895,15,2073.4228901668557,APPROVE
42262.91612973252,727.7721611092957,0.03169986813068454,0,606.476800924413,APPROVE
80889.30338169396,1077.0675731025356,0.062173051592784724,15,897.5563109187796,APPROVE
4177.2740247971105,3906.879437122497,0.16489432988962402,0,3255.7328642687476,APPROVE
62461.163315070226,532.630467662394,0.0477404148339156,0,443.858723051995,APPROVE
21520.030972087043,972.587288775484,0.040833953883839855,0,810.4894073129034,REJECT
8395.857282430907,2072.1187019357035,0.06301322223205567,0,1726.7655849464197,APPROVE
54664.078888920725,129.99988245484704,0.025204061665138,0,108.3332353790392,APPROVE
108980.78226051475,76.3652917334022,0.06572537784311887,0,63.6377431111685,APPROVE
32534.006928813826,2023.8475401618543,0.1728975804277772,0,1686.5396168015452,APPROVE
77831.35408324709,2411.0847855234574,0.031405862044809815,15,2009.2373212695477,APPROVE
131903.06904342354,15906.4357239849,0.03351979005997923,0,13255.36310332075,APPROVE
103977.68240828131,1615.062214857155,0.08292994101281687,0,1345.885179047629,REJECT
134857.18701272184,3572.791734800421,0.11962664617699159,0,2977.326445667017,APPROVE
65755.72331433395,1056.6383024152435,0.1583723673742466,0,880.5319186793696,APPROVE
38574.507550446695,1908.528056535637,0.013570167608135363,0,1590.440047113031,APPROVE
10081.197664422774,9878.57072786268,0.05511726626227961,0,8232.142273218898,APPROVE
29826.42455147483,104.44112601802017,0.12521282491075422,0,87.03427168168348,APPROVE
18497.719325183694,2194.5985505445874,0.022738060458068234,0,1828.8321254538225,REJECT
206231.41148422903,17328.693374003986,0.15206246648703445,15,14440.577811669988,REJECT
31548.816331979047,1874.047801212625,0.11744054220377804,0,1561.7065010105207,REJECT
40077.238970632374,9682.76192965729,0.02111547509631701,15,8068.968274714408,APPROVE
56454.388099864314,627.887071327111,0.05598282411545859,0,523.2392261059258,APPROVE
37604.61108498875,1285.5705595651125,0.059773166677988286,0,1071.3087996375937,REJECT
140933.13434046827,1390.814116328017,0.0805489508098773,0,1159.0117636066807,REJECT
22067.925768230372,93.3453085137755,0.06794663666852692,0,77.78775709481292,APPROVE
42433.183472321085,328.84993220374946,0.04057990678846537,0,274.0416101697912,REJECT
20050.783944397786,358.2262649457573,0.15781064250494023,0,298.52188745479776,REJECT
12631.917072303277,3582.779592586771,0.052543024532586836,15,2985.6496604889758,APPROVE
22260.84817661191,3804.723628273042,0.07607795436889123,0,3170.603023560868,APPROVE
35255.27922804334,1970.925755998572,0.1034562957401842,0,1642.43812999881,APPROVE
25759.485839856436,3591.547270621077,0.056324741864984554,0,2992.9560588508975,REJECT
20869.90015877801,1097.1109687688934,0.09811675873060124,0,914.2591406407445,APPROVE
11789.281250821168,5651.820080763815,0.05762136678398628,15,4709.850067303179,APPROVE
33979.59722627181,1350.1365819968144,0.18343159965763248,15,1125.1138183306787,APPROVE
10896.791867089894,1432.0349647080322,0.04830949899649007,0,1193.3624705900268,APPROVE
66705.63899285361,971.3664068289611,0.05029828406342238,0,809.4720056908009,APPROVE
38791.3205083043,3037.394881601075,0.11539620929835262,0,2531.1624013342293,APPROVE
11315.84008349263,805.913427808126,0.1606576976027272,0,671.5945231734382,APPROVE
28357.100556995694,4311.894129000038,0.079758320357606,0,3593.2451075000317,REJECT
19896.01770832914,343.37939307559003,0.21602509054214258,0,286.14949422965833,APPROVE
46879.68047096795,357.34989553450833,0.017816815152216246,0,297.7915796120903,APPROVE
106123.66635724637,3048.262432975625,0.058307427127398344,0,2540.2186941463538,APPROVE
8101.9659758907055,1201.3027230847115,0.0536003771361034,0,1001.0856025705929,APPROVE
39815.87031072154,774.9086935374103,0.09188088140949674,0,645.7572446145085,REJECT
31948.92342266357,3887.354724853069,0.03709872430857426,0,3239.4622707108906,APPROVE
62135.4563782975,644.6459234047484,0.08651439313534723,0,537.2049361706236,APPROVE
43068.93724113579,1050.6595636963427,0.02755261342057524,15,875.5496364136189,APPROVE
19898.99555088812,7161.59819824045,0.05790150200267705,30,5967.998498533708,APPROVE
28134.640425724807,8470.846486093216,0.07470469688991424,0,7059.038738411014,REJECT
19209.86665990717,8815.728717672313,0.08608606877696355,15,7346.4405980602605,APPROVE
85888.5419539231,952.2846333209966,0.06822335804340747,0,793.5705277674971,APPROVE
36939.96546792502,5850.359509700605,0.054286192689694694,30,4875.299591417171,REJECT
166200.89535487234,427.8067238005123,0.04283479795332625,15,356.50560316709357,APPROVE
34595.23894902268,449.94774659283524,0.09675566378047595,0,374.95645549402934,APPROVE
20604.702109460308,79.58836261487409,0.043620248506570196,0,66.32363551239506,APPROVE
10818.668502503308,9945.313849223596,0.10771986923154006,0,8287.761541019663,REJECT
8582.566374422764,473.73073379317884,0.05945475817715248,15,394.7756114943157,REJECT
10226.025257797815,1147.7695442601696,0.02881123442521974,0,956.4746202168079,APPROVE
44967.77138899249,448.104156101926,0.019059181757853084,15,373.4201300849383,APPROVE
54555.83865289708,3076.7010214517663,0.03351144085167378,0,2563.9175178764717,APPROVE
10250.148152600006,851.2062951220489,0.19183777284899084,0,709.338579268374,APPROVE
74312.21745161216,279.1180019567475,0.02419153810827802,0,232.5983349639562,REJECT
24675.130638470706,2269.715980736609,0.031249756535707975,15,1891.429983947174,APPROVE
40840.69989373088,239.1136297506269,0.07386926441629725,0,199.2613581255224,APPROVE
131896.98795266126,489.0809592586714,0.03854431312656462,0,407.5674660488928,APPROVE
74419.36377064629,106.606871414718,0.05894834990107692,0,88.839059512265,APPROVE
29295.098129521735,241.93405097107495,0.10549919741061448,0,201.61170914256243,APPROVE
17801.646280424793,1655.1549530857098,0.14888259901868908,0,1379.2957942380915,APPROVE
6493.439762589063,126.465767801659,0.05744418164934269,0,105.38813983471583,APPROVE
20428.31779756943,225.88816630938615,0.21587867971634173,0,188.2401385911551,APPROVE
30671.70382193698,1332.1803071222046,0.14700155394008887,0,1110.1502559351704,APPROVE
16485.827943207165,695.8169561404142,0.032000500291031346,0,579.8474634503451,APPROVE
32695.555372801737,14586.604261092598,0.15865432233973822,0,12155.503550910498,APPROVE
38618.298841317715,12065.323155412014,0.03877461017941867,15,10054.435962843343,APPROVE
30336.752630291405,471.4947426303545,0.02258007753898246,0,392.9122855252954,APPROVE
21590.267973124097,2607.064224644426,0.03713058778704286,30,2172.553520537021,REJECT
41561.258969559174,3283.134795392283,0.05687460904126145,0,2735.945662826902,APPROVE
51717.55301761843,652.2580575287193,0.011313841597041394,0,543.5483812739327,REJECT
15179.190731691257,222.01946610994912,0.036059569735636,15,185.01622175829092,REJECT
112279.42437797957,1316.400988310183,0.013943997965560428,15,1097.0008235918192,APPROVE
33561.32006129023,1085.7215817495617,0.2178298777095041,0,904.7679847913014,REJECT
36867.27935718111,791.949407726778,0.05950375237567298,15,659.957839772315,REJECT
63995.723423749936,2271.4987815765367,0.08910983589402777,0,1892.9156513137805,REJECT
43764.265403824305,542.6906100306992,0.04771459499269011,15,452.24217502558264,APPROVE
77847.67464498847,335.29738347613875,0.07318072608798912,0,279.41448623011564,APPROVE
45692.95155986408,1522.8128630201575,0.02237971850874586,0,1269.0107191834645,APPROVE
22248.950107196117,2122.986320250171,0.038710248805752794,0,1769.1552668751426,APPROVE
48494.36187484781,325.52555687970704,0.08490093601485714,0,271.27129739975584,REJECT
14545.23945942122,4068.8823758357366,0.020392142674677954,0,3390.735313196447,APPROVE
39610.43072169003,159.62663254461572,0.04437847914583835,0,133.02219378717976,APPROVE
35362.81090403256,667.5930334697925,0.07919857523961811,0,556.3275278914938,REJECT
30745.733455147307,980.2470812083992,0.02265407853994069,0,816.8725676736659,REJECT
32766.76409461878,622.6262704241435,0.1401028764115373,15,518.855225353453,APPROVE
8058.806628850339,678.1322573432299,0.06129869778030077,0,565.1102144526916,REJECT
23412.376547498036,12615.787512177078,0.10459826097868112,0,10513.156260147563,APPROVE
39115.57174006446,481.23417414091375,0.060355776483976484,0,401.02847845076144,APPROVE
41269.75200317795,25006.24753355132,0.07948995441489119,0,20838.539611292766,REJECT
15960.303502322444,2257.3956097262676,0.045963182877556366,0,1881.1630081052228,REJECT
99964.08722233553,1492.0123702481055,0.03336377969411045,0,1243.3436418734211,APPROVE
18161.51586526298,2365.875283223812,0.025917361987991546,15,1971.5627360198432,APPROVE
78870.75352989473,27814.93000639159,0.09898885402805814,0,23179.10833865966,APPROVE
51111.024138897716,405.49287491372843,0.05945541982754901,0,337.91072909477367,APPROVE
21655.573832105576,348.247489691539,0.04808760653647752,0,290.2062414096158,APPROVE
150278.98026344733,540.0034190539417,0.018290110259356108,0,450.00284921161807,APPROVE
13975.911710825065,1388.5102424698898,0.06565678384461601,0,1157.0918687249082,APPROVE
75759.81901170062,168.42483332403174,0.05383917991684409,0,140.35402777002645,APPROVE
80859.29742988791,1372.2705657331649,0.08588356741369506,0,1143.5588047776373,REJECT
21237.076672002742,10195.191505634974,0.0858497205735699,0,8495.992921362476,APPROVE
110632.83891534453,1602.1532356283008,0.13355906014523888,0,1335.1276963569173,REJECT
29731.51247280324,940.2937780109067,0.013639274528704443,0,783.5781483424222,APPROVE
45750.3583483534,636.2695972604567,0.0824671624783739,15,530.224664383714,APPROVE
44723.63870979366,3926.9917450220064,0.054023498654322336,0,3272.493120851672,APPROVE
32615.82916842237,495.9204739641786,0.0473834693222679,15,413.26706163681547,REJECT
69469.74538186386,12247.657971874178,0.042016551436110244,0,10206.38164322848,REJECT
68513.8351220842,13594.853816423874,0.02301412392027593,0,11329.044847019895,APPROVE
8965.816169243612,1818.0428883306254,0.0378961238250879,0,1515.035740275521,APPROVE
103101.80677090038,1317.639031118939,0.07195099204081963,0,1098.0325259324493,APPROVE
9604.686251736775,4601.817793402107,0.10950229251250124,0,3834.8481611684224,APPROVE
82953.62232763939,4969.990013232744,0.10879524275411841,15,4141.65834436062,APPROVE
89443.65111130236,507.8696548604957,0.027928390731549263,0,423.2247123837464,APPROVE
15172.302730225227,710.201510407329,0.06601125754485766,0,591.8345920061075,APPROVE
26143.309074886252,273.30762311343864,0.07446547051783212,0,227.75635259453222,APPROVE
14994.462799174911,2182.6452399345785,0.06329847876418591,0,1818.8710332788153,APPROVE
30578.828694857428,2973.1235133417704,0.009185969675508183,0,2477.602927784809,APPROVE
28383.764060175625,264.4108495050861,0.0731858254213681,0,220.34237458757173,APPROVE
67760.07429817166,773.6938256442088,0.052880564764217014,0,644.7448547035073,APPROVE
103595.27471369959,265.2599280726726,0.05621619886831437,0,221.04994006056052,REJECT
110918.06434112736,454.34423368627654,0.12787059728428915,0,378.6201947385637,APPROVE
23161.937346713417,2587.9863448596216,0.13067977769657022,0,2156.655287383018,APPROVE
30718.56583165612,554.039745521243,0.053859364209229287,0,461.69978793436917,APPROVE
9445.081853441352,931.1531457928654,0.06187398224419805,0,775.9609548273878,APPROVE
19059.176046288016,189.54772380378694,0.02724542282188348,15,157.95643650315577,APPROVE
78580.692557314,1672.0457549577113,0.024851558305482083,15,1393.3714624647594,APPROVE
132252.2362497672,1266.847643379026,0.13995686749880837,0,1055.7063694825217,REJECT
13528.054273330785,557.0549045464985,0.16303200837012055,0,464.2124204554154,REJECT
22607.310189652213,1064.8590796243714,0.0959082002887224,30,887.3825663536427,REJECT
35556.3981252958,1658.6657010893775,0.18171610987267944,0,1382.2214175744812,APPROVE
45439.13090745138,502.48868803903497,0.07068553148294103,15,418.7405733658625,APPROVE
19002.33573592629,227.2157153669591,0.0805361655574466,0,189.34642947246593,APPROVE
50983.066928795306,11662.154574397331,0.10082418955521759,0,9718.462145331108,APPROVE
24857.84118368521,624.8350290369325,0.08154705732536831,0,520.6958575307771,APPROVE
35898.04740977642,1189.5171924895483,0.06273619020769686,0,991.2643270746236,REJECT
56219.97492264936,4493.65908139688,0.07207770144375426,0,3744.7159011640665,APPROVE
36502.56517428749,92252.1743754461,0.0796944275044662,30,76876.81197953841,APPROVE
25613.9214059367,300.0746170228961,0.11073545895375622,0,250.06218085241343,APPROVE
33266.69937539724,2292.0629979598343,0.03163244000036466,0,1910.052498299862,APPROVE
33836.98224666823,571.5501121273984,0.11704848811395058,0,476.2917601061653,APPROVE
27010.775989746053,699.8503605258929,0.10572633018297972,0,583.2086337715774,APPROVE
29524.12928518159,562.9329246054923,0.016221561381000765,0,469.1107705045769,APPROVE
130472.49749942869,346.065805280201,0.07701963214493691,0,288.38817106683416,REJECT
56882.07580953636,1271.3889876412063,0.09018327027941903,0,1059.4908230343385,APPROVE
28670.2633838775,227.6960629822632,0.04225943653986351,0,189.74671915188597,APPROVE
63421.837653864,4161.304920252642,0.1030068408943658,0,3467.754100210535,APPROVE
27804.256742621124,1427.1267414496474,0.12469718132818595,15,1189.2722845413728,REJECT
92827.63914732251,2217.946117843098,0.07843581248321714,0,1848.288431535915,APPROVE
48811.13557186956,763.5576067301381,0.11477178226983643,15,636.2980056084483,REJECT
33328.170682985605,859.8605164783505,0.026966089755449726,0,716.5504303986254,APPROVE
51957.09395138574,1886.524626158929,0.13158343603651265,0,1572.103855132441,REJECT
10335.078610679115,330.4826455130533,0.07335494709560235,0,275.40220459421107,APPROVE
14743.919284524616,869.420054816086,0.15534999458332593,0,724.5167123467382,APPROVE
13972.69007950677,476.219408545114,0.10730928367190512,15,396.8495071209283,APPROVE
40715.10675119479,458.8541182117827,0.058780634714099646,0,382.3784318431522,REJECT
145221.00008331376,106.23026169402476,0.07309221350571911,0,88.52521807835397,REJECT
216433.82401544828,6664.877243621837,0.060230795818836086,0,5554.064369684864,APPROVE
60502.55540055325,586.1457057070924,0.0878822881973695,0,488.45475475591024,APPROVE
54212.97662820024,5396.285757465368,0.159637016871095,0,4496.904797887806,APPROVE
8596.87301038135,4817.2846259061,0.06483202417036889,0,4014.40385492175,APPROVE
23525.98797098039,285.4923572930206,0.15074761723141517,0,237.9102977441838,APPROVE
19336.948958563364,361.8831697356387,0.16884996304037764,0,301.56930811303226,APPROVE
22099.757650369946,28854.419763169775,0.03352818511970993,0,24045.349802641478,APPROVE
31744.82329282606,10921.90885199174,0.06181776102595443,0,9101.590709993116,REJECT
24892.642026556805,1286.3868692516116,0.04975599326657894,0,1071.9890577096762,APPROVE
7454.403061051871,1819.4010540129511,0.120862015147505,0,1516.1675450107925,APPROVE
66060.62796599195,626.6569260321265,0.06768165307341027,0,522.214105026772,APPROVE
15395.115756203075,2244.500237522823,0.077977356120102,15,1870.4168646023527,APPROVE
43975.92004064134,564.9835559100933,0.14514373572016542,15,470.81962992507766,APPROVE
190854.4044158586,116.58147558926883,0.17435629137664863,15,97.15122965772402,APPROVE
17404.643662124792,273.5673826531601,0.18124163314996034,15,227.97281887763344,REJECT
4797.115034882561,1370.2194718557967,0.05810348182671428,0,1141.8495598798304,APPROVE
28888.43504322733,343.8254873386145,0.16358990422992076,15,286.5212394488454,APPROVE
87620.2757082391,1232.3546268092566,0.0947175468953503,0,1026.9621890077137,APPROVE
173976.92655126133,367.90386207840425,0.11149221616384768,0,306.5865517320035,APPROVE
13580.094019084112,522.4818257620877,0.16688795194731354,0,435.40152146840643,APPROVE
54033.493247033264,3719.0118293274154,0.02903946827251815,0,3099.1765244395124,APPROVE
25028.028968868177,1797.9305071012288,0.0750223734196734,30,1498.2754225843573,APPROVE
33364.28570366757,1320.5684957056883,0.1650182451670351,0,1100.473746421407,REJECT
301183.4051521425,3835.947211968108,0.06593209844691637,0,3196.62267664009,REJECT
10912.058457929912,2378.3094972727463,0.09683443987796136,0,1981.924581060622,APPROVE
44488.754537482186,7580.169626161451,0.05813389403240108,0,6316.808021801208,APPROVE
52794.090306258986,769.3790740738142,0.06209558732914299,0,641.1492283948452,APPROVE
86563.1132617936,797.7960056660456,0.10237337274138586,0,664.8300047217047,APPROVE
39276.6912042785,280.3626061557472,0.12985494803658554,15,233.6355051297893,APPROVE
46464.340741221204,798.4226119357745,0.053692302017005734,0,665.3521766131454,APPROVE
26547.24211311835,4251.974661161879,0.131365365548968,0,3543.3122176348993,APPROVE
45039.78787032,6357.558847989463,0.07143406903984846,0,5297.965706657886,APPROVE
27596.55374512754,4229.254894744584,0.11867347520797607,0,3524.3790789538198,REJECT
59710.16255136976,155.1488016651632,0.07358209890138721,0,129.29066805430267,REJECT
27019.435818857586,4900.9736194058005,0.09828567025505523,0,4084.144682838167,APPROVE
49103.2407726981,147.11175838946912,0.07377014991682476,15,122.59313199122425,APPROVE
35475.221613860595,3925.13371029229,0.02239980971077674,15,3270.944758576908,APPROVE
89396.80306454035,859.261650985487,0.06053940199507088,0,716.0513758212392,REJECT
34852.669784435886,3104.0248396218462,0.07098460819508108,15,2586.6873663515385,REJECT
8791.793648475938,270.0148316515587,0.07322802159632909,0,225.01235970963225,REJECT
99661.74692912029,5446.977062021311,0.23452147749567712,0,4539.147551684426,APPROVE
17595.77612472363,230.31437228619453,0.12460752080259485,15,191.92864357182876,APPROVE
21525.357313338045,599.0044421206198,0.10546220193308159,0,499.1703684338499,APPROVE
22549.562981500065,403.3083289584722,0.06912210135693482,0,336.09027413206013,REJECT
109048.76805895385,162.7594076336924,0.01759432865825411,0,135.63283969474367,REJECT
6577.832934525143,1496.445619404256,0.061601021993555445,15,1247.0380161702133,APPROVE
446948.5770976069,11669.359604495283,0.1243637725099,0,9724.466337079402,APPROVE
84528.6194106682,32784.173864218144,0.05132063285590995,0,27320.144886848455,REJECT
43416.339321682746,1501.172654763035,0.05045635783557269,15,1250.9772123025293,APPROVE
34755.21110155136,5102.22723990183,0.03495596841628203,15,4251.856033251525,REJECT
45635.59394043051,1765.0397185115908,0.03761226193224019,0,1470.8664320929922,APPROVE
55099.6114120621,2431.0407594885046,0.25760567810737084,15,2025.8672995737536,APPROVE
60850.3267863325,886.1059498270445,0.1190912605092342,0,738.4216248558704,APPROVE
56640.72751347951,1688.3503678557383,0.10423876968990572,0,1406.958639879782,APPROVE
39013.559532449246,2546.2815354828244,0.09979026579082766,0,2121.90127956902,APPROVE
31011.99250797584,667.3156900388667,0.18841728466299074,15,556.0964083657221,REJECT
32176.16928046491,1217.337952011423,0.14911830535950574,0,1014.4482933428526,REJECT
31072.34193764548,1245.5080079763807,0.01327188463228351,45,1037.9233399803172,APPROVE
89950.61509054476,3601.475450362281,0.04120347287106091,0,3001.2295419685674,APPROVE
58386.815294638705,371.73316594727413,0.10540340718777173,0,309.7776382893951,APPROVE
3455.3847566329046,1255.845408033262,0.09191458185711747,0,1046.5378400277182,APPROVE
61372.714199860115,13250.909490739072,0.0797679378289904,0,11042.424575615893,REJECT
42437.553958210796,5400.71747846642,0.03311702765923845,0,4500.597898722016,APPROVE
35776.01568164424,6744.143419366315,0.0675393292703435,0,5620.119516138596,APPROVE
26613.802136961873,1375.7208334182633,0.11467020451541748,15,1146.4340278485527,REJECT
89258.3431539007,1963.751558941921,0.0627430025832459,0,1636.4596324516008,APPROVE
77499.06646827827,4447.503947200137,0.028363212094569604,0,3706.253289333448,REJECT
19568.91987052786,8688.204172739195,0.12777258331807134,30,7240.170143949329,APPROVE
50294.03847597931,128.44379447229423,0.027094016516227636,15,107.03649539357853,REJECT
16691.82925265539,275.58203130226013,0.1306715537554598,0,229.65169275188342,REJECT
12043.802221887625,6430.115814714506,0.06395756528872383,15,5358.429845595421,REJECT
21996.22705928822,958.2873493099822,0.06797787675144504,0,798.5727910916518,REJECT
72396.61172543274,596.661505360967,0.10523030859074196,0,497.2179211341392,APPROVE
77846.95293579763,296.61106128258683,0.05197834412727338,0,247.17588440215567,APPROVE
54746.47905307007,686.3549166551926,0.18230368253861232,0,571.9624305459938,APPROVE
64865.8538543145,248.28363120892664,0.03534770468715466,0,206.90302600743885,REJECT
54882.1056373895,16427.76276838977,0.12897304573158405,0,13689.802306991476,APPROVE
21737.947039742634,1300.4838215432314,0.05132352246113865,0,1083.7365179526928,REJECT
51304.72005209888,1246.2249950106072,0.09308099099561094,0,1038.520829175506,APPROVE
68894.22388525825,2705.675592984945,0.07011896609724524,0,2254.7296608207876,REJECT
66398.72037718284,4239.620799413041,0.10925665144408754,15,3533.017332844201,APPROVE
94007.58008280126,4156.716317787671,0.031657802930417055,15,3463.9302648230587,APPROVE
64000.301787530225,4845.28448432021,0.15484405290776546,0,4037.737070266842,APPROVE
48105.82574085623,626.6575668440564,0.10830272213935924,0,522.2146390367136,APPROVE
85487.05078546525,934.4655308202018,0.08805742018248801,0,778.7212756835015,APPROVE
35553.11280075328,3361.8708329893743,0.053015311203029186,0,2801.559027491145,APPROVE
17934.836595882,709.4911571580901,0.059665119030236975,0,591.2426309650751,APPROVE
31874.016556169834,1327.8109308772994,0.14588858756837608,0,1106.5091090644162,REJECT
20011.81011797431,2155.8307440144704,0.03114862226656753,0,1796.5256200120584,APPROVE
21159.77769522892,3427.6734164938944,0.06351066621531236,0,2856.394513744912,APPROVE
32350.509953197026,158.25343265972685,0.17115019636255266,15,131.87786054977238,REJECT
19265.362303689497,3149.8486620525196,0.06565727437796502,15,2624.873885043766,REJECT
28385.41614656416,1009.2331233120609,0.11420562022038315,0,841.0276027600507,APPROVE
7983.309002294129,3122.4216825729463,0.05583467405940165,15,2602.0180688107885,REJECT
43072.28224717305,3393.893063660217,0.18912113804815042,0,2828.2442197168475,REJECT
36350.54152191056,9199.578808910372,0.19366444814246817,0,7666.315674091977,REJECT
18888.88806626398,6778.826505377965,0.11853881061968159,0,5649.02208781497,REJECT
61537.16220186487,6723.0748924136615,0.08206160925728884,15,5602.562410344718,APPROVE
76884.23362578402,7553.90018764079,0.09209047222730969,15,6294.916823033992,APPROVE
10036.182667084096,1895.1811162085412,0.11629218120841993,0,1579.317596840451,APPROVE
19728.511982627373,1388.5801252923245,0.13670566779513643,0,1157.1501044102704,APPROVE
19627.484241042443,3807.7563373362846,0.08599493315480729,15,3173.13028111357,APPROVE
17121.281812405705,3216.0592342058458,0.11612837053405647,15,2680.0493618382047,APPROVE
70514.93945719083,921.9909638573802,0.09191475867581379,0,768.3258032144835,APPROVE
31099.25332329241,2171.5641592203788,0.027326922660606767,0,1809.6367993503156,APPROVE
29389.36422883462,1280.8755504491805,0.0532546146604418,15,1067.3962920409838,APPROVE
7309.353500981933,479.4767556167429,0.10919529037921323,0,399.5639630139524,APPROVE
60375.24350569622,6285.2933632012255,0.08549394591884484,0,5237.744469334354,REJECT
13475.025445405845,1427.4629661511287,0.1025931513232626,0,1189.552471792607,APPROVE
38099.106302525826,15613.088006092818,0.19517216431778792,0,13010.906671744015,REJECT
45338.03347931815,189.96202481062244,0.0182876588448502,15,158.30168734218535,APPROVE
107853.25979972596,684.9051623779042,0.11012342038954395,15,570.7543019815868,APPROVE
12745.629158364052,1389.336412474402,0.158498371632106,0,1157.7803437286684,APPROVE
3243.4416262510476,5230.552668140703,0.104835033643187,0,4358.793890117252,APPROVE
42069.55655165482,2157.6569232079537,0.04973105260448221,0,1798.047436006628,APPROVE
153339.38481584357,1939.1057884825307,0.041415430838473925,0,1615.921490402109,REJECT
97846.68387344178,345.3983387088847,0.033203587444167564,15,287.83194892407056,REJECT
42947.234315522845,333.31408056154584,0.052622897223349785,15,277.7617338012882,REJECT
24506.43589173027,1967.306248295619,0.09423376101336946,15,1639.4218735796824,APPROVE
69265.21265896717,259.94958657434086,0.07427895378545192,0,216.62465547861737,APPROVE
16666.61740831031,705.6798092605422,0.22092535252795667,0,588.0665077171185,APPROVE
53161.31320950814,2436.982083933423,0.030682497555617538,0,2030.8184032778524,APPROVE
54413.96597263361,411.0133847525303,0.06477065111809466,15,342.51115396044196,APPROVE
84809.9310192512,9171.37098620306,0.03809081368065355,0,7642.809155169216,APPROVE
330290.5600783172,5803.047677068276,0.019916103979251268,0,4835.873064223563,REJECT
49708.57705443129,202.6967275447876,0.24664249915281442,0,168.91393962065632,APPROVE
24169.07251184648,436.4044343827143,0.14532773461381718,0,363.67036198559526,REJECT
35580.056537610595,86.01160367558265,0.08839206350752438,0,71.67633639631887,APPROVE
8819.66596724043,522.3329772380763,0.12803322488669824,0,435.27748103173025,APPROVE
20831.665651592517,3351.2244948816606,0.044880640703430286,0,2792.68707906805,REJECT
26175.366813020373,813.008021689694,0.04161814036659939,0,677.5066847414116,APPROVE
23878.39326785719,2322.435269708228,0.008450435730041929,0,1935.3627247568566,APPROVE
41022.8249806163,214.99477490563592,0.12310975767998202,15,179.16231242136325,APPROVE
18808.49773913449,3480.6878542517366,0.16367041309062885,30,2900.5732118764467,APPROVE
89038.53511797007,686.2787137592455,0.06696367890189779,0,571.8989281327046,APPROVE
36321.518905805475,1355.625873245512,0.024608272186110808,0,1129.6882277045931,APPROVE
36046.30868255327,1195.076531408119,0.11127859340703802,15,995.8971095067659,APPROVE
27936.35669332497,290.4863775087751,0.09234479325909511,0,242.07198125731256,REJECT
41115.99703777201,334.86039342383583,0.1117308360397723,0,279.0503278531965,APPROVE
70268.47990403016,4267.435199108217,0.049547881729854464,30,3556.195999256847,APPROVE
18147.640430839616,2156.421677170031,0.06565761172062,30,1797.0180643083593,APPROVE
21450.576677780697,4710.14398623954,0.12572777100433713,30,3925.1199885329497,REJECT
28481.76044458174,1972.396913707278,0.031133986420837957,0,1643.6640947560647,APPROVE
12373.38731817328,1586.0527616769987,0.09295762416905282,0,1321.710634730832,APPROVE
18856.137038492438,168.37643622388023,0.07892087468503071,0,140.31369685323352,APPROVE
24810.52658489797,965.8174786783728,0.08868098648109911,15,804.847898898644,REJECT
73094.71497570099,1292.78453142333,0.14055043124414765,0,1077.320442852775,APPROVE
44803.83705128055,13920.857652161445,0.20530571038282452,30,11600.714710134538,APPROVE
42398.65542717677,3046.5432479207884,0.06974106348106818,15,2538.78603993399,APPROVE
71733.87500329892,8439.584234465645,0.021887939847051778,0,7032.986862054703,APPROVE
32536.003959417434,2736.56880604087,0.008555322802470141,15,2280.4740050340583,APPROVE
49631.04776793729,568.9832719533002,0.14638820752692489,0,474.15272662775016,REJECT
33437.14202056424,1537.5783633060391,0.059950080014922386,0,1281.3153027550327,APPROVE
44904.34679033601,1773.8068567802666,0.06121330279276698,0,1478.172380650222,APPROVE
22783.5274578831,432.86600519273645,0.012678732480550197,15,360.72167099394704,APPROVE
5161.3129479104355,842.3116320522266,0.03941061513808216,0,701.9263600435221,APPROVE
32616.600979859653,1043.665708513322,0.04394605161729157,15,869.7214237611016,APPROVE
113345.78945943892,9174.275507860968,0.1366654002127529,0,7645.229589884139,APPROVE
76188.99599964981,110.00505029781064,0.06798566198858441,0,91.67087524817553,REJECT
78615.01476142675,5678.242312868037,0.20636594189216656,30,4731.868594056697,APPROVE
97626.53177784603,434.09379360777194,0.03658038745791026,0,361.7448280064766,APPROVE
38984.759737177556,257.47429304428096,0.026413473987484188,0,214.56191087023413,APPROVE
42525.21894734778,5504.633455697307,0.06048277763627374,15,4587.194546414422,REJECT
22156.329340299217,3215.3535196658,0.0693860067606988,0,2679.4612663881667,REJECT
28201.81778129565,6019.968765675335,0.03922093903631501,0,5016.640638062779,REJECT
59433.713983287336,3492.0954275411045,0.0937057422754945,0,2910.0795229509204,APPROVE
95140.26446566655,15823.143236328142,0.07015152422345236,15,13185.952696940118,APPROVE
32482.05231947038,2612.031398891879,0.06076937874897607,15,2176.6928324098985,APPROVE
25332.630533551037,1107.2580971881475,0.13937409971475545,0,922.7150809901228,APPROVE
36330.84438695073,2016.1127592435344,0.13626848771701947,0,1680.0939660362785,APPROVE
58745.23951217267,5940.673923293786,0.12085326793965045,0,4950.561602744821,REJECT
11440.513463425857,524.3526827982296,0.21874593726675765,0,436.96056899852465,APPROVE
5785.182796522143,611.0315582297503,0.054611616239039276,15,509.1929651914586,APPROVE
23378.463642681283,922.1084943721058,0.10378566963324073,15,768.4237453100882,APPROVE
13676.441858313516,106.90232301104578,0.17104570626009397,0,89.08526917587147,APPROVE
24184.998950977282,1576.7310027417975,0.11218338456984711,0,1313.942502284831,APPROVE
32266.207203880665,138.9425394295848,0.15310156069682457,15,115.78544952465398,APPROVE
25270.7093994888,1423.802064305508,0.05858578212879586,0,1186.50172025459,APPROVE
116072.93558832273,3773.516537940851,0.10315933508355649,0,3144.597114950709,REJECT
47164.45480395116,753.8271926196206,0.07178888084239385,0,628.1893271830171,REJECT
46183.57469109589,9996.136539048965,0.026616082412674727,0,8330.113782540802,APPROVE
59740.51516799776,231.5541667281057,0.07960454609259211,0,192.96180560675475,APPROVE
14602.287971208441,5579.908877049529,0.036086245381343966,0,4649.924064207941,APPROVE
83390.47973197367,3003.6376247365283,0.15516625986479335,0,2503.0313539471067,APPROVE
34179.74755094035,170.4044977056577,0.046945928088758936,15,142.00374808804807,REJECT
62092.748750001316,34557.09165426958,0.19869935170757894,0,28797.57637855798,APPROVE
15406.029127457905,1237.5891897873717,0.13627008466298238,0,1031.3243248228096,APPROVE
10477.57970671013,466.1157903560414,0.017584018548623247,0,388.42982529670115,APPROVE
69864.41585457302,246.88194657013605,0.03419515070766838,15,205.73495547511337,APPROVE
49076.109192599004,1025.969474987896,0.062029696566999054,0,854.9745624899133,APPROVE
17647.664956265864,1146.56599196277,0.10579398494229983,60,955.471659968975,APPROVE
18110.90523472493,1511.094559798704,0.18321291642558882,0,1259.24546649892,REJECT
89352.79731925551,934.5447567453116,0.09900487617656216,0,778.7872972877595,APPROVE
14023.229530054821,2856.308338078317,0.1399244546131101,30,2380.256948398597,APPROVE
135149.70414348278,839.040609709427,0.055469916176746153,0,699.2005080911891,REJECT
17667.877023467507,131.03414869834535,0.07812774573690641,0,109.1951239152878,APPROVE
60519.05423619872,1116.7535199950214,0.06465523479819195,15,930.6279333291844,REJECT
27920.1860183038,77.97916869112144,0.13198432280850794,0,64.98264057593452,APPROVE
58838.39781746918,2042.5200928687698,0.07025636311346457,0,1702.1000773906414,REJECT
23498.89783299231,412.5076003379904,0.1815746310199536,15,343.756333614992,APPROVE
31881.005582406964,1625.2994145601951,0.10708646324655977,0,1354.4161788001627,APPROVE
37523.97497415463,6465.947797283683,0.03970093706190356,0,5388.289831069736,REJECT
16289.076933409111,427.911531744417,0.11643927294702917,0,356.59294312034746,REJECT
65687.20760698515,4773.916982397719,0.08438900256214493,0,3978.264151998099,APPROVE
24087.03834581044,794.2096164584995,0.12150632839131446,0,661.8413470487495,APPROVE
30246.025540256443,10951.685709668996,0.13897377313158052,0,9126.404758057497,REJECT
16391.537922498825,861.9797436728057,0.12870970766880088,0,718.3164530606714,APPROVE
4675.694902692353,487.2724071987011,0.07784267837944331,0,406.06033933225086,APPROVE
31168.95324040657,3047.573708106908,0.06837531432159953,0,2539.6447567557566,APPROVE
250219.13109227628,791.9254285082818,0.08180953400592873,15,659.9378570902348,APPROVE
68028.59635008342,486.71342006716816,0.03683295756123195,0,405.5945167226401,APPROVE
35760.231257987,752.956220618933,0.19283794977720184,0,627.4635171824442,REJECT
29427.57198995702,1266.3411895210743,0.06772840935401392,0,1055.2843246008952,REJECT
36974.09141231036,6687.7385694190225,0.08765130907465869,0,5573.115474515852,REJECT
56257.536433959016,131.17202273929297,0.022071189487625466,0,109.3100189494108,APPROVE
14120.031582319678,1373.492023025152,0.10249826271238102,0,1144.5766858542934,APPROVE
88561.92959752568,2827.927020369918,0.020201550660328794,0,2356.605850308265,APPROVE
64363.69766845284,1685.0545177251906,0.192198923205928,0,1404.2120981043254,APPROVE
64508.26154601912,6433.365655133067,0.0617084372098639,15,5361.138045944222,APPROVE
51574.39415762047,1221.9466872144187,0.10776557211378124,15,1018.2889060120156,APPROVE
36889.90908708536,1070.5771519520479,0.11577067248587616,0,892.1476266267065,APPROVE
62211.11675818129,2719.5191577455453,0.029581140490269487,0,2266.265964787954,APPROVE
58305.47664757788,1505.0651795971007,0.058516068479417996,0,1254.2209829975839,APPROVE
27358.086495129108,836.2473320547939,0.052136441865781806,15,696.8727767123282,REJECT
22951.04117776439,2481.9200529528352,0.012487179201686096,0,2068.266710794029,REJECT
39398.57929800317,610.5626781211456,0.11457740332290957,0,508.8022317676213,REJECT
125394.00778067844,641.6239116139084,0.017135783724800846,0,534.6865930115903,REJECT
13476.656768195733,708.9762874343024,0.11919047967412863,0,590.8135728619187,APPROVE
11225.910101383364,6775.699578292512,0.09765847225030916,0,5646.41631524376,REJECT
41431.99440193586,27.99974155133382,0.13735084573570597,0,23.33311795944485,REJECT
37824.418362950804,2147.6586091754084,0.009058481045307761,15,1789.7155076461738,APPROVE
41717.389343446266,1392.061587829794,0.16781120574060066,0,1160.051323191495,REJECT
44141.804414580074,177.74862906163867,0.0055303890022696135,0,148.12385755136555,APPROVE
30376.9141606581,1937.3707357492135,0.1096056654763286,0,1614.4756131243446,APPROVE
119597.92261184819,2364.489206365551,0.022419335269304105,0,1970.4076719712923,APPROVE
10089.76494479768,2710.7536765453974,0.07379691991077952,15,2258.9613971211643,APPROVE
18717.278874089436,55.43555812946878,0.02116348004306762,0,46.19629844122398,APPROVE
33436.259098631395,6884.874625763328,0.06193256524420769,0,5737.39552146944,APPROVE
9754.158160506504,551.2182679993192,0.1061348488506674,0,459.34855666609934,APPROVE
31549.609050123454,3045.1218723695965,0.08623890275592143,0,2537.601560307997,APPROVE
137197.41220033044,3250.952937306746,0.06089904218288191,0,2709.1274477556217,REJECT
36927.403276738856,466.55616250499116,0.14618182865097953,0,388.7968020874926,REJECT
43676.29234370708,2951.199125103165,0.020587876090101497,0,2459.3326042526373,REJECT
13251.528561093266,841.194594535634,0.016805630091623218,0,700.9954954463616,APPROVE
22179.21512277631,111.24803876364967,0.02051757926442392,15,92.70669896970806,APPROVE
26898.959801172048,5424.631325354014,0.06189812815911315,15,4520.526104461677,APPROVE
28164.790770489617,527.0845390793428,0.01561885616662768,15,439.23711589945225,APPROVE
101246.66397217535,479.1543367729835,0.08079370244321084,15,399.2952806441529,APPROVE
56735.355466030065,823.6419142420209,0.047805849225739466,15,686.3682618683507,APPROVE
14925.607402988766,1852.1436507517324,0.0469858731686943,0,1543.4530422931102,APPROVE
44232.001536081596,1247.2425256002375,0.024546425957546504,0,1039.3687713335312,APPROVE
54099.347231328655,2578.8406505072107,0.13601141146135523,0,2149.0338754226755,APPROVE
90410.8201205688,267.7430273034446,0.06119205718252663,0,223.11918941953715,APPROVE
128596.20101523321,548.1512554669438,0.06726629777449049,0,456.79271288911974,REJECT
16121.751218406758,1162.3724607036336,0.04783339982433307,0,968.6437172530281,APPROVE
18983.282283887263,13028.306054768886,0.07068351754256746,0,10856.921712307403,REJECT
13278.981328118822,1165.4235485439406,0.15652548772301778,0,971.1862904532837,APPROVE
30115.16404397679,4913.2043419685915,0.03057843665414019,0,4094.3369516404928,REJECT
52737.74486734538,1399.2352404749452,0.0398376005022251,0,1166.0293670624542,APPROVE
80006.85626300641,747.7169835067612,0.02332880983966496,0,623.0974862556343,APPROVE
34174.641830578614,993.6108172722027,0.08575980796454497,0,828.0090143935022,APPROVE
28116.78425334643,1091.5033580936536,0.11737495449999295,30,909.5861317447112,REJECT
41003.24110071419,2756.7005584630733,0.032967709644737345,0,2297.2504653858946,APPROVE
18618.028765196123,6953.138560756281,0.05803296210440548,0,5794.282133963567,APPROVE
193228.93900534362,2057.0576679323744,0.05072044026477774,0,1714.2147232769787,APPROVE
10035.370469687057,5551.970126486268,0.11148794078907263,0,4626.64177207189,APPROVE
42099.555571426885,419.7533269066371,0.10483949877167882,30,349.79443908886424,APPROVE
183301.01577001365,812.2907125172409,0.04709143796474059,0,676.9089270977007,REJECT
36513.592797213,560.1764738478599,0.02023344347450321,0,466.8137282065499,APPROVE
31193.617076879436,1948.370022388629,0.023913263110775854,0,1623.6416853238572,APPROVE
27283.670765332226,868.4107741202515,0.04051049577050274,0,723.6756451002096,APPROVE
31435.297180756217,3207.164304443311,0.06497563540185097,0,2672.6369203694253,APPROVE
108910.17944805013,437.1222276149422,0.029922139285831994,0,364.2685230124518,APPROVE
6188.88655170024,1406.7707028392606,0.08830679894342736,15,1172.308919032717,APPROVE
123840.1575510208,3046.182359626465,0.08195921004526328,0,2538.4852996887207,APPROVE
11624.082214398963,112.06192014438919,0.19360999458851427,15,93.38493345365765,REJECT
29339.15164368582,17040.914653684897,0.16843251876551246,0,14200.762211404079,APPROVE
25760.67707295992,951.1127787437492,0.23557904009158745,0,792.5939822864576,APPROVE
58153.5738849474,117.6091702328108,0.08778814815541634,0,98.00764186067566,REJECT
10112.226532636942,1615.0603207972372,0.08064044950419587,0,1345.8836006643642,APPROVE
52561.44435324833,1390.678544569916,0.03164950006671242,0,1158.8987871415966,APPROVE
183404.19253982167,1210.9272307331169,0.13680146287948047,15,1009.1060256109307,APPROVE
12203.289143673805,4388.945369709636,0.04045213623089852,15,3657.45447475803,APPROVE
42267.12745070617,3275.9031227265787,0.04341514648104828,0,2729.919268938815,APPROVE
21384.342145538732,1910.0149270786653,0.13970008202738668,0,1591.6791058988877,APPROVE
51057.60402277327,2292.966487783968,0.10599933687727353,0,1910.80540648664,APPROVE
36876.07412135503,1178.720453507595,0.03745805154035815,0,982.2670445896624,REJECT
21737.854630685273,11248.65591298966,0.04037130152595995,0,9373.879927491382,APPROVE
53653.27703338879,226.41728372951795,0.05040041994201639,15,188.68106977459828,REJECT
153810.78972155956,1579.7105547849812,0.07915108198054215,0,1316.4254623208176,REJECT
31172.044627572533,1444.3930308289716,0.10497830715386923,0,1203.6608590241428,APPROVE
64589.44935270529,3545.2054575532306,0.14024663341502225,0,2954.337881294359,REJECT
12905.148686463881,485.311160904821,0.06626724601326561,0,404.4259674206842,APPROVE
16896.316161579176,164.84535370432846,0.06555595448397265,0,137.3711280869404,APPROVE
52993.525373323646,1612.5991357641328,0.1063381145367548,0,1343.8326131367774,REJECT
119049.28223944717,1872.2412051989302,0.07719642058600595,0,1560.2010043324417,APPROVE
48266.3871437646,7981.9194838525,0.027144948976039897,15,6651.599569877083,APPROVE
28269.91872086571,290.9002577126989,0.1518471960192065,15,242.41688142724902,APPROVE
36294.92213350707,5340.355095702826,0.06262249867045168,0,4450.295913085688,APPROVE
13355.369768745513,22886.720805024604,0.03553764181353929,15,19072.2673375205,APPROVE
58900.93601352509,849.0321400701595,0.05859686021519606,15,707.5267833917995,APPROVE
73560.7187686045,283.8041091382027,0.12352414295285977,0,236.50342428183558,REJECT
25294.13257362812,819.7879156530992,0.03521501341683795,0,683.1565963775826,APPROVE
24933.468135713032,1358.614715204556,0.16057960272614877,30,1132.1789293371298,REJECT
44922.88282762866,2627.9526370596295,0.09334276914739964,0,2189.9605308830246,APPROVE
25607.08144516704,657.037589829504,0.11049912457019326,0,547.5313248579199,APPROVE
34444.13131742464,8635.640372910055,0.10659623778974522,0,7196.366977425045,APPROVE
194809.49890217316,350.71577198249213,0.03304537316860047,0,292.2631433187434,REJECT
29803.45005360641,165.73145283915858,0.081090640480589,0,138.10954403263213,REJECT
27264.148555233245,5041.542753701784,0.025775574082805244,15,4201.28562808482,APPROVE
21632.812873347542,87.17082241229812,0.11600005738718941,30,72.64235201024843,APPROVE
65864.41416873541,1045.7181825325938,0.05252346400678174,15,871.4318187771614,REJECT
31414.36845767492,56310.27275542973,0.055041001902682164,15,46925.22729619144,APPROVE
21601.144304794914,1316.8037048631363,0.028675958909897006,0,1097.33642071928,APPROVE
104510.54201428818,348.101368506691,0.06568211060846685,0,290.08447375557586,APPROVE
113060.95800458555,1247.052381062982,0.09326480940923845,30,1039.210317552485,REJECT
22463.81670761547,1256.9632358924782,0.02584213888983874,0,1047.4693632437318,APPROVE
8158.111920647111,1620.0217198148885,0.03198557557012919,0,1350.0180998457404,APPROVE
81308.9155487389,2957.591357831708,0.08661270138284696,15,2464.6594648597566,APPROVE
21000.38687997885,383.9381626922543,0.006309315148338959,0,319.9484689102119,APPROVE
68357.08396819935,10122.060949969295,0.012415468719997219,0,8435.050791641079,APPROVE
7509.445790503634,1792.8324961684712,0.03906656508488856,0,1494.0270801403924,REJECT
74167.24359057903,3195.720220989738,0.08472602263083909,0,2663.100184158115,REJECT
13781.225261935902,628.6883263503014,0.10425883869055937,15,523.9069386252512,APPROVE
65160.66675553775,6254.606250758574,0.09506450044473132,0,5212.171875632145,APPROVE
36732.546044917224,981.3724159565259,0.09815854138839684,15,817.8103466304382,REJECT
16930.10140009232,1863.9961377077518,0.0998143166812167,0,1553.3301147564598,APPROVE
26222.443617039422,436.0197822188877,0.047121482122459826,0,363.34981851573974,APPROVE
62884.48592251518,403.87157966929675,0.06838642706721337,0,336.55964972441393,REJECT
39526.06325318459,3051.1116382323125,0.07879998141266271,0,2542.59303186026,REJECT
57961.274435208696,784.5314893511166,0.11237135516112827,15,653.7762411259305,APPROVE
176513.46962728526,479.53994769517334,0.011119096308671545,0,399.61662307931107,APPROVE
10390.079240030787,617.4480260214859,0.06366203904341654,0,514.5400216845716,APPROVE
132424.7793221546,3090.7176529355575,0.09826012135283807,0,2575.5980441129645,REJECT
39477.44400822395,628.0184051243689,0.03773935220668841,0,523.348670936974,REJECT
17693.856383660586,1160.0622994530993,0.03837790741937622,0,966.7185828775828,APPROVE
12528.346794600602,1360.2832204099816,0.032313691691737104,15,1133.5693503416512,REJECT
31216.55017172349,133.8334670429227,0.1692586730174975,0,111.52788920243557,REJECT
75911.24360794436,228.62045357340804,0.035224849125219684,0,190.51704464450668,APPROVE
32792.68344204245,2000.0918312300737,0.05107407116948119,0,1666.743192691728,APPROVE
121652.50552752413,551.6863474389969,0.06452308642258461,0,459.7386228658307,APPROVE
11373.70564573545,4748.0287008583855,0.030094280284763738,0,3956.6905840486543,REJECT
35965.98255642282,4262.381975203516,0.07464440450857056,15,3551.984979336263,APPROVE
13334.170693513388,3166.611306571771,0.06072092014591681,0,2638.8427554764758,APPROVE
48577.00287861519,11862.54281021325,0.19266470171533792,15,9885.452341844375,APPROVE
73829.22331430369,1209.1920807439708,0.04209836857363576,0,1007.6600672866424,APPROVE
25936.086135666144,2910.4797761081777,0.020940701362693256,0,2425.399813423481,APPROVE
4521.634916870895,662.5749841582697,0.1748979881126316,30,552.1458201318914,APPROVE
42580.791100731374,25343.024473326936,0.07331473588582904,0,21119.18706110578,APPROVE
51502.76844325924,14440.258153152841,0.05803459162546849,0,12033.548460960701,APPROVE
50183.21082229568,1355.1554207916292,0.052887802854310516,0,1129.2961839930242,APPROVE
97599.31495352244,2124.5565620330644,0.12596163988276635,0,1770.4638016942201,APPROVE
15415.935964944969,6826.531744110576,0.1944305618853704,0,5688.776453425479,APPROVE
62578.23947022834,1119.7351926824797,0.021531003901733622,15,933.1126605687331,APPROVE
94278.27025432627,607.5691658872843,0.21049591615838315,0,506.30763823940356,APPROVE
8752.808793349193,3813.1183892217887,0.025621374856223178,15,3177.598657684824,APPROVE
46897.585007686976,1467.8323538909767,0.17535007721428034,0,1223.1936282424806,APPROVE
24261.745635201456,1664.0476330130743,0.0318815992899251,15,1386.7063608442286,REJECT
34022.653512731384,490.92398314225943,0.07281774054022662,0,409.1033192852162,APPROVE
47960.89099425124,170.06969590925416,0.04258053593175268,0,141.72474659104512,APPROVE
24593.000494985146,1773.633948019934,0.0670106255133751,0,1478.0282900166114,APPROVE
21150.811164506325,3957.50619366579,0.12561615650255348,0,3297.921828054825,APPROVE
37321.3912793001,1018.8673092549475,0.1264532484040384,0,849.0560910457895,APPROVE
15217.528738910136,7488.548982769273,0.07892653326209138,0,6240.457485641061,APPROVE
15234.835546254171,574.0493203065346,0.04125263379171505,0,478.3744335887788,APPROVE
62536.059813526124,376.8207314825619,0.1034549245128256,0,314.0172762354682,REJECT
14486.388622841303,1232.4243668199842,0.037451390516479256,0,1027.0203056833202,APPROVE
61886.04572629487,1209.913098493037,0.08584619147250486,0,1008.2609154108642,APPROVE
52579.05020342119,3365.6533530311594,0.11008756609751584,0,2804.7111275259663,REJECT
9130.307169212852,527.1364946459946,0.03209501819555101,0,439.28041220499546,APPROVE
21119.42005933671,6898.97405041046,0.039181146624938885,15,5749.145042008717,APPROVE
94399.16648040632,14153.47225502132,0.039173299258814145,0,11794.560212517767,APPROVE
16565.335616168144,1274.669329627539,0.06353144020093061,0,1062.2244413562823,APPROVE
25046.179756501166,5985.333931827329,0.08630359231247646,0,4987.778276522774,APPROVE
52556.744610263515,376.0110090146863,0.045770274798938,0,313.34250751223857,APPROVE
67962.57108690245,4854.594020992902,0.1774414381008404,0,4045.4950174940855,APPROVE
29696.037285681843,4694.498627228442,0.03141589999311779,0,3912.082189357035,REJECT
22516.23411499204,3765.137436302707,0.09992938739781626,0,3137.614530252256,APPROVE
113311.49400040811,1311.2539870598107,0.19297875534871933,0,1092.7116558831756,REJECT
145964.64751157086,38.56388348727892,0.011133549826811672,0,32.136569572732434,APPROVE
79466.15133655723,618.5279214463665,0.03565994979395736,0,515.4399345386387,APPROVE
38880.74866017871,630.3755076963763,0.016553742704009482,15,525.3129230803136,REJECT
19022.68365621093,413.02535417599785,0.05029116258866868,0,344.1877951466649,REJECT
18688.141826139698,1547.0520758193334,0.022593771322703994,0,1289.2100631827777,REJECT
55160.99025805274,808.0781485773409,0.03543453335209886,0,673.398457147784,APPROVE
50752.622817973584,496.64748826183427,0.16216001269156677,0,413.87290688486183,REJECT
111444.15298966311,374.9732646298953,0.10043990880994765,0,312.47772052491274,APPROVE
61105.67821774071,566.1161812832781,0.10279004619735473,0,471.76348440273176,REJECT
10911.098471532465,5131.811328004667,0.05303533448816089,15,4276.509440003889,REJECT
84251.20023099323,604.3689413193082,0.11771838898165388,0,503.64078443275685,APPROVE
16342.943584966975,720.1708383033264,0.02472243628968618,15,600.1423652527719,APPROVE
26710.79266664578,772.3036247235199,0.05131435996295381,0,643.5863539362665,REJECT
44362.959954851845,2006.6202609145462,0.04297322343638772,0,1672.1835507621217,APPROVE
179249.50408141705,2309.7955503113417,0.12691967393509251,0,1924.8296252594512,APPROVE
437107.67727122694,34.59907888588774,0.057676195780148376,0,28.832565738239783,APPROVE
59005.05795763644,4552.251221765483,0.06539316464351705,0,3793.5426848045695,APPROVE
31364.83704334146,7487.996480199265,0.05806400251319967,0,6239.99706683272,APPROVE
55692.70895004252,378.8692134082606,0.130057025802226,0,315.7243445068838,APPROVE
73874.60004114344,415.9882494401217,0.05062932306176675,0,346.65687453343475,APPROVE
28098.343391764494,778.2990564726857,0.02387569379196726,15,648.5825470605714,APPROVE
152690.6235188739,539.2666082868936,0.21201226486768124,0,449.38884023907804,APPROVE
43654.27992143793,1747.824508781996,0.09919521346291252,15,1456.5204239849966,APPROVE
54078.635068108175,129.22881119779092,0.014503365805621539,15,107.69067599815908,REJECT
61866.82696201206,349.2897396549903,0.06755886097732285,30,291.0747830458252,APPROVE
50882.24337295359,8471.404099924015,0.016905577395811073,0,7059.5034166033465,REJECT
71050.9426159767,438.58382043414576,0.04955245828089691,15,365.4865170284548,REJECT
22163.397607848332,5940.38271686305,0.15304846289139945,0,4950.318930719208,APPROVE
23233.688544968056,2046.3658476893431,0.09371649628435012,0,1705.3048730744524,APPROVE
15061.191477897153,152.36723847400677,0.044204203430408456,0,126.97269872833897,REJECT
51616.72281339443,2863.5286621505193,0.17760931674560548,0,2386.2738851254326,APPROVE
67720.83746879885,1160.0450787938605,0.016619127966602344,0,966.704232328217,APPROVE
52376.761699261886,773.4449051651877,0.062710858384439,0,644.5374209709897,APPROVE
138634.1803322324,1792.4943470708267,0.08169722956420694,15,1493.7452892256888,APPROVE
36153.2882577405,2361.3177000632045,0.13005187079569638,0,1967.7647500526703,APPROVE
62006.427280822114,3122.9242247359307,0.08038547204890213,0,2602.436853946609,APPROVE
15163.390759905995,5493.486101037501,0.05994005117385018,15,4577.905084197917,APPROVE
26644.02596425519,2180.2133159298696,0.017119717478405266,0,1816.844429941558,APPROVE
63350.00128621645,256.3782775368388,0.10023703513589816,0,213.64856461403235,REJECT
71630.89029380115,756.7556074797762,0.03304768184514351,0,630.6296728998135,APPROVE
28704.99538615724,45664.33741490509,0.23465538713379272,0,38053.61451242091,APPROVE
34293.82536767188,3186.900774448506,0.017001530749851727,0,2655.750645373755,REJECT
10782.729390782932,22938.217110465564,0.18487560796544394,15,19115.18092538797,APPROVE
27292.7571293201,7129.068114550864,0.14913056550334805,0,5940.890095459054,APPROVE
74035.9844849598,1785.7207475791429,0.2562022291185947,15,1488.100622982619,REJECT
57535.87888995214,1918.1249335739794,0.16321755171285404,0,1598.4374446449829,REJECT
54205.22457229928,1278.5972520628281,0.09047785222615659,15,1065.4977100523568,APPROVE
37790.72381396435,166.01022253392625,0.056884690383902044,15,138.34185211160522,APPROVE
36521.285241526675,1365.2210145969693,0.20664198250876853,0,1137.6841788308077,APPROVE
21412.777203498412,5711.428063439932,0.09592977141013626,0,4759.523386199943,APPROVE
63516.99177934387,650.5687063599578,0.06431528952002463,0,542.1405886332981,APPROVE
50857.269732276305,2190.2226972444582,0.04631716897277006,0,1825.1855810370482,APPROVE
53831.55392438442,3711.992829060276,0.025838431246716406,0,3093.32735755023,APPROVE
23841.239823967786,448.4505324301896,0.13954835187583806,0,373.708777025158,APPROVE
6485.509529296629,777.3195054668831,0.02726535866347671,0,647.7662545557359,APPROVE
87353.83071698502,393.83069878402335,0.2223182366087787,0,328.19224898668614,REJECT
24758.645872883877,498.10763040224947,0.135295434212747,0,415.08969200187454,REJECT
18210.969089943854,284.94283084543275,0.16436897651151344,0,237.45235903786065,REJECT
63245.7448691833,453.4462560868237,0.10662816208948218,15,377.8718800723531,APPROVE
26539.511142439664,7337.560606730978,0.012604186528877953,15,6114.633838942482,APPROVE
84791.37504542843,445.34197585384294,0.095601605478956,0,371.11831321153574,REJECT
59492.45398214226,1554.8991541579717,0.05580086602734582,0,1295.7492951316428,APPROVE
62746.33560528704,730.6776583148803,0.10090548526426431,15,608.8980485957336,APPROVE
12176.162562107542,5497.5291864224255,0.007096644322611945,15,4581.274322018688,APPROVE
95755.67634949031,6443.387324801281,0.01950459991502109,0,5369.4894373344005,APPROVE
44756.87866107873,3767.9971735354757,0.017005552487800977,0,3139.9976446128962,REJECT
27026.639010433664,1929.0373416030166,0.1394978405463424,0,1607.5311180025137,APPROVE
40729.6160495223,1012.4652352107319,0.09197708320404767,0,843.7210293422764,APPROVE
8769.296045577743,319.6303788114545,0.18830190186561782,0,266.3586490095454,APPROVE
50358.4771883064,13761.767624951724,0.08348721517692115,15,11468.13968745977,APPROVE
15938.658563743273,536.8975454461181,0.07539484767560352,15,447.4146212050984,APPROVE
12306.265123624325,2962.505148835331,0.05127032769039204,0,2468.754290696109,REJECT
10744.106503894029,4764.241367880239,0.06534672797023261,0,3970.2011399001985,APPROVE
88446.2852137449,686.1376823484509,0.03460748611851367,0,571.7814019570424,REJECT
21951.467769678595,4642.60049523435,0.017087994163677674,15,3868.8337460286252,APPROVE
123869.28903592455,3342.4881075280973,0.11970319191949581,0,2785.4067562734144,APPROVE
23655.686986490353,10625.069229234754,0.06187578702376503,0,8854.224357695628,REJECT
9266.06085881574,760.6696374865539,0.15308153677676428,0,633.8913645721283,REJECT
14865.23356976592,285.53884696588733,0.07494554095659117,0,237.94903913823944,REJECT
97601.61271711017,728.3831396428805,0.03654500184057751,0,606.9859497024004,APPROVE
32057.340139820953,1716.4940697592,0.11483540578773593,0,1430.4117247993333,APPROVE
23420.574397902794,1432.6342758344504,0.1703738753823535,0,1193.8618965287085,APPROVE
41275.095423531064,833.2130997480956,0.2130786013339654,15,694.3442497900796,APPROVE
54253.68465119941,135.1490111801029,0.06707383038631361,15,112.62417598341908,APPROVE
88780.21079361772,2349.586190211303,0.11942844196440905,30,1957.9884918427524,APPROVE
115705.02967307964,14245.954945191497,0.07046301146609689,0,11871.629120992913,REJECT
27233.009018638,2332.081260616134,0.035275707406116234,0,1943.4010505134447,APPROVE
12571.175972849458,2774.9209238654357,0.09822079532886553,0,2312.4341032211964,APPROVE
26087.925744063134,2655.3965292093208,0.08561075184812943,0,2212.830441007767,APPROVE
44722.15991355604,2151.393199149061,0.1903101538273379,0,1792.8276659575506,APPROVE
16797.626220873688,4086.3771219836126,0.22576139432318626,15,3405.314268319677,REJECT
16886.660472577845,2147.07842393506,0.010846679308678157,0,1789.2320199458834,APPROVE
47811.92217369963,918.0045099628857,0.09673690039919959,0,765.0037583024047,REJECT
34929.188967746406,514.0025440700019,0.03338033255693774,15,428.3354533916683,REJECT
37280.94422226611,990.9326007541642,0.05055129706152282,0,825.7771672951368,REJECT
19795.377547691252,1947.6334570136216,0.03639207437481208,15,1623.0278808446847,REJECT
30202.483305321068,914.2603280013035,0.02654968202427039,0,761.8836066677528,APPROVE
17337.2645576945,1948.1224211557872,0.0531179560927946,0,1623.4353509631558,APPROVE
74025.04263323333,2262.8832815727233,0.06197417587304846,0,1885.7360679772694,APPROVE
83133.20399617674,3630.8796456583004,0.16122493368242988,0,3025.7330380485837,APPROVE
8292.0268383772,6227.74052611658,0.14702242855868097,15,5189.783771763817,REJECT
17264.21794812228,1467.0719302955567,0.1274455526902254,0,1222.559941912964,REJECT
10968.431870056016,278.12844207078314,0.0655951738596758,0,231.77370172565261,APPROVE
21589.89915260345,882.9689103106816,0.0518838655203631,0,735.8074252589013,APPROVE
33970.562650213964,1408.513240775568,0.19028376695729,0,1173.76103397964,APPROVE
11387.639869797344,147.59800555771128,0.0870902386564806,30,122.99833796475939,APPROVE
17370.213483207946,7071.389902328512,0.08112462834278243,0,5892.824918607093,APPROVE
16266.029012194911,1584.88701842276,0.08780652013970319,0,1320.7391820189666,APPROVE
42865.12612643155,2111.255996761396,0.14536901786083414,15,1759.3799973011635,APPROVE
38387.05105620325,6877.748758438131,0.08253907424897938,0,5731.457298698442,APPROVE
20386.128179454055,627.1862279675008,0.0175241048149649,15,522.6551899729174,APPROVE
41833.66586052807,2660.489012238481,0.009482323903456056,0,2217.0741768654007,APPROVE
23450.707226452,1170.9585422820999,0.03511143440530254,0,975.7987852350833,APPROVE
29221.964422444966,1071.1741546230305,0.07742991663130216,0,892.6451288525254,REJECT
138518.8466488383,528.8918886237201,0.04070241095717003,0,440.74324051976674,APPROVE
106124.56677938627,9858.987586094758,0.11030394094313584,0,8215.822988412297,APPROVE
12840.18532380477,851.3427925427986,0.12985153441878616,0,709.4523271189988,REJECT
70529.47131623309,3092.614112306572,0.08708096863512779,0,2577.1784269221434,APPROVE
69502.44727989373,140.80923654579655,0.029389213691890344,0,117.34103045483046,APPROVE
14492.54080780733,5504.939959917845,0.03372921136064545,15,4587.449966598204,APPROVE
69914.06437079616,4722.380497604717,0.17561912987955997,0,3935.3170813372635,APPROVE
124286.60829528562,1501.6741119310202,0.1838591781568642,0,1251.39509327585,APPROVE
14793.810384396531,1017.4796810572411,0.18775931861295858,0,847.8997342143675,APPROVE
17430.864630921606,2159.031269514455,0.132379346664824,0,1799.192724595379,APPROVE
81971.6859621769,20826.129433418657,0.19674410360647263,0,17355.107861182212,APPROVE
45125.20545573606,161.02036832561018,0.023072726978284327,15,134.1836402713418,APPROVE
56453.97707724177,3414.709737643717,0.044211463613434046,0,2845.5914480364304,APPROVE
47689.731116341434,447.40943816595967,0.12135242410697251,15,372.84119847163305,APPROVE
49640.22325262797,1304.4187672305907,0.022811341777311634,0,1087.0156393588254,APPROVE
12566.908107114152,992.23379911917,0.07834492294006264,0,826.861499265975,APPROVE
83939.71698917702,799.0575715280593,0.033612783294425665,0,665.8813096067161,APPROVE
92565.51970940478,1319.3002378077372,0.17584376846786387,15,1099.4168648397808,APPROVE
30226.896051429947,342.54722543286425,0.08365428050488408,0,285.45602119405356,APPROVE
35074.10683274926,4593.655679329585,0.044119207983545385,15,3828.0463994413203,APPROVE
10669.174746463763,155.15780465604982,0.16870481046759844,0,129.29817054670818,APPROVE
54797.716634495366,2553.2754967330948,0.0422972705850793,0,2127.7295806109123,REJECT
57391.18237639237,902.863955733493,0.08251737510104322,15,752.3866297779108,APPROVE
34552.91466435834,327.7676700665297,0.14355502487322666,0,273.1397250554414,APPROVE
89275.52810191025,1703.2184596287993,0.028883702827095677,0,1419.3487163573327,APPROVE
27798.524291106412,206.24681918410198,0.05978901324803579,30,171.87234932008496,APPROVE
57050.0790385315,1401.1820672015083,0.02636989077176303,15,1167.6517226679237,APPROVE
16062.915821884995,242.24815087918628,0.08570291656563335,0,201.87345906598856,REJECT
35637.66201128294,2323.75899095865,0.14023608977278623,0,1936.465825798875,APPROVE
31587.495008584134,440.6214455290205,0.06619162869843788,0,367.18453794085036,REJECT
43488.261828201954,777.6076465085289,0.08904207328191337,0,648.0063720904407,APPROVE
27021.238771620483,1901.03579626078,0.13546445107852137,0,1584.1964968839832,APPROVE
32689.9157823132,528.6699757436833,0.04261865753180947,0,440.55831311973606,REJECT
70321.84274526864,1246.2048692791325,0.04256020060441761,0,1038.5040577326104,APPROVE
25606.169824760877,217.19993863065903,0.07570797627961781,0,180.9999488588825,APPROVE
10044.0763259676,2848.2658982441976,0.08336177043771067,15,2373.554915203498,APPROVE
147217.61177996758,11106.785131607216,0.04519390093996259,0,9255.654276339346,REJECT
109662.55664242311,38103.65729482095,0.1454523136589644,15,31753.04774568412,APPROVE
12915.58297540674,1490.4251338976828,0.07319397023688937,15,1242.0209449147358,APPROVE
63055.22723840818,3440.1139539346495,0.13807276139153982,0,2866.7616282788745,APPROVE
24285.146409341298,157.69520686775832,0.1288803264836881,0,131.4126723897986,APPROVE
44837.03595330133,8108.726436374833,0.048925436578033395,0,6757.272030312361,APPROVE
45953.22467401402,3391.0304192689205,0.07131230472091077,0,2825.8586827241,APPROVE
30105.81916363049,747.4704502643127,0.07352593589104886,0,622.8920418869272,APPROVE
19399.206992309806,5896.014347836721,0.04500731866004335,15,4913.345289863933,REJECT
20901.310893165777,984.4111203518256,0.06019442626614537,0,820.342600293188,APPROVE
17449.154393217592,771.0742615353449,0.14615384048253932,0,642.5618846127874,REJECT
18667.554331945867,2363.306123631852,0.07843373435900676,0,1969.42176969321,APPROVE
34415.329460778885,372.9295423174032,0.05814012257024428,15,310.77461859783597,APPROVE
20483.849159020963,4552.194140019572,0.02781473474106261,0,3793.4951166829765,REJECT
62670.21993143654,376.23996051622873,0.02352916792761424,0,313.5333004301906,APPROVE
119347.76728096999,378.9291162468951,0.025065581688038237,0,315.7742635390792,APPROVE
22832.891999445386,448.4455013299925,0.17140459373881956,30,373.7045844416604,APPROVE
43981.46615577174,3323.637025889539,0.12336919179117199,0,2769.6975215746156,APPROVE
54162.717852530535,637.3280232464872,0.08682206462182483,0,531.1066860387392,REJECT
52976.40033841066,265.02388811808805,0.15965779068654737,0,220.8532400984067,APPROVE
38590.60817552089,645.870427528395,0.08161625578842563,0,538.2253562736624,REJECT
65784.92151116328,1285.5784635084492,0.0153625900304303,0,1071.315386257041,REJECT
53412.45097761581,323.839468886529,0.034492372278985335,15,269.8662240721075,APPROVE
13492.241049640023,335.42472887212654,0.06480639281411682,0,279.52060739343875,REJECT
72789.34412131655,16830.878898012506,0.05286036879185307,15,14025.73241501042,APPROVE
73853.05611314157,475.67574895222145,0.08198409925798635,0,396.39645746018454,APPROVE
19719.654676253595,906.6568691494184,0.12087362699140565,15,755.5473909578486,REJECT
37434.58423771731,859.8263979716185,0.03640385525567343,0,716.5219983096821,APPROVE
62734.27288392369,805.7606496567478,0.2171111810948531,15,671.4672080472898,APPROVE
30716.306359412512,2815.882512428641,0.0856292878009886,0,2346.5687603572005,APPROVE
85680.66257381404,4167.978593787203,0.10499137948286823,0,3473.315494822669,APPROVE
240649.78846013578,925.4402675241556,0.07201439183454948,15,771.2002229367963,APPROVE
19364.77889059165,302.97217302635494,0.11350071643379823,0,252.47681085529575,APPROVE
12030.06626753682,6165.615080834694,0.0670283765729014,0,5138.012567362245,APPROVE
46307.299141053445,1191.5444450075195,0.041674364933723805,0,992.9537041729328,REJECT
64682.76127465004,10655.176238373615,0.09865299269993766,0,8879.313531978012,APPROVE
30191.23413878596,90.26157374455839,0.09609903966901039,0,75.21797812046532,APPROVE
116146.60759357049,1689.0115793814075,0.06115871344960641,0,1407.5096494845063,APPROVE
12445.512065282768,13356.287245156387,0.04281150394306111,15,11130.239370963654,REJECT
63217.402511454406,874.3650313602805,0.06124939542232454,15,728.637526133567,APPROVE
22366.315716317346,1019.2504661082562,0.07771108615567338,0,849.3753884235467,REJECT
143702.7666681792,1904.6031333636759,0.09689730103125278,0,1587.169277803063,APPROVE
178798.05838789654,683.2493847581313,0.097597624021259,0,569.3744872984427,APPROVE
19666.554479540293,918.6714851569232,0.09376574885007466,15,765.5595709641026,APPROVE
23396.794183919385,890.7259407134351,0.04716586546732099,0,742.2716172611958,APPROVE
72234.30204137869,629.23829082288,0.09167659357241854,0,524.3652423524,APPROVE
26643.36632356691,5837.411651679115,0.06003847860676777,0,4864.509709732595,APPROVE
35019.87462212355,2323.217937801253,0.03023639323491347,0,1936.0149481677106,APPROVE
37060.63879370031,1804.7345306708883,0.04141581854969324,0,1503.9454422257402,REJECT
7818.605360926253,3525.2270174076143,0.06927318340162504,0,2937.6891811730115,REJECT
35915.6999404536,972.8091404229953,0.10040844258707499,0,810.6742836858293,APPROVE
20914.914183261495,527.6168328924199,0.059178733988581665,0,439.6806940770166,REJECT
24477.30748159585,648.2430748144661,0.08985741908871969,0,540.2025623453884,APPROVE
115255.37560620025,1338.834256306242,0.06848254930167127,0,1115.695213588535,APPROVE
13290.363258797475,374.7881214997442,0.07374178209804985,0,312.3234345831201,APPROVE
69603.08356238568,732.9677378728193,0.020565100341095086,15,610.8064482273493,APPROVE
29051.62375023121,719.1535797292962,0.016712135864879147,0,599.2946497744134,REJECT
29033.10080719342,17100.83176952994,0.029997739816987497,0,14250.693141274949,APPROVE
68343.21145215473,47.886660494397006,0.056163963665937476,0,39.9055504119975,APPROVE
47669.21285353792,1076.9316817702775,0.03668283812015563,0,897.4430681418979,APPROVE
57324.9019771725,10596.165383570906,0.07055724936820942,0,8830.137819642421,APPROVE
78790.50143585424,1546.3123773823963,0.09563561902434169,0,1288.5936478186636,APPROVE
27860.168445399766,3299.465864499139,0.12284569841898733,0,2749.5548870826156,APPROVE
22252.521619665287,1505.9910796357701,0.19766862110007732,0,1254.9925663631418,APPROVE
15243.059729689352,599.8111463256824,0.08336496095435786,0,499.8426219380687,REJECT
18763.552607184793,90.65995830389403,0.1513377301838828,0,75.54996525324502,APPROVE
384337.18808682065,1709.5094405178575,0.060770300822756765,0,1424.5912004315478,APPROVE
98296.49649848057,526.7294196468127,0.04725512184983156,0,438.9411830390106,APPROVE
12321.987005953482,511.32859142818654,0.23271158948563625,0,426.10715952348875,APPROVE
12607.329556000775,734.0889450615964,0.09632565273394658,0,611.7407875513303,APPROVE
53396.09256734156,10842.713808017914,0.027443515398416506,0,9035.594840014928,REJECT
56264.09339350801,23937.94073622592,0.025380893517215456,0,19948.283946854932,REJECT
56337.015570285614,1733.7889411748765,0.12747882307956715,15,1444.8241176457304,REJECT
29614.97324125969,764.8610920442011,0.10933284485222318,0,637.3842433701675,APPROVE
32847.686393066586,325.29849470544724,0.07950746126288455,0,271.082078921206,APPROVE
47207.29049696718,2344.1147419934946,0.09917815898703033,0,1953.4289516612453,REJECT
38898.63367814997,11349.189686308317,0.07166617523682754,0,9457.658071923597,REJECT
6152.167278946859,992.8766557420397,0.023919993982046247,0,827.3972131183664,APPROVE
30217.010172439957,76.90875030211065,0.15729505149183579,0,64.09062525175887,REJECT
18377.361863164457,2985.3566910728837,0.09746980597162555,0,2487.7972425607363,REJECT
41779.837058996774,4358.549339782341,0.07420650132822837,0,3632.1244498186174,APPROVE
395619.1171799643,199.21808686484553,0.009164805125346714,0,166.01507238737125,APPROVE
48726.84222980473,1651.0982101486532,0.05454345753837495,45,1375.9151751238776,APPROVE
28259.253799565715,2295.913600688516,0.06303529739256968,15,1913.2613339070965,REJECT
75920.43793044667,1223.763401054309,0.027907488051718853,15,1019.8028342119242,APPROVE
53431.209926194206,517.2311142427171,0.026997551418911213,15,431.0259285355976,APPROVE
50821.541672849075,4521.230974691979,0.09777578896392317,0,3767.6924789099826,APPROVE
59011.07838935672,823.331745033987,0.033003707696713507,0,686.1097875283225,APPROVE
188195.1719283576,224.79559255742006,0.06031553208911053,15,187.3296604645167,APPROVE
14695.391963290806,114.21076122815589,0.04325880077373958,0,95.17563435679658,APPROVE
53045.51838775495,6065.876514218453,0.012897933458558587,15,5054.897095182044,REJECT
17307.497983028858,2800.1035532172227,0.07171188353717904,15,2333.4196276810185,REJECT
56636.56708035694,1484.7224977330582,0.018573824237109408,0,1237.2687481108817,REJECT
17414.36624504382,787.674822419227,0.032731145021831436,0,656.3956853493559,APPROVE
26006.623878541614,708.1222936788353,0.01653489842883126,0,590.1019113990293,APPROVE
28679.219165970237,367.42930355785455,0.03523842733297964,30,306.1910862982121,REJECT
79273.04003461645,796.0548842530585,0.004214712059023611,0,663.3790702108821,APPROVE
75717.42176507338,104.93176154729986,0.08279827482093277,0,87.44313462274988,APPROVE
13405.577073177705,552.3260393146007,0.02249540701165088,0,460.2716994288339,APPROVE
37947.059215741196,919.9229231831268,0.08005454578406546,0,766.602435985939,APPROVE
20585.374279803764,2777.401239746031,0.09284491995604365,0,2314.501033121692,APPROVE
13269.136736731734,1273.4730740863158,0.03418223250122344,15,1061.2275617385965,APPROVE
30527.596587737975,3467.9629125607858,0.02968007911882673,0,2889.9690938006547,REJECT
28373.581695512963,6743.787792995514,0.07515539222658318,15,5619.823160829595,APPROVE
253057.79720659787,4756.269966707497,0.04690257630211133,0,3963.5583055895804,REJECT
51347.31163762598,2349.661898620894,0.026529315508878253,0,1958.0515821840784,APPROVE
12063.094137983397,1355.1265476097888,0.08189881732513188,0,1129.2721230081572,APPROVE
23113.70005452352,411.77179361977363,0.05432495564993908,0,343.14316134981135,APPROVE
82216.11732549008,3246.548687192507,0.08495327754610914,15,2705.4572393270887,REJECT
193059.59802890552,10027.752375572461,0.07500186703572859,0,8356.460312977051,REJECT
10210.923424466091,2014.1290638894561,0.11205599628933811,0,1678.4408865745465,APPROVE
8071.224559041098,13334.712613860138,0.09689906185745749,0,11112.260511550114,APPROVE
162230.28875229522,214.16116891428857,0.08218799114313391,0,178.46764076190712,APPROVE
49597.28344190642,334.4270754777055,0.0890600141721359,0,278.68922956475456,REJECT
18130.77073627987,3728.1101286046064,0.12856377702258714,0,3106.7584405038383,APPROVE
55698.20888292797,1834.5658879744349,0.022691462950390928,0,1528.8049066453623,REJECT
4408.993930700698,6463.676282526034,0.056719409675582665,0,5386.396902105028,APPROVE
36413.701778347175,1311.3978890468213,0.07345170453029773,15,1092.8315742056843,APPROVE
47205.086862371056,471.4647792746635,0.1020654316704229,0,392.88731606221955,APPROVE
76070.52211880428,1033.9100058919828,0.08151654256582042,0,861.5916715766524,REJECT
16137.212803646788,212.34114203385113,0.2162947242455816,0,176.95095169487593,APPROVE
38892.22853757502,344.84881351534284,0.06261477629844685,0,287.3740112627857,APPROVE
17320.746803161706,4291.311621658107,0.043026702779619314,0,3576.0930180484215,REJECT
44547.307997921635,3807.62077429309,0.05483126579738105,0,3173.017311910908,APPROVE
17742.58466227452,2065.277850766875,0.052114990287329806,0,1721.0648756390622,APPROVE
26200.121540054934,169.37613315970577,0.04419557133209707,0,141.14677763308813,APPROVE
16372.324931031391,868.9891298556948,0.1371341674637417,0,724.157608213079,APPROVE
61139.229519436914,307.1742083681203,0.10944275896052064,0,255.97850697343355,APPROVE
72168.64085388121,5482.161911553572,0.025390016528240175,15,4568.468259627976,REJECT
30100.69511626901,663.1149453522924,0.14157173486318028,0,552.595787793577,APPROVE
37443.57439430869,363.0416819814905,0.07358545387884166,0,302.53473498457544,APPROVE
11397.244199723536,1384.6051741321237,0.10738892957760009,0,1153.837645110103,REJECT
28574.176849875603,619.6963244687914,0.07240935508847324,30,516.4136037239929,REJECT
34885.840389537574,7926.030320971166,0.04868698843194728,0,6605.025267475971,REJECT
295562.16703063226,553.156979405309,0.029972141974345005,15,460.96414950442414,REJECT
14919.530111293396,249.2212349932499,0.10453758725905687,0,207.6843624943749,REJECT
117165.38831936606,100.87868820942354,0.08797692357292992,0,84.06557350785295,REJECT
80618.78926611342,1287.5173447657344,0.16767144929829458,0,1072.931120638112,REJECT
45456.409992156376,680.6844052889091,0.03393619801995495,0,567.2370044074243,REJECT
148285.74300917127,240.50223417025637,0.08415949776180139,15,200.41852847521363,APPROVE
48907.418820954634,5566.304571097768,0.13088151087873068,0,4638.587142581472,APPROVE
49579.234041777825,2975.3265715983034,0.06774280228536057,30,2479.4388096652524,REJECT
34804.55254921142,1291.4920440556682,0.040192219330779884,0,1076.24337004639,APPROVE
96650.34999912643,6867.8501280954915,0.024453752811209734,0,5723.208440079576,REJECT
87306.08023952183,2958.5606053972183,0.040068594597604056,0,2465.467171164348,APPROVE
22014.534427590108,497.69519190245364,0.06811391381534622,0,414.7459932520447,REJECT
12639.754490862859,383.88794888108174,0.13512904005149137,0,319.9066240675681,APPROVE
30872.32683945784,3565.2617786560727,0.017684388187385363,30,2971.0514822133937,APPROVE
19148.298672248988,2149.639117627746,0.09294558360240181,15,1791.365931356455,REJECT
34516.07167874468,1637.8050308947543,0.09704099113368528,0,1364.8375257456285,APPROVE
97728.69574462526,483.7738490851898,0.049536654167475234,15,403.14487423765814,APPROVE
25188.89938689369,2770.967974490786,0.10403059130609207,15,2309.139978742322,APPROVE
35092.45029299195,539.5935911611664,0.05959178009466746,0,449.6613259676387,APPROVE
38040.93850354528,1182.0800519201698,0.02302109357134323,0,985.0667099334747,APPROVE
71592.43606115058,7583.634753765247,0.08104960323626427,0,6319.695628137706,APPROVE
6017.869264115237,604.5073471249126,0.05358087203205342,0,503.75612260409383,REJECT
22351.300006470687,202.31538637905044,0.08086717693419557,15,168.59615531587536,APPROVE
43003.07715345674,377.7974769445738,0.0527710679419423,0,314.8312307871448,APPROVE
94851.06135641271,4405.343430097766,0.10657425133581391,0,3671.1195250814712,REJECT
24501.216344017063,1813.6420264392227,0.18182047650057112,15,1511.3683553660187,APPROVE
8093.024810511805,1144.5445370088573,0.06999204977833297,0,953.7871141740478,APPROVE
59621.35872790758,725.2397868334747,0.11510279336989783,30,604.3664890278955,APPROVE
21844.6231235673,2391.90834270635,0.022668358652487407,0,1993.256952255292,APPROVE
14020.371705117937,482.26274798034774,0.11635095100806575,0,401.88562331695647,APPROVE
22038.003816578614,1927.9520207872865,0.12697005444104267,15,1606.6266839894054,REJECT
31331.51421326879,555.5226733900336,0.16183348029967767,15,462.9355611583613,APPROVE
22386.296077407922,454.9664339430185,0.04538571975906262,15,379.1386949525154,APPROVE
6220.136646115329,621.6827940319995,0.04979456889456062,0,518.0689950266661,APPROVE
74432.87246957951,851.4373924625314,0.07887503342815698,0,709.5311603854428,APPROVE
100699.89469970891,1259.9396524096014,0.13577817623498323,15,1049.9497103413344,APPROVE
61158.099973543714,1772.1731859769916,0.010423043618904953,0,1476.8109883141597,APPROVE
14615.698410754836,15.98061711083541,0.030267559692839806,15,13.317180925696176,APPROVE
30909.126425140785,506.8596991143016,0.052461398505220885,0,422.3830825952513,APPROVE
36126.536154421694,835.0828438981316,0.07501319884222934,0,695.9023699151097,REJECT
58631.97713609498,8131.407837836586,0.08188131474277012,15,6776.173198197154,APPROVE
61986.53053405757,365.5531832993208,0.055457343181486714,15,304.62765274943393,REJECT
20184.312262142383,1624.2002970297244,0.023271462941258966,15,1353.5002475247704,APPROVE
38777.538181583965,8034.108168654199,0.10445013971001638,0,6695.090140545166,APPROVE
52356.13093103192,276.40098928593716,0.0785585821133907,15,230.33415773828096,APPROVE
116384.87403905633,2143.4783336226583,0.08429482470186388,0,1786.2319446855483,REJECT
63806.17374790495,510.14178979523115,0.16062472620817536,15,425.1181581626926,APPROVE
68271.34080101807,729.1317307188817,0.07016450553597237,0,607.609775599068,APPROVE
38834.38336294978,509.6284374946779,0.07676333895795177,0,424.6903645788982,REJECT
112236.92482174437,555.1210160457242,0.15383006132626542,0,462.60084670477016,REJECT
50403.21475101178,35021.22147176119,0.037484398954342336,30,29184.351226467657,APPROVE
18235.575662842246,3680.3456504025244,0.11288898864848866,0,3066.9547086687703,APPROVE
111602.19264580135,5011.549066255491,0.04689946532275932,0,4176.290888546243,APPROVE
63469.99909432788,2411.024623737643,0.04302009173132989,0,2009.187186448036,APPROVE
25477.85144910645,194.39783612567174,0.08433871213225956,0,161.9981967713931,APPROVE
24745.6656171504,2146.007614457746,0.088033521731903,0,1788.3396787147883,REJECT
46039.75015434138,4841.260716534152,0.032376432169763394,0,4034.3839304451267,APPROVE
52604.02076554944,479.78377715836086,0.05916151764363244,0,399.81981429863407,APPROVE
42524.42146155481,4254.8164713063825,0.06266382082178769,15,3545.6803927553187,APPROVE
46585.608351421004,3110.747589714405,0.09931732914652529,0,2592.289658095337,APPROVE
141487.39342039695,12330.892288098185,0.02652571424381952,0,10275.743573415153,APPROVE
85582.36476357872,809.223618219087,0.03806514912402503,45,674.3530151825724,APPROVE
42298.566391748696,357.910060890468,0.09805331328238859,0,298.25838407539,APPROVE
77114.64307067641,865.6331251260871,0.08949584474482078,0,721.3609376050725,REJECT
15898.513244132475,7480.8380151363035,0.03536317097475843,0,6234.031679280252,APPROVE
49928.219351339525,148.90787855293567,0.03989254175841181,15,124.08989879411304,APPROVE
154422.10598253555,111.64944958947126,0.10808124288241368,0,93.04120799122605,APPROVE
30502.480394116054,1487.2577123866968,0.1272534634515795,0,1239.3814269889137,REJECT
18432.908602197153,785.4900226276709,0.12389594152800601,0,654.5750188563924,REJECT
21554.262873513955,1348.4194109737589,0.03684685090884821,15,1123.6828424781322,APPROVE
15188.495877680392,4153.842267526616,0.014906536482531242,0,3461.5352229388463,APPROVE
19383.752099637823,688.3735847579974,0.04447640723041098,0,573.6446539649978,APPROVE
27000.037155846334,141.1478482114297,0.017831007067839036,0,117.62320684285807,APPROVE
11796.361136787787,15534.09827874511,0.0689714671600838,15,12945.081898954259,REJECT
36772.09936455149,403.7278297040259,0.0805847099286967,0,336.4398580866883,APPROVE
74743.81452721913,374.8666491984222,0.11825542349803611,15,312.3888743320185,APPROVE
17567.30979447671,5023.483636330573,0.04492257930180216,0,4186.23636360881,APPROVE
122446.21348002482,842.20879769099,0.19678615895056958,15,701.8406647424916,APPROVE
54646.12967198571,1238.117159117087,0.21276829117156035,0,1031.7642992642393,REJECT
82823.28068109785,2384.54368000503,0.14489464022061654,0,1987.119733337525,APPROVE
21455.415361935724,4903.549603593872,0.08804618959089487,0,4086.2913363282264,APPROVE
71942.33552711112,895.3924154398376,0.10334821455676221,15,746.1603461998646,APPROVE
15160.56427308999,8278.005312776038,0.0771139822850533,0,6898.3377606466975,APPROVE
74027.94978471992,102.97179219357008,0.06701861575144968,0,85.80982682797507,APPROVE
41667.281013633044,3324.78267931578,0.07241949878504883,0,2770.65223276315,APPROVE
56534.1961695154,487.83724573378413,0.0692979281088818,0,406.5310381114868,APPROVE
14179.099817144686,6933.641942273462,0.11760086336098617,30,5778.034951894551,REJECT
17746.509473383936,1584.2529996201774,0.11158368131346391,0,1320.2108330168146,APPROVE
58558.56096233922,595.8139825864426,0.08708593158976602,0,496.51165215536884,APPROVE
17006.001610041465,2959.643848516917,0.0782172388175918,0,2466.3698737640975,REJECT
52604.92542914652,3901.9859624694313,0.017287767642402696,0,3251.654968724526,REJECT
12164.653297747102,2886.176383575621,0.04262434807077357,0,2405.1469863130174,REJECT
71577.73709228745,388.3004592460442,0.039071471182338974,0,323.58371603837014,APPROVE
13547.825695906811,747.3953972320437,0.08452192433022912,0,622.8294976933697,APPROVE
56491.18855217875,1329.4591740445817,0.016166300700593817,15,1107.8826450371514,APPROVE
59904.370631959086,1271.437366135072,0.06670835895514965,15,1059.531138445893,APPROVE
20797.38517936378,3284.959090879292,0.09735023552445102,0,2737.4659090660766,REJECT
57850.724347043455,119.04879225163273,0.09738500585736232,0,99.2073268763606,APPROVE
44727.94757704185,1995.415089253398,0.06128740161357475,0,1662.845907711165,REJECT
23598.218834376203,943.3499170081886,0.1353509382974125,0,786.1249308401572,APPROVE
16206.314881074803,488.4387927636097,0.1313646148473851,0,407.03232730300806,APPROVE
7554.505707291234,548.0852133550636,0.053687198001598754,0,456.7376777958863,APPROVE
48036.67390461396,1032.738932395149,0.0957209496161692,0,860.6157769959574,APPROVE
10385.41589226997,17.74515962686049,0.012622962522629823,0,14.787633022383742,REJECT
39193.85916500336,575.861639163952,0.1441315376793528,0,479.88469930329325,APPROVE
29414.45288125374,467.0503732251964,0.01852179980073803,0,389.2086443543303,APPROVE
62524.52885118629,2531.9746166475556,0.07410517707539757,15,2109.978847206296,REJECT
28520.07774220002,508.153154813108,0.09367408390601102,0,423.46096234425664,REJECT
27901.668556740995,1032.025181891402,0.09267683828499457,0,860.0209849095017,REJECT
65218.376960970905,8502.766500739199,0.05418841289645184,0,7085.638750615999,APPROVE
47479.17264654287,4405.621996494034,0.05898273408506937,15,3671.351663745028,REJECT
46766.610000643086,3944.7489231714376,0.09382405538471474,0,3287.2907693095312,REJECT
52860.628175508784,733.3096029293613,0.0779690015755669,0,611.0913357744677,APPROVE
10631.135664605667,2563.3073625968455,0.02521302385215832,0,2136.0894688307044,APPROVE
66531.50966623351,1009.0227290990024,0.12309923521337061,30,840.8522742491687,REJECT
59276.904197120864,1055.851737372385,0.167346488136428,15,879.8764478103208,REJECT
16101.271083449521,2184.2707948658312,0.06093713673253689,0,1820.2256623881924,REJECT
29873.755189261123,652.6379933514919,0.10651035926985232,0,543.8649944595766,APPROVE
35191.29992790915,8014.587777463529,0.05620416614014257,15,6678.823147886274,APPROVE
32610.922996564135,1102.415256471658,0.07953895589358423,15,918.6793803930483,APPROVE
47433.68803377374,2805.810112774838,0.1772131971601073,0,2338.1750939790318,APPROVE
114129.99964817149,7662.8210798076225,0.05882851195350202,15,6385.684233173019,APPROVE
86285.201256251,4607.309930502701,0.08357058559026376,0,3839.4249420855836,APPROVE
12711.02041337658,246.33982467101288,0.012830214046438814,0,205.28318722584405,APPROVE
59733.960619655256,2278.5395786039185,0.05601272624125801,15,1898.7829821699318,APPROVE
105150.36534404497,3708.1121823163867,0.03717527158692198,0,3090.093485263655,APPROVE
49486.085921669786,3895.7852149074515,0.1997298240285301,0,3246.487679089543,APPROVE
86923.55560298111,351.2369637458489,0.10562259671335308,15,292.6974697882074,APPROVE
181646.24331907745,607.2694655303052,0.052645874485139105,0,506.057887941921,APPROVE
82369.26402324344,4406.7149867293065,0.12085495846293014,15,3672.2624889410886,REJECT
44331.32764904462,535.5543947285538,0.022020082381805285,0,446.2953289404615,APPROVE
83790.15347497145,932.4165333208887,0.11914064420412988,0,777.0137777674072,REJECT
40778.500234974046,8852.594672879277,0.05379416881136929,0,7377.162227399397,REJECT
37016.62572527508,1261.4987870217772,0.10008722154953598,0,1051.2489891848143,APPROVE
27415.63119900979,558.5174942231503,0.029650378542768707,15,465.4312451859585,REJECT
126846.21003717161,466.0412170271729,0.004897986271045648,0,388.36768085597737,APPROVE
18868.649501366286,1991.5691060229053,0.12726126182060316,0,1659.6409216857544,APPROVE
123734.59399885387,269.7882243124813,0.05419153260477878,0,224.8235202604011,APPROVE
54170.47509142029,992.8819257015498,0.1581252805718427,0,827.4016047512914,APPROVE
11855.59349582231,1992.79120189911,0.10788084896949071,15,1660.659334915925,APPROVE
48733.37703562415,6351.17231678163,0.1125207332002001,0,5292.643597318024,APPROVE
6768.121098150373,2976.4083575251875,0.11549438368211712,0,2480.340297937656,APPROVE
59898.48031801887,567.1006297123625,0.11220850105207149,0,472.5838580936354,APPROVE
73731.48459854115,5494.583611516512,0.07292778315719035,0,4578.81967626376,APPROVE
22609.269035181427,932.6190975817574,0.03796982956218387,0,777.1825813181312,APPROVE
40088.23411961082,303.25416447669414,0.029183759932377998,15,252.71180373057845,REJECT
173394.7293567689,1086.7700029246769,0.03491233237850519,0,905.6416691038972,APPROVE
24231.35262370975,7504.198541167757,0.11325511660864988,0,6253.498784306464,APPROVE
15566.46080455614,1628.9696332499263,0.18287656046778758,0,1357.4746943749385,APPROVE
118815.92455106459,1356.1989068380826,0.0466143297717869,15,1130.165755698402,APPROVE
174568.0214533038,9528.750546444238,0.11208634738352381,0,7940.625455370198,APPROVE
36423.029694452656,239.79612676902576,0.0533195753954532,0,199.83010564085478,REJECT
81566.21540555441,285.62962958866314,0.07369596241047097,0,238.02469132388592,APPROVE
106210.7633456027,192.1736022414676,0.04937303469350644,0,160.1446685345563,REJECT
20050.56504171501,2089.317487835554,0.05529370798581672,0,1741.097906529628,REJECT
24630.858138708267,1631.4209451531306,0.12965990799691457,0,1359.5174542942755,APPROVE
97216.87733639475,8507.458665276978,0.016049109562714853,0,7089.548887730815,REJECT
139806.05545420013,1789.309373580831,0.08857670523192042,15,1491.0911446506925,APPROVE
56971.40123226954,822.5640201267212,0.031086427737792636,0,685.4700167722676,REJECT
17964.42185339859,1338.8532653815957,0.08143509559842946,0,1115.711054484663,APPROVE
178019.59177330532,1538.6548030373724,0.11701152432153608,15,1282.212335864477,APPROVE
23747.28012258512,179.70226157873967,0.11855895266268837,0,149.7518846489497,REJECT
27774.948909462357,34537.91137778886,0.03667663010317253,0,28781.59281482405,APPROVE
47756.49070145822,2493.044987101191,0.02207519208230215,0,2077.537489250992,REJECT
125910.71662838272,1718.8742962754482,0.004753496754161464,0,1432.3952468962068,APPROVE
71910.7309793094,2795.06792645558,0.021694558115346617,0,2329.2232720463167,APPROVE
50609.38944876268,3129.748984615713,0.16987504375648854,0,2608.1241538464274,APPROVE
52608.386442880896,1128.6197719676125,0.12054493004859002,0,940.516476639677,REJECT
37601.97049981526,626.3601615006029,0.10066983512356224,15,521.9668012505024,APPROVE
56755.71366599852,2742.8580250463756,0.010359465755670644,0,2285.7150208719795,APPROVE
4799.907557443339,2122.325956741113,0.07064007983490467,0,1768.6049639509274,APPROVE
28644.422691665586,505.49936794247407,0.027283863864677415,15,421.249473285395,REJECT
44048.98318660462,7333.862796924341,0.04772350312724945,0,6111.552330770283,APPROVE
14460.683068816175,1899.6735803767313,0.09982236387325007,0,1583.0613169806093,APPROVE
49466.88101618711,3207.342981442136,0.16685917006041462,0,2672.785817868447,APPROVE
30835.53455357961,7099.076415342637,0.1529297651682419,0,5915.897012785531,APPROVE
147913.1503667133,1371.5290514564758,0.2364163791292052,15,1142.9408762137298,REJECT
127824.79039576446,1954.2413002581652,0.06427350848402034,0,1628.5344168818044,APPROVE
25018.117583144645,3531.3926594439386,0.05132089394276742,0,2942.827216203282,REJECT
32187.383267110672,559.8011360394217,0.0939690338126932,30,466.5009466995181,APPROVE
34229.45971756928,1425.498566045267,0.06758211129047331,0,1187.9154717043891,APPROVE
25302.852593028125,1553.2009523135296,0.08211878590645777,15,1294.3341269279413,APPROVE
42447.35950038005,424.1743803049036,0.03512705300023306,0,353.4786502540863,REJECT
19798.755177637082,21559.6556548744,0.061313289795971546,15,17966.379712395334,APPROVE
14698.60296785085,246.82085123182398,0.0767076734921589,0,205.68404269318663,APPROVE
59764.6112184727,281.3755411843841,0.09064653572757822,15,234.47961765365338,APPROVE
60091.49926717627,6467.124144334002,0.11036365457088593,0,5389.270120278335,REJECT
19082.889832729532,3144.2617627698564,0.10529818991024502,0,2620.218135641547,APPROVE
74331.07235852408,390.04305326929347,0.03118790450880469,0,325.0358777244112,REJECT
21910.862922146447,2768.7790480348845,0.0402147829279839,30,2307.3158733624036,APPROVE
44468.31492690988,7776.2962312928275,0.06079200704712534,15,6480.2468594106895,APPROVE
70001.7282554273,1288.3263319514413,0.08474153691418668,0,1073.605276626201,APPROVE
35351.98944482956,30212.239028081352,0.02378470993105282,0,25176.865856734457,APPROVE
52249.8725041912,168.77065697494436,0.035564239381728154,0,140.64221414578694,REJECT
24025.145376950895,3071.751047126565,0.06543604383912857,0,2559.792539272137,APPROVE
31033.629971847775,5416.7371454410095,0.03798421316586988,0,4513.94762120084,APPROVE
30801.30860688788,3893.3591120279766,0.1926575115538592,0,3244.4659266899803,APPROVE
19985.001031673393,1045.4346751887756,0.023739521164860958,0,871.195562657313,APPROVE
31526.40316718217,942.8291872116284,0.2161999633306824,45,785.6909893430237,REJECT
10520.75614814762,2276.487837912798,0.0393014424536536,0,1897.073198260665,REJECT
24515.89599552048,3555.7464461651225,0.1161922863911498,0,2963.1220384709354,APPROVE
28914.53258447382,2752.8252599780444,0.20023210945751532,0,2294.0210499817035,APPROVE
29585.989424531006,4654.009457383391,0.037629349247755725,0,3878.3412144861595,APPROVE
29935.550807388758,393.37799089707966,0.07616978145132361,0,327.814992414233,REJECT
34564.714899810766,1016.4685896078222,0.04850555184530988,0,847.0571580065184,REJECT
53292.62402039861,432.4193298762379,0.09972599025755317,15,360.34944156353157,REJECT
73102.19402475665,840.5694473776459,0.12078766928084547,0,700.4745394813716,APPROVE
21594.367991117113,4517.346203050904,0.08515570293887192,0,3764.4551692090863,APPROVE
13869.386992554768,1520.8058105347166,0.013212146623861783,0,1267.338175445597,APPROVE
15777.88366214241,30505.000585687627,0.035933877401141234,0,25420.833821406355,APPROVE
24593.50500920839,1684.969172949447,0.018769628122039334,0,1404.1409774578724,APPROVE
27404.511873792733,1435.179437171636,0.06278564814910427,15,1195.9828643096967,APPROVE
19614.08377333361,1517.5225917985158,0.15809438569503326,0,1264.6021598320965,APPROVE
12875.823293324058,621.4431755112829,0.17853541901532088,0,517.869312926069,APPROVE
25212.70562789168,1246.395384634663,0.06599349376662415,0,1038.6628205288857,APPROVE
41988.090439540705,5170.685442867913,0.03356380703422334,0,4308.90453572326,APPROVE
58455.64687990962,1531.7707663106648,0.19934861960843303,0,1276.4756385922208,REJECT
23250.026656090075,515.5649198110785,0.18108850185412073,0,429.6374331758987,APPROVE
26097.68109125383,440.2370634681559,0.047179968189557435,0,366.86421955679657,REJECT
17303.1068820945,778.3471532096047,0.035643687254848955,0,648.6226276746705,APPROVE
35413.50996337011,1459.7946122990454,0.060499217143907914,0,1216.4955102492045,REJECT
18421.193338530407,5595.504293537275,0.02197582298127655,0,4662.920244614395,APPROVE
57440.34733331205,267.4221610778103,0.05551585695169044,0,222.85180089817524,APPROVE
8701.988192891497,910.1626989087183,0.014396966251199692,0,758.4689157572652,APPROVE
27236.036916657402,1588.5658869748288,0.05059210891380875,0,1323.8049058123572,REJECT
46206.967221195984,147.96384980451236,0.05803442780144212,15,123.30320817042696,APPROVE
42069.050763146624,491.3206489237848,0.16286462565685172,0,409.433874103154,APPROVE
313146.6628505189,590.8420124931712,0.07434243495183102,0,492.36834374430924,REJECT
48042.437777688036,514.0139773561599,0.05656260611637545,0,428.3449811301332,APPROVE
16264.763892775776,1681.9050041620665,0.05200438279885001,0,1401.5875034683886,APPROVE
33645.29832165683,1101.8472578381675,0.19892682977779474,0,918.2060481984728,REJECT
8769.218170588952,686.1330668291031,0.03213153344917496,0,571.7775556909193,REJECT
34047.78304211192,2232.707065311571,0.008721421403412918,0,1860.5892210929758,APPROVE
18649.137071920886,10562.915077606012,0.14077138298218161,0,8802.429231338343,REJECT
75532.04033006995,9552.161348623717,0.06231220646305338,0,7960.134457186429,APPROVE
23397.109786584773,132.96537826418984,0.044836111107676074,0,110.80448188682486,APPROVE
33076.795306162574,2670.180968623532,0.04212096130628665,15,2225.150807186277,REJECT
21841.207720256516,1078.9967561761152,0.08058875653767647,0,899.163963480096,APPROVE
145959.00615185944,1609.3752166094666,0.1317930428312933,0,1341.1460138412222,APPROVE
28085.41796798782,828.3827174644853,0.10783757733423735,0,690.3189312204044,REJECT
157321.32278950282,1538.4354891374696,0.10383699309828896,0,1282.0295742812248,APPROVE
69655.81117580723,1602.1532461010788,0.14190716130065748,15,1335.1277050842323,APPROVE
53404.66506328903,666.9218003496272,0.03214116121680008,0,555.7681669580227,APPROVE
48775.651265838824,455.6722721119381,0.007002517270781756,0,379.7268934266151,APPROVE
49763.53861713473,779.7552495868126,0.1239973331675536,0,649.7960413223437,APPROVE
7768.729655725154,1769.6304604330671,0.05326745168844986,0,1474.6920503608892,APPROVE
29053.4723332074,2741.3629892383833,0.15282197528202518,0,2284.469157698653,REJECT
71405.22871489591,3719.8316088859583,0.01927597256531009,0,3099.8596740716316,REJECT
34922.348213839716,738.3270468316596,0.07954726511415283,0,615.272539026383,APPROVE
11799.921083083835,1878.1234412426643,0.04383740725759168,0,1565.1028677022202,APPROVE
34824.49994758502,4240.421770061578,0.07486552560799288,0,3533.6848083846485,APPROVE
141957.7011530062,5410.67309638951,0.11497239238636067,30,4508.894246991257,APPROVE
98470.60659537667,1244.906221602963,0.11060900919731986,0,1037.4218513358023,APPROVE
34558.084378094485,1024.845180836918,0.06097572491971552,15,854.0376506974317,APPROVE
77742.66009376776,1680.3610963578585,0.02816221033328023,0,1400.3009136315486,APPROVE
27086.599026792548,336.2200779775482,0.06458747293508993,0,280.1833983146235,APPROVE
9291.940871924358,1059.00333390874,0.15593623402530873,0,882.5027782572832,REJECT
17334.035357965073,3264.685084595347,0.07181087193885523,0,2720.570903829456,APPROVE
126792.98737046288,2886.3599730392107,0.013318920929544363,0,2405.2999775326753,APPROVE
29167.35940827958,965.9323317100318,0.0507989828449939,0,804.9436097583598,APPROVE
29890.40534767414,1734.8508934453516,0.09288226109766186,0,1445.7090778711263,APPROVE
28570.48420147133,496.62464467604724,0.17574441216785883,15,413.8538705633727,APPROVE
166593.0467514965,3107.5983896412235,0.19209184468169496,0,2589.6653247010195,APPROVE
133354.61434714386,1216.8601633611418,0.10939179738713121,0,1014.0501361342848,APPROVE
214276.85798474264,959.3664944060586,0.049094858393894256,0,799.4720786717154,REJECT
31976.73325929793,865.5336937725157,0.046259028969111285,30,721.2780781437631,REJECT
46004.7343578317,1238.854283704532,0.061876847633747595,0,1032.3785697537767,APPROVE
10793.355156394438,780.5210684239685,0.0786021686133891,30,650.4342236866404,APPROVE
118367.27159663363,2943.005303218846,0.049229642027576466,0,2452.504419349038,APPROVE
14268.025860871448,831.3697563531318,0.01435270644920708,0,692.8081302942765,APPROVE
43192.4267007124,9035.99949986571,0.10064024708037572,0,7529.999583221424,APPROVE
15095.590765748253,7751.700450003755,0.0441580777657577,30,6459.750375003128,APPROVE
22672.466519256483,458.3177492327759,0.11442341518454596,0,381.9314576939799,APPROVE
18586.486347023456,1452.5269319164527,0.10311382742536047,0,1210.4391099303773,APPROVE
22330.30026515818,611.9355468749958,0.15758371421148,0,509.94628906249653,APPROVE
23592.917439604884,902.7429324178242,0.18826809576393744,0,752.2857770148535,APPROVE
23420.92105430173,14769.623261308616,0.023046398798488407,0,12308.019384423846,REJECT
70732.97350885431,923.6463002925589,0.028760191135755574,0,769.705250243799,REJECT
15004.564976477328,2058.4038914733783,0.17873152205047402,15,1715.3365762278152,APPROVE
43322.74832947072,2558.049824383255,0.1305186760729065,0,2131.7081869860453,APPROVE
96217.57592072179,402.08345236649507,0.028475173879006582,0,335.06954363874587,APPROVE
24087.36982347248,478.8083139702678,0.1814541909910069,0,399.0069283085565,APPROVE
20448.501600185944,314.249752951157,0.020245255573591105,0,261.8747941259641,APPROVE
30199.4895183982,461.39293167789157,0.029450170295550745,15,384.4941097315763,APPROVE
93319.1079166888,43.70134046228809,0.06794232592885541,15,36.4177837185734,APPROVE
42416.219555704454,2568.0799254889953,0.11908352422968652,0,2140.0666045741627,APPROVE
23742.656563234057,15716.203300896012,0.04638203709104038,0,13096.836084080009,REJECT
53482.04777420798,1595.2724151768757,0.09807233104457745,0,1329.393679314063,APPROVE
15035.453833937652,244.1767322968151,0.011273415115200231,0,203.4806102473459,APPROVE
62635.50747559015,617.7496309916559,0.24134634583997833,0,514.7913591597131,APPROVE
50356.64402086345,770.2866304942274,0.04219701167011661,0,641.9055254118562,APPROVE
28388.892062744588,393.98513271098614,0.08843295630049418,15,328.3209439258218,APPROVE
18566.81935946743,3750.461106280701,0.09656558198828051,0,3125.3842552339174,REJECT
17866.009253008346,3532.3793519873625,0.07973040898873254,0,2943.6494599894686,REJECT
55706.59767480434,333.91042033854956,0.022973241880882143,0,278.258683615458,APPROVE
97069.68503602369,3189.157838144574,0.010505343431476381,0,2657.6315317871445,APPROVE
21810.65307056138,8346.437693637017,0.045416030458330814,0,6955.364744697515,APPROVE
52402.48866777568,13101.535987648584,0.09819639753766694,0,10917.946656373819,REJECT
6838.874054274186,41592.25848034123,0.059746490447190936,0,34660.21540028435,REJECT
22749.667649842162,452.6067865501211,0.12382071808673002,0,377.1723221251009,APPROVE
35424.284037675396,39595.84306712823,0.11115312241043082,0,32996.535889273524,REJECT
17540.245570284853,873.37694232073,0.017913123001988284,30,727.8141186006083,APPROVE
17167.87012968459,656.1939236307908,0.06550309286562146,0,546.8282696923256,APPROVE
21285.393277268955,1978.119167560104,0.08347097775166151,30,1648.43263963342,APPROVE
45878.605793032344,664.437824275821,0.03182896209149039,0,553.6981868965174,APPROVE
31261.31861523052,2156.5561984621227,0.1366021657440622,0,1797.1301653851021,REJECT
6059.696609311373,274.0532092070661,0.06457835451148176,15,228.37767433922173,APPROVE
6657.1042913177325,1003.1614925571259,0.020833025609386758,0,835.9679104642715,REJECT
22348.35191974878,6248.605440041458,0.1774298735947874,0,5207.171200034548,REJECT
52373.146566309035,1247.5555519913062,0.08181363435993612,0,1039.6296266594218,REJECT
4031.9125713365283,1583.4002190736655,0.08135027654469672,0,1319.5001825613879,APPROVE
24348.264651169196,2363.089690500928,0.06892702297212137,0,1969.2414087507734,REJECT
23837.17735869825,5443.670639339083,0.027441753975518634,0,4536.392199449236,APPROVE
110268.12981615296,183.30386721858866,0.03496145878628142,0,152.7532226821572,REJECT
26688.353497477437,2694.1654496563497,0.0080983279728668,15,2245.1378747136246,APPROVE
49335.10560175333,968.4026290661819,0.0913660148870667,0,807.002190888485,APPROVE
40660.228708574374,1631.70438321408,0.05194771260230231,15,1359.7536526784,REJECT
6604.766181840258,4766.440651663542,0.030324647504476932,0,3972.033876386285,REJECT
67142.04798730389,318.7448454841424,0.0142726868733852,0,265.6207045701187,REJECT
43144.801077097654,396.3277725190523,0.03275684353582124,15,330.2731437658769,APPROVE
54535.92357859588,130.96091964186994,0.04756372044888597,0,109.13409970155828,APPROVE
839859.7269503577,691.1965159457682,0.04788015127035744,0,575.9970966214735,APPROVE
6854.835868619276,6594.12064907442,0.13419030699237308,15,5495.10054089535,APPROVE
144315.52391424912,1155.9875518029446,0.03949363947120499,0,963.3229598357872,APPROVE
28855.0986073598,267.5389149543408,0.04435984510727645,0,222.94909579528397,APPROVE
45700.436283535644,745.9066165761568,0.13571210107187295,0,621.5888471467973,REJECT
35017.04436386177,224.07501021194537,0.034253861236796225,0,186.7291751766211,REJECT
25864.09346946544,346.26057028294395,0.20727131775461305,0,288.5504752357866,APPROVE
23020.3447301456,2130.256340942145,0.04880265068780762,0,1775.2136174517873,APPROVE
47268.85913677172,326.61003817336973,0.08198597198700036,15,272.1750318111414,APPROVE
10788.769841918976,5077.509036919067,0.15294176896643316,0,4231.257530765889,APPROVE
66201.82662171115,1226.684840499307,0.08256906641177286,0,1022.2373670827559,REJECT
26031.027635310315,1480.490234946957,0.011764963982028484,0,1233.7418624557974,APPROVE
14705.02467176998,956.5827953500465,0.06274325562287811,15,797.152329458372,APPROVE
25336.20586558751,3377.3015554948092,0.0895178321827154,15,2814.417962912341,APPROVE
99281.98101432067,3419.353483719844,0.013370050730356943,15,2849.461236433203,REJECT
23664.514589602913,1997.1573615814775,0.015352527229418454,0,1664.297801317898,REJECT
48376.18347187409,2631.1119594693746,0.17323902380261846,0,2192.593299557812,REJECT
20236.333978019607,1035.7771599416726,0.07115710704742269,0,863.147633284727,APPROVE
66591.8502178151,2560.757815370143,0.024319286493280454,0,2133.9648461417855,APPROVE
62843.713869699386,890.658945020012,0.04490983934862079,0,742.2157875166766,APPROVE
159354.5808670913,1339.5551411382887,0.0763542625853222,0,1116.2959509485738,APPROVE
31556.940994563363,960.873155215073,0.09021729729426914,0,800.7276293458941,APPROVE
62002.119182520386,771.8210015189655,0.03178887407488532,0,643.1841679324713,REJECT
39279.342818210556,584.3386820451972,0.09594409942784864,0,486.9489017043309,APPROVE
102405.67658898984,2341.724801845643,0.09480326813092338,15,1951.437334871369,APPROVE
20433.563345649,6439.086765104614,0.07048923217066368,30,5365.905637587178,REJECT
65907.28431711945,5446.547893937116,0.062391716177875735,0,4538.789911614263,APPROVE
31077.58699974275,295.7565068711542,0.058735629285570135,0,246.46375572596185,APPROVE
34497.75258083893,6275.814577323051,0.07468185110268034,0,5229.845481102542,APPROVE
39081.402270346916,911.9860601775141,0.05363373378052047,0,759.9883834812617,REJECT
44435.426176740846,2747.0819691905035,0.07909725067833451,0,2289.2349743254194,APPROVE
33091.00477943118,450.319129709495,0.050718849019597695,0,375.2659414245791,APPROVE
43121.22207923414,1584.1302597037754,0.047767881779897214,0,1320.108549753146,REJECT
128347.20966930292,1946.6840686364446,0.11328284871076542,15,1622.2367238637037,APPROVE
79886.30765070417,224.95247478196003,0.11467757246706817,0,187.46039565163335,REJECT
72789.25841090242,2772.030897741267,0.08006609487682638,0,2310.0257481177223,APPROVE
25224.433300483895,6717.9405207015725,0.2318833472082267,0,5598.28376725131,APPROVE
17829.458449791975,1083.3760018336104,0.0634057515894647,0,902.813334861342,APPROVE
77982.55654240749,6833.66672299729,0.054001173086087234,0,5694.722269164408,APPROVE
73191.70940377835,1063.9915358726755,0.012105417560022797,0,886.6596132272294,APPROVE
117964.20861321509,3703.065778262906,0.051880977943606583,0,3085.8881485524216,APPROVE
22399.983454951383,93.2357235239894,0.0864789968307095,0,77.69643626999117,APPROVE
30223.07775804104,24341.749515965035,0.19144464556462662,15,20284.791263304196,APPROVE
9783.109624238105,8038.234924338782,0.08135993521311038,0,6698.529103615651,APPROVE
26529.778953478664,949.4323710894913,0.045726876488615516,0,791.1936425745761,REJECT
80600.19988573616,125.324713242166,0.07728809632310572,0,104.43726103513832,APPROVE
25004.315191552312,1887.5763846112202,0.20468753382328927,0,1572.9803205093501,APPROVE
60620.22341838388,236.2059869792133,0.12637883665163333,0,196.83832248267774,APPROVE
31182.03838398215,2278.423765789181,0.1327734659222605,0,1898.686471490984,APPROVE
47063.151257028185,2189.2050586632517,0.06976011324311235,15,1824.337548886043,REJECT
14499.172939800685,431.7000870489005,0.1585618823308128,0,359.7500725407504,REJECT
38877.3679571353,5128.535066729651,0.021130005980003575,0,4273.779222274708,REJECT
3317.9129120342536,3512.574594810978,0.17420122048369277,0,2927.145495675815,APPROVE
31272.14591541805,4308.749112057868,0.04297248935000631,0,3590.6242600482233,APPROVE
9853.888275232266,1350.2488008916139,0.08483364825528358,0,1125.2073340763448,APPROVE
95301.00290389571,244.3950630261741,0.052486699726191584,0,203.66255252181176,APPROVE
67638.04382531386,4319.3561624418335,0.114268181177192,0,3599.4634687015277,REJECT
52750.93548916772,965.8120287310285,0.10310657333375296,0,804.8433572758571,REJECT
122615.04139783801,252.0629190646306,0.12202393486954298,0,210.0524325538588,APPROVE
16998.26881328349,6767.331658410948,0.020221255675185713,15,5639.443048675789,APPROVE
146956.30230416803,16592.464601413853,0.03415610857445349,0,13827.053834511542,APPROVE
76554.12235317974,1271.4549482075056,0.0734073972032332,0,1059.5457901729212,REJECT
30054.142084803498,17825.054317267804,0.05231463460131119,0,14854.211931056503,APPROVE
90083.84418952893,1490.6873202539236,0.10790305719792148,15,1242.2394335449362,APPROVE
14987.40094396701,846.2948505596755,0.023129632592839268,0,705.2457087997295,REJECT
18777.012677953957,626.9487268832909,0.018419639168444503,0,522.4572724027424,REJECT
22317.540581168407,9527.272903780095,0.07138981589824812,0,7939.394086483411,APPROVE
23785.176596726604,523.8693123699741,0.2010419748938763,0,436.55776030831174,APPROVE
15595.752582173049,3228.3875433256712,0.030023475905655198,0,2690.3229527713925,REJECT
96612.79392090088,682.9477151850383,0.016257753146224276,0,569.1230959875319,APPROVE
29522.751421432302,768.9660281845186,0.07938865734689453,0,640.8050234870988,REJECT
48146.51201800268,4599.553625203399,0.1560037973053175,15,3832.961354336165,APPROVE
23010.799009422484,846.7205334102235,0.1589024187478642,0,705.6004445085196,REJECT
8463.493914170456,821.9342891891433,0.0452494332610904,0,684.9452409909527,REJECT
45073.32498289416,5201.906872585871,0.12069710782260962,15,4334.922393821559,REJECT
7865.143177114422,9084.197630442159,0.026837212153727186,15,7570.164692035131,APPROVE
34375.272531674935,2895.8752355979796,0.15602094509156433,0,2413.229362998316,APPROVE
12153.202191907985,608.9226062234649,0.04577717256471805,15,507.4355051862207,APPROVE
178050.19775645647,723.9227645153046,0.07690895234599071,0,603.2689704294204,REJECT
75289.0645197022,1470.4345134758912,0.08693731293496883,0,1225.3620945632426,APPROVE
39521.61565628537,1963.5924973595888,0.08258733474855105,0,1636.3270811329905,APPROVE
99804.17969397487,408.28922776423974,0.03308590497170376,0,340.24102313686643,APPROVE
18452.353790040343,3181.3484745822543,0.24882942367791824,15,2651.1237288185453,REJECT
56093.96460563415,1480.3456733686467,0.03255597897430594,0,1233.6213944738722,REJECT
42610.17472185422,170.4709540341661,0.16753030673682312,0,142.05912836180508,REJECT
44856.15373359172,438.21213869887345,0.1095024465216944,0,365.1767822490612,APPROVE
100496.96430306579,729.5737785478594,0.052865430306532894,0,607.9781487898828,REJECT
65250.80630177011,1224.1300169099875,0.02044716713072596,0,1020.1083474249895,APPROVE
45751.45759792216,12894.413849115286,0.04990266534408835,0,10745.344874262739,REJECT
9663.295818121382,1777.9574321663674,0.023475659008967344,15,1481.6311934719727,APPROVE
16847.591093938434,487.10935158905613,0.04843639096514971,0,405.9244596575468,APPROVE
32919.90776923231,1740.9250209340707,0.02046234170361295,0,1450.770850778392,APPROVE
39132.08115374758,875.6002140076898,0.019331695699947023,0,729.6668450064082,APPROVE
14703.443841502163,1972.633625080828,0.050776078795052505,0,1643.8613542340233,APPROVE
250031.28786228594,2681.4048433668686,0.1682987650349908,30,2234.504036139057,APPROVE
122163.45770348546,5701.540518294263,0.04371575104789926,0,4751.283765245219,APPROVE
58788.09552395879,1297.5992588640001,0.04859692405502651,15,1081.33271572,APPROVE
38469.82662689745,9548.769147842873,0.019580402187868388,0,7957.307623202395,APPROVE
30645.246023927688,3972.0678299636857,0.08921456264178648,0,3310.056524969738,REJECT
16957.49557683979,571.6274415602735,0.05965432053882222,0,476.3562013002279,REJECT
38637.725194484425,18943.984242773404,0.08559016148397866,0,15786.653535644502,REJECT
44631.80641308477,1977.9343527477818,0.08626750679140707,0,1648.2786272898181,APPROVE
13448.078866380243,490.4216357567652,0.047685704359457855,0,408.684696463971,REJECT
47445.697892049255,9709.990359888536,0.14293138865357044,0,8091.658633240447,REJECT
32073.73535439458,16167.333086352199,0.04854533730622356,0,13472.777571960165,APPROVE
7893.176678807955,1284.0630540278282,0.1418800726765241,15,1070.05254502319,APPROVE
18245.83276652389,729.9927441374061,0.030824675404096693,0,608.3272867811717,APPROVE
26084.99629087478,1086.3350365881279,0.09580315184963872,0,905.2791971567732,APPROVE
164415.18538693152,3149.796038457185,0.012927385320949312,0,2624.830032047654,REJECT
56683.72999673947,6190.944216390314,0.05136870253814483,0,5159.120180325262,APPROVE
12476.65709070043,2649.164812053008,0.09045321616572304,15,2207.6373433775066,APPROVE
53574.52914169834,1509.4230295764696,0.05699525134664116,15,1257.8525246470579,APPROVE
10531.823993141796,8062.903701636265,0.18629745003437892,0,6719.086418030221,APPROVE
86349.02939128793,917.8290372498091,0.08886966545556564,15,764.8575310415075,REJECT
24911.885018229772,4603.251189014625,0.08093338915000288,0,3836.0426575121874,APPROVE
33694.53877347386,945.5242626789255,0.06750314814393019,15,787.9368855657713,APPROVE
104886.83835657299,2240.921527869304,0.07973691554015824,0,1867.4346065577536,APPROVE
12968.37713719106,1165.7731911587184,0.04991017380895955,0,971.4776592989319,APPROVE
11876.363601490251,1249.366982246518,0.04852878357494552,15,1041.1391518720984,REJECT
22768.209889905673,849.417725610358,0.10775943311666851,15,707.8481046752983,REJECT
83341.59812974572,6709.231845978981,0.08513018285208966,0,5591.026538315818,APPROVE
10770.036289232492,554.4095431911054,0.024861998157958788,0,462.0079526592545,APPROVE
3767.9091388475445,549.5700273037521,0.0930142461204981,0,457.9750227531267,APPROVE
25312.988268251793,17027.87840471289,0.051713274426488196,0,14189.898670594075,APPROVE
56465.925117206,4319.228099455016,0.08910511454210061,15,3599.3567495458465,APPROVE
94864.93288235599,76.3462159518286,0.06352954129440452,15,63.621846626523826,APPROVE
25071.096063785448,677.9709361278233,0.02038344522512996,0,564.9757801065193,REJECT
26130.50577175384,151.87042678405027,0.08603756783931304,0,126.55868898670855,APPROVE
91410.95311480186,426.9154887012314,0.15596878479027435,0,355.7629072510262,REJECT
8137.242482526898,30.913633726759862,0.18209818925411633,0,25.76136143896655,APPROVE
26613.752697204953,1133.4568641471608,0.032803938598429776,0,944.5473867893006,APPROVE
42291.40326779593,339.36788450898837,0.05225092477624979,15,282.806570424157,APPROVE
52019.55460798723,1435.5469640128301,0.03771447174103635,0,1196.2891366773583,APPROVE
24152.77708041294,190.04661731336674,0.044579485571139214,45,158.37218109447227,APPROVE
37330.008864235155,1475.7315778726177,0.06576826488772086,0,1229.776314893848,REJECT
4960.87848163733,812.0122069688595,0.06200760807111238,15,676.6768391407162,APPROVE
21448.312933259796,8101.126987425094,0.14677664021386985,15,6750.939156187578,APPROVE
52198.39206498783,7266.595315556166,0.04644941591098838,15,6055.496096296804,REJECT
16550.38713866974,3428.3337351317805,0.14486537584160133,0,2856.9447792764836,APPROVE
38070.210447549456,902.7795294850426,0.08852513110053538,0,752.3162745708688,APPROVE
51922.00670857521,14470.5579984531,0.14417393027596934,15,12058.798332044249,REJECT
27610.75471281129,207.21824750115584,0.06828621001195857,15,172.68187291762987,APPROVE
41621.453264653246,247.9295297445238,0.05047810900778055,0,206.60794145376983,APPROVE
16811.42422655416,1208.185815131956,0.007099414135792835,0,1006.8215126099632,APPROVE
30782.787835455605,19975.476750548838,0.03850614654562729,0,16646.230625457363,APPROVE
59170.17751030399,1047.967883359271,0.03302440030040246,0,873.306569466059,APPROVE
41174.66293166736,1072.256531907224,0.049468449396482025,0,893.5471099226866,REJECT
22714.8683932,236.7778783868992,0.0811240556250995,0,197.31489865574932,APPROVE
43450.30383557607,4156.922971826963,0.12305613979791072,0,3464.1024765224684,APPROVE
64323.983374523865,4193.229216737544,0.1239892393147853,0,3494.3576806146207,APPROVE
7044.813681976698,3443.7116911963685,0.07559072034002208,15,2869.7597426636403,REJECT
91790.05633627501,627.8806493426011,0.025655051171060664,0,523.2338744521676,REJECT
27750.141244545048,572.1303127685732,0.09188597283749694,0,476.77526064047765,APPROVE
51041.37955703575,283.0626373429654,0.06760087099318751,15,235.8855311191378,REJECT
94636.40755876129,1477.4337501471973,0.06452052902192398,0,1231.194791789331,APPROVE
12120.5912594404,365.37568998954157,0.14517447687578278,0,304.47974165795125,APPROVE
20587.66106841999,325.2243008382861,0.023345086114662957,15,271.0202506985718,REJECT
28829.690156054257,803.5071202753832,0.06812540567144068,0,669.5892668961526,APPROVE
19399.395467570586,742.8004956753178,0.024703024594259812,0,619.0004130627648,REJECT
145502.60375682072,700.532438554158,0.0421298346450444,15,583.777032128465,APPROVE
18298.645595918668,2338.227454467449,0.025818603979244723,0,1948.5228787228743,REJECT
23284.951590396297,1468.9046553171156,0.07399670696212861,0,1224.0872127642629,APPROVE
42766.53679932707,945.4184846731546,0.15819826140223828,15,787.8487372276287,REJECT
13881.05693392692,1664.08453267913,0.09956626717470635,0,1386.7371105659415,APPROVE
26461.746230441884,406.4994019139535,0.021692462529395353,0,338.7495015949612,APPROVE
46815.1716066496,1515.8767382861054,0.0573214566358185,0,1263.230615238421,APPROVE
27825.59825367689,1600.6064992279973,0.04995433752110603,0,1333.8387493566645,REJECT
33701.26028694915,220.02885036494013,0.007995780762201555,0,183.35737530411677,APPROVE
23778.43389593403,4412.723768000195,0.18203686161556232,15,3677.269806666829,APPROVE
10812.128071699353,463.911805930126,0.1725526081392643,0,386.5931716084383,REJECT
46970.4786291036,1488.8907610947297,0.03685909954481654,15,1240.7423009122747,APPROVE
147848.95500538865,5402.996551829262,0.11054578146162095,15,4502.497126524385,APPROVE
36854.06872289514,4057.1134071338347,0.07680321984931293,30,3380.9278392781957,REJECT
43486.73785944546,1392.1644500059601,0.06769060656166771,0,1160.1370416716334,APPROVE
63207.49747886115,864.7289485489275,0.2573195096175844,0,720.6074571241062,REJECT
13154.715977253036,4164.823585563805,0.09345845118491519,15,3470.6863213031706,APPROVE
141777.14842096003,3002.0446346168565,0.03581157582938848,15,2501.7038621807137,APPROVE
42696.107556673436,636.1134213861176,0.051655245188037435,0,530.0945178217646,APPROVE
133985.31980951692,514.6785497815866,0.05869578403501849,0,428.89879148465553,REJECT
20202.741733918658,111.11755433401515,0.10099175930007495,0,92.59796194501263,REJECT
155507.5462007692,1607.206916641121,0.037460251446130646,30,1339.3390972009342,APPROVE
67516.30445862019,1209.7604127386273,0.10876381539298738,0,1008.1336772821895,APPROVE
56524.647937152775,5223.090505663057,0.08288437915252747,0,4352.575421385881,APPROVE
43792.575089168604,2055.5135927467345,0.008115554842721572,15,1712.927993955612,REJECT
29767.63788978269,6624.233460026135,0.024214577534174695,0,5520.194550021778,APPROVE
94885.41899325598,578.5805830678768,0.03279377474373368,0,482.1504858898973,APPROVE
40631.05261084642,5235.383115833178,0.056956680736746,0,4362.819263194314,REJECT
7527.69554270899,708.1920061686114,0.039803935643404016,15,590.1600051405095,REJECT
14857.362767753928,3396.5999011114272,0.03038763450319339,30,2830.4999175928556,APPROVE
31298.435718849898,232.03885497157208,0.12460343225308997,15,193.36571247631005,REJECT
46536.82373832026,1771.4917482656683,0.13718060153114817,0,1476.2431235547235,REJECT
34708.12918226074,123.44421792007884,0.07203724148065158,15,102.87018160006569,REJECT
96295.47728509875,969.5673333308465,0.06622043745041167,0,807.9727777757054,APPROVE
7624.473186312547,2266.154678068969,0.06641705582272345,0,1888.462231724141,APPROVE
40736.116010060396,714.9786238463072,0.18075747479664814,0,595.8155198719227,REJECT
8481.279651410152,378.7550736459701,0.03454062040319519,30,315.62922803830844,APPROVE
66687.30182793325,3687.695699021964,0.2043350508093099,0,3073.07974918497,APPROVE
33672.37436724212,1179.9880133022073,0.05276039918616813,0,983.323344418506,APPROVE
50801.84631142923,742.4311436629492,0.044536999740702535,0,618.6926197191243,APPROVE
18194.84573401764,1404.8558974160335,0.050619425550678,0,1170.7132478466945,APPROVE
101070.3355789818,31615.977135097866,0.025523666291108388,15,26346.647612581553,REJECT
83564.973269571,5332.728643295608,0.015344787695852518,0,4443.940536079673,APPROVE
57921.008705850334,5391.092366841203,0.057114152690636216,15,4492.576972367669,APPROVE
32741.091949073176,2253.118396829135,0.07548742516551869,0,1877.5986640242788,APPROVE
57750.41579295357,1631.4055683562701,0.14037404224448144,0,1359.5046402968917,APPROVE
20629.676927339435,75.34790800689049,0.04579231400341232,0,62.78992333907541,APPROVE
72001.66532298192,591.4862819915583,0.06284652377141285,0,492.90523499296523,REJECT
135887.78522094354,750.4894631211143,0.06250329001606844,30,625.4078859342619,APPROVE
85518.5378158638,140.82872421821182,0.11910398816212808,15,117.35727018184319,APPROVE
20258.26270557007,333.12438832553937,0.05213514192141294,0,277.60365693794944,REJECT
48491.01751121394,124.01606850145177,0.08162554776991084,0,103.34672375120981,APPROVE
12906.505492713246,1275.9245144102151,0.054842710720333,0,1063.2704286751793,REJECT
57406.467429052405,3568.619381216318,0.07312478222918507,0,2973.849484346931,APPROVE
52077.21136812828,5041.930529822519,0.12921137359452214,15,4201.608774852099,REJECT
8136.756607072965,2197.677195835636,0.05323219039559049,0,1831.3976631963635,APPROVE
14336.627782244868,420.455773359999,0.018019414587949818,0,350.37981113333245,REJECT
28954.730805026637,131.4907775925,0.09271870498864003,0,109.57564799375,APPROVE
28547.144777432626,162.25553478910848,0.055695176626660986,0,135.21294565759038,APPROVE
13799.925211373964,291.3822019887483,0.057970498257065926,0,242.81850165729023,APPROVE
49572.07665309323,459.7961639202649,0.08035136975495248,0,383.1634699335541,APPROVE
44408.17651248814,1102.9202451328556,0.1173575992748754,0,919.1002042773797,REJECT
31088.23386968493,395.6056355619324,0.03469157432203835,0,329.671362968277,APPROVE
19838.24263147926,2006.5778330443982,0.06601085893965779,0,1672.148194203665,APPROVE
84033.0708661601,1010.991390993657,0.0963746301125517,0,842.4928258280474,APPROVE
136533.55539560234,1352.9866499125728,0.10915673065893544,0,1127.4888749271438,REJECT
24665.254032431054,5248.594315004428,0.036761323269551754,0,4373.8285958370225,APPROVE
22253.764544100406,324.12745755964505,0.0741569496754471,0,270.1062146330375,APPROVE
53796.631481928016,2208.039730137505,0.03191817980925075,0,1840.033108447921,APPROVE
27270.927751074032,1313.7580278824332,0.05043079260377602,0,1094.7983565686943,REJECT
32483.32759033949,895.3649225284473,0.07884951857754363,0,746.1374354403728,APPROVE
65625.6904761388,3865.0213774652716,0.03350441541765613,30,3220.8511478877263,APPROVE
7883.404478705352,3836.17821116239,0.11067930064479689,0,3196.8151759686584,APPROVE
104259.87505072448,429.07252123965736,0.09939352225673868,0,357.5604343663811,APPROVE
38489.64101259095,1073.65308026687,0.07191272970882563,0,894.7109002223915,APPROVE
26129.11488307554,1872.198946268451,0.014955962040584,0,1560.1657885570423,APPROVE
33813.407574642304,962.762551149175,0.07956817229073095,0,802.3021259576458,REJECT
35240.225676495,2695.7736364103207,0.019706621925243938,0,2246.478030341934,REJECT
9090.98877373287,1872.1547673718533,0.10957303575540141,0,1560.1289728098775,REJECT
120084.4569305922,12046.005563199484,0.07448479881081631,15,10038.337969332903,APPROVE
37536.17846020481,212.9548015487254,0.07630918986366617,0,177.46233462393783,REJECT
51761.48942490737,1153.4257650843342,0.014468861898686064,15,961.1881375702784,APPROVE
77748.9104516146,449.0848714669646,0.07812809864395089,15,374.2373928891372,APPROVE
16043.676027770762,2758.228358558592,0.10311408244594122,30,2298.52363213216,APPROVE
53038.72145271218,191.86819251277646,0.032667158086267245,15,159.8901604273137,APPROVE
29315.95327722907,2024.3221024569877,0.13077526108858173,0,1686.935085380823,APPROVE
71497.41828822457,627.2572787399334,0.03432639609322421,0,522.7143989499444,APPROVE
6622.43273277853,553.587966725371,0.0815738252408524,0,461.32330560447576,APPROVE
33547.732680626636,235.47789919740896,0.1461944717459158,0,196.23158266450744,APPROVE
22420.77975305989,764.5777889238553,0.061335595495995016,0,637.1481574365461,APPROVE
51318.69350066483,4908.950955884031,0.01642021652516244,15,4090.792463236692,REJECT
52893.479527239135,1296.1952050759676,0.11425326551535829,15,1080.1626708966396,REJECT
20617.577840175345,2837.365921831671,0.08637367893983233,0,2364.4716015263925,REJECT
20542.699650524813,9847.620125662546,0.1780919254553871,0,8206.350104718787,REJECT
33238.61911226501,1833.3892989619592,0.04674748641035854,15,1527.8244158016325,REJECT
17724.200031152275,683.2463075376962,0.10206909309137839,0,569.3719229480802,REJECT
71224.1308463142,2340.4946273537244,0.12091115983657573,0,1950.412189461437,REJECT
27028.15122127161,695.241683688055,0.023403085299247218,0,579.3680697400458,APPROVE
3548.958377203656,729.3164218761332,0.051965028080277295,0,607.7636848967776,REJECT
26907.016141956552,215.62559505629244,0.030327753971885543,0,179.68799588024368,APPROVE
15822.131129220743,4059.9417138868616,0.15161367312527166,0,3383.2847615723845,APPROVE
9847.563544016944,840.680612071938,0.0884570053216706,0,700.5671767266149,REJECT
13494.786294465086,1662.259003937992,0.09594271125168713,0,1385.2158366149933,APPROVE
39637.33584638118,385.39184374960877,0.12720122019558538,0,321.1598697913406,APPROVE
105125.76376989017,2254.2036988218547,0.007975835347161446,0,1878.5030823515453,APPROVE
46655.56907428089,535.4381701109401,0.1964711401019241,0,446.19847509245005,REJECT
22354.821177689977,1127.0562690479935,0.04605994938693174,0,939.2135575399947,REJECT
52298.5202491036,3830.7126849786105,0.14120030049519625,0,3192.2605708155083,APPROVE
25152.881758955038,3450.678238884651,0.16081556048028178,15,2875.5651990705423,APPROVE
20833.544951347696,1301.117539565798,0.01715003279521963,15,1084.2646163048316,REJECT
14421.99665318647,160.07743513593277,0.11296752778593161,15,133.39786261327728,REJECT
8942.200283412567,48474.229785286574,0.05321714274271972,15,40395.19148773881,APPROVE
26583.89963809312,10855.701136469102,0.08314934888044372,0,9046.417613724252,REJECT
41210.27065181837,3179.962543311254,0.05696501128941887,0,2649.968786092712,APPROVE
33614.105485992586,541.0817460007726,0.016037782115716,0,450.9014550006438,APPROVE
26035.76523314038,1165.7317879507857,0.11474774511053144,0,971.4431566256548,REJECT
17041.437402672294,695.9726692706713,0.1666967777723748,15,579.977224392226,REJECT
59076.9997989738,6087.799917393973,0.07184258256241911,0,5073.166597828311,APPROVE
12661.161840551458,1830.6353585223042,0.00992947249747149,15,1525.5294654352535,APPROVE
67563.44295566568,521.3482668991752,0.07315408226248216,0,434.456889082646,APPROVE
16288.691692886778,759.3849186620723,0.13568124680842528,15,632.8207655517268,REJECT
19891.580089940402,5129.896066868226,0.14250800569415048,0,4274.913389056855,REJECT
11232.558482872764,9113.684217826853,0.05894770895522738,15,7594.7368481890435,APPROVE
24315.718753600395,8361.664450316943,0.034937301181479634,0,6968.053708597451,APPROVE
79241.067050639,3313.8084135352447,0.1016599381458835,0,2761.5070112793705,APPROVE
54857.95410376926,986.6003706096043,0.1374285136587904,0,822.1669755080035,REJECT
79438.44226863689,27.319433987601425,0.16287540949599047,0,22.766194989667852,APPROVE
55144.59623016882,1908.374164129478,0.10963266010719858,30,1590.3118034412316,APPROVE
15018.89174298945,1333.0440913228788,0.07284549878007499,0,1110.870076102399,REJECT
27871.74193116168,1580.3370445254366,0.02844004633161383,0,1316.9475371045303,APPROVE
19454.636414493383,1425.234618120996,0.022735419547844936,0,1187.6955151008299,APPROVE
105288.5466269262,272.0267243256659,0.0947273949588057,30,226.6889369380549,APPROVE
13940.716514123162,2607.9119871727435,0.055704477588946075,0,2173.2599893106194,APPROVE
74232.56034075402,2852.852026232851,0.1566638653049352,0,2377.376688527376,REJECT
74188.40099299839,3029.7077614254904,0.1184704120100362,0,2524.756467854575,APPROVE
156952.1343936926,4160.153748282133,0.037137378659687595,0,3466.794790235111,APPROVE
26166.905066862666,2758.0436389620118,0.14658201780714789,0,2298.36969913501,APPROVE
64206.37139484306,816.7880309527286,0.1189112683015867,15,680.6566924606071,APPROVE
225330.04413829977,1227.1021456158521,0.09431042324868534,0,1022.5851213465435,APPROVE
22156.510464612235,1490.3477302376814,0.10923259441598997,0,1241.9564418647344,APPROVE
10635.660181093443,1520.2867478263038,0.16384644509478233,30,1266.9056231885863,REJECT
8070.671545630848,4426.108763917496,0.07912100345859008,15,3688.423969931246,REJECT
64226.400191615525,2892.329207444651,0.07605004996251571,0,2410.2743395372086,REJECT
8050.422339359745,16158.912507616578,0.08837685808532242,0,13465.760423013815,REJECT
26960.948809822792,18867.151684798508,0.1359180325472404,0,15722.626403998756,REJECT
51526.45013343713,1469.965788161845,0.058737450210835374,0,1224.9714901348707,REJECT
42114.20734901915,13.375547798689343,0.059521756240907164,0,11.146289832241118,APPROVE
51039.539280774516,5893.550322996439,0.02323542582043967,0,4911.291935830365,APPROVE
43383.38812157579,698.5196431610402,0.014762939968255335,0,582.0997026342001,APPROVE
101021.90471254454,510.62435415908914,0.04800894671205904,0,425.5202951325743,APPROVE
16952.09824493662,828.2214555502939,0.05346258700928236,15,690.1845462919115,REJECT
21129.044493910333,781.6782812379166,0.1136373281312968,0,651.3985676982638,APPROVE
19572.336472470513,2785.3774676352587,0.036249540331160617,0,2321.147889696049,APPROVE
70555.39673175535,205.63278316352563,0.05978066454715922,0,171.36065263627134,APPROVE
74631.56878316613,366.55552555799585,0.11745238626900428,0,305.4629379649965,APPROVE
52103.127537734006,2016.6745512156697,0.08327724476302381,0,1680.562126013058,REJECT
93600.8677739524,2821.285027080551,0.051162624558384474,0,2351.0708559004593,APPROVE
14151.37831996448,2884.9558655699916,0.011382189579352662,15,2404.129887974993,REJECT
137830.40915618814,519.5543226674048,0.07175554134607644,15,432.9619355561706,APPROVE
122834.21717472126,413.02004541065156,0.11286889650395998,0,344.18337117554296,REJECT
65414.39353064006,727.3829600599514,0.13502138860544458,0,606.1524667166261,APPROVE
151061.01801933997,1781.5912591434783,0.16787651073609527,0,1484.6593826195651,REJECT
9649.886512081164,7942.534819911682,0.11034237052289088,0,6618.779016593067,APPROVE
23871.522277991233,114.49032070357839,0.13259077043741554,0,95.40860058631533,APPROVE
20166.079343308837,1025.0948241463757,0.027116051894361823,0,854.2456867886464,APPROVE
64678.45709736612,269.9402876737467,0.1927176346979465,0,224.95023972812223,APPROVE
15676.019579316811,183.96098446642182,0.13605994321926196,0,153.30082038868485,APPROVE
66569.12227203118,4263.146925354085,0.12895360442222484,0,3552.622437795071,APPROVE
108708.89659902646,2568.209895314174,0.08742989579506406,0,2140.1749127618114,APPROVE
63333.032981582335,2290.9803975757577,0.04808739815435488,0,1909.1503313131313,APPROVE
45569.81474334643,4034.5333145959994,0.03306585405587514,15,3362.111095496666,APPROVE
16476.680006947656,751.260326030143,0.028540092729580368,0,626.0502716917857,APPROVE
18444.458039798672,794.9266827183318,0.08313174534133222,0,662.4389022652764,REJECT
98685.67955209773,18403.41726124659,0.08267726216598965,0,15336.181051038826,APPROVE
67743.18905427911,993.7937020372989,0.14353024237420794,0,828.1614183644157,APPROVE
35199.402411567215,3227.856077279694,0.1312512643904303,0,2689.880064399745,APPROVE
25995.334624597133,1346.2426329246155,0.13931075717744756,15,1121.8688607705128,APPROVE
7182.147424451076,145.40234180398667,0.055876516622124825,0,121.1686181699889,APPROVE
15418.418265689863,114.876783077004,0.10063750426760895,0,95.73065256417,APPROVE
167566.45028783925,666.8958208441023,0.18700416641536605,0,555.7465173700853,REJECT
13038.15767879063,4744.476645712312,0.027467571105247307,0,3953.7305380935936,REJECT
42259.47453426298,3440.4752502557676,0.044936150156750065,0,2867.062708546473,APPROVE
81304.38080757142,4001.031588890159,0.19989046307178943,0,3334.1929907417993,APPROVE
13307.2178913261,408.6910502677458,0.12067751627336286,0,340.5758752231215,APPROVE
42098.54168775795,9287.845558330278,0.19410814831849957,0,7739.871298608566,APPROVE
76905.48120552,419.70116527463915,0.049115615948475064,0,349.7509710621993,APPROVE
36680.459645660005,1724.692728874262,0.026655995203364046,0,1437.2439407285517,REJECT
360310.86241508013,1319.4788923559868,0.055700286287750075,15,1099.565743629989,APPROVE
9557.873966742722,1084.382872041542,0.17672359705817756,0,903.6523933679515,APPROVE
84709.48212543143,6659.005798993081,0.17892019683211552,0,5549.171499160901,APPROVE
31626.75156918041,573.2272774330353,0.06027417054215231,15,477.6893978608627,REJECT
67341.77989745117,264.51252406819225,0.1489051642259252,0,220.42710339016023,APPROVE
51691.34929043204,1368.4164720091633,0.16025207778340606,0,1140.347060007636,REJECT
20200.75062418478,826.8496078796423,0.10239222719554912,0,689.0413398997019,APPROVE
43616.77547631017,76901.01927099108,0.041087698839019283,0,64084.18272582589,APPROVE
8214.686262079278,3008.581182680494,0.10754236168747583,0,2507.150985567078,APPROVE
58841.22539940391,817.4634699884678,0.010202660391936132,0,681.219558323723,APPROVE
46098.08890914763,376.1849925958289,0.06032765301884279,30,313.4874938298574,APPROVE
60532.042681586136,139.91971786742468,0.07939214370910619,0,116.59976488952056,REJECT
84668.14011123346,390.3922504737664,0.029509105206570768,30,325.3268753948053,APPROVE
48732.22878233928,1533.5568165567656,0.05122980134622673,0,1277.9640137973047,APPROVE
40883.0788280204,7407.211183294113,0.03983834048722556,0,6172.675986078427,APPROVE
17946.409223947143,5132.981086526994,0.03197763036992396,0,4277.484238772495,APPROVE
20541.928911553598,1758.697408098951,0.1650372495285286,15,1465.5811734157924,REJECT
93843.86749020802,906.5205578111572,0.15137391388283775,0,755.4337981759644,APPROVE
114584.55769372596,1844.5483591148234,0.055895439469789976,0,1537.123632595686,APPROVE
30016.77439710784,716.9809778299486,0.08892228114885496,0,597.4841481916238,APPROVE
37676.89036447444,10503.372782240522,0.08427234537877991,15,8752.810651867101,REJECT
17611.519782421026,1064.6343538518993,0.05908407915853887,0,887.1952948765828,APPROVE
92800.33013098798,1204.4875395781455,0.05327825886724123,15,1003.7396163151212,APPROVE
61841.717672655286,93.543633602259,0.05716716776408255,15,77.9530280018825,APPROVE
171609.00634230452,1056.6862288917725,0.011073862977320685,0,880.5718574098105,APPROVE
17985.866576421402,3645.307024431366,0.07096422331057137,0,3037.7558536928045,REJECT
26838.526248005288,370.979874520179,0.09771004860016755,0,309.1498954334825,APPROVE
43702.33176034438,542.696648591039,0.042285609294330326,0,452.24720715919915,APPROVE
60912.37470487393,3458.769359318547,0.05132395631200647,15,2882.3077994321225,APPROVE
30560.569847897605,227.10812798013578,0.07307310644434771,0,189.2567733167798,APPROVE
18063.18427071537,4754.163864343135,0.18571194859486762,15,3961.8032202859463,APPROVE
73506.27260607954,705.4544737940097,0.05917958597798684,0,587.8787281616748,REJECT
64660.662041419535,838.0963268769428,0.08375682043303442,0,698.4136057307857,APPROVE
17448.00718277697,346.8043613664869,0.032594948191941954,0,289.0036344720724,APPROVE
107404.16503423208,2102.8953653496837,0.07460201145397816,0,1752.4128044580696,APPROVE
92610.6076340742,25572.204759777032,0.0915167759474568,15,21310.170633147525,REJECT
40434.44087953486,3412.538066190822,0.07008755911655165,0,2843.7817218256846,APPROVE
38703.228135799385,473.55714545232195,0.017927958555316176,0,394.6309545436016,APPROVE
56570.686116546836,5219.514190521197,0.08793696073727897,0,4349.595158767664,REJECT
18226.603632131282,913.6060416413444,0.04886631085461175,0,761.3383680344537,APPROVE
37198.554550288114,6952.0849384823205,0.004403232450562363,0,5793.404115401933,APPROVE
6490.489069874842,3517.2214271935622,0.036123316252120966,15,2931.017855994635,APPROVE
73215.6530377345,39.081336608304376,0.13734801073260533,0,32.56778050692031,APPROVE
10412.94915882465,400.4221427397911,0.047256971909375486,15,333.68511894982595,APPROVE
120902.03429747885,4149.226351033607,0.10822006565906216,0,3457.688625861339,REJECT
27886.665788202095,1602.633725847488,0.08081850194765101,15,1335.5281048729066,APPROVE
30658.53638875208,391.07828985746215,0.05997032911088081,0,325.89857488121845,APPROVE
21978.3438073019,624.5975288152135,0.040644496409029604,0,520.4979406793447,APPROVE
28841.45096142424,135.63005057970165,0.16700331229714918,15,113.02504214975137,APPROVE
112964.06927558225,1201.5491505227926,0.18453709007269264,15,1001.2909587689937,REJECT
4962.937462546663,18962.95424393788,0.0997216453811365,15,15802.46186994823,APPROVE
100868.43358394431,3509.872446898858,0.08630294642252492,0,2924.893705749048,REJECT
47591.944127673225,18507.203403306434,0.031649823748723785,0,15422.66950275536,REJECT
13827.058078024173,3851.782914469273,0.06998565374705538,0,3209.8190953910603,REJECT
15363.503690817142,4584.288162205985,0.07878335812840219,0,3820.240135171654,APPROVE
138845.13048142983,14275.632364755218,0.0359896218138618,0,11896.360303962681,APPROVE
17044.69850173767,2100.9204101053306,0.18450620749364346,15,1750.7670084211086,APPROVE
14433.679249642793,1067.1449830281651,0.10174201668478862,15,889.2874858568042,APPROVE
90206.03709328691,4612.862734821332,0.11370032209492802,0,3844.0522790177765,APPROVE
47612.104353284965,7646.652058006605,0.08449001194801672,30,6372.210048338838,APPROVE
17148.389453559514,751.0388156774292,0.1034854132772653,0,625.8656797311909,REJECT
43187.22359283734,562.0169492225549,0.05522273600010474,0,468.34745768546236,APPROVE
15984.868789165988,1578.2030141061744,0.11575471411034136,0,1315.169178421812,APPROVE
87610.58638249738,3623.564711847642,0.048170155944665345,0,3019.6372598730345,APPROVE
84888.7429723206,3481.171539511678,0.11800687157298687,0,2900.976282926398,APPROVE
55581.45931435735,241.87323988125246,0.04839194712449393,0,201.56103323437705,APPROVE
48500.47394780958,13244.560084905832,0.09480620754624974,0,11037.133404088192,APPROVE
148590.65166419762,618.9453565009658,0.07480498959608164,0,515.7877970841381,APPROVE
36306.39087468588,971.9816354768899,0.02925528580056047,0,809.9846962307415,APPROVE
14108.048084482976,452.24753558121586,0.17672320133695524,15,376.87294631767986,APPROVE
52030.17565261379,34044.01448686924,0.0640602683833401,0,28370.012072391033,APPROVE
192689.9384759703,1786.2964111423369,0.08651413141659271,15,1488.580342618614,APPROVE
16126.068538973259,481.1816310639397,0.1429195921078074,0,400.9846925532831,APPROVE
27196.1252106304,3767.3351244717437,0.15307407913072246,0,3139.4459370597865,APPROVE
50673.42196255254,3362.2909204263437,0.1374499523247189,0,2801.9091003552862,APPROVE
34782.72452452308,1066.505269374818,0.03951564303713422,0,888.7543911456816,APPROVE
16550.260745532145,3663.3853662844786,0.05237628982245798,30,3052.8211385703985,REJECT
89097.47596867103,496.2424183541466,0.060494320601685435,0,413.5353486284555,APPROVE
232357.53827672577,739.4546662799879,0.14514100797311721,0,616.2122218999899,APPROVE
42484.94968850614,119.71990883830456,0.1974476687004742,0,99.76659069858714,REJECT
17619.21537633482,272.78218127864733,0.11548836097169995,15,227.31848439887278,APPROVE
10517.87615977687,11690.968198231341,0.01030555305762089,0,9742.473498526118,APPROVE
44639.78518934387,9577.091851063864,0.17808688828557134,0,7980.909875886552,REJECT
87825.0349121112,1445.7178878584136,0.0854885366963904,0,1204.7649065486778,APPROVE
53110.726750520735,9827.42910798988,0.0606437690768806,15,8189.524256658232,REJECT
36245.73242932289,1102.4888821759307,0.07571717646765512,0,918.7407351466089,APPROVE
22665.125002207755,997.5702216441491,0.08484719967172433,0,831.3085180367908,APPROVE
15157.778231799257,1429.7111147161556,0.16592603846359671,0,1191.4259289301297,APPROVE
70813.22535665586,1149.9905369883706,0.15151881497262143,0,958.3254474903088,APPROVE
75434.29542789039,1031.9229874920356,0.016486968278966584,15,859.9358229100297,APPROVE
10545.095725145196,5268.456084842756,0.07483283942491215,0,4390.3800707022965,REJECT
129556.34765911389,1599.7100799107816,0.02997650612948699,15,1333.0917332589845,APPROVE
57483.7154273732,3141.3031989915817,0.14816534471085024,0,2617.752665826318,REJECT
111265.63351316086,4605.799445115521,0.13178305122455206,0,3838.166204262934,APPROVE
12410.49545448444,2128.6385198872645,0.039831786232449935,0,1773.865433239387,REJECT
12177.444105244384,417.00129024889634,0.09235829862243239,0,347.5010752074136,APPROVE
32235.530413283686,263.4795722344059,0.17647458029188937,0,219.56631019533825,APPROVE
54297.17840607299,1597.1110281931808,0.1269219426539782,0,1330.9258568276507,APPROVE
152831.0983655999,1087.7942936632862,0.05754529120367303,0,906.4952447194052,APPROVE
63886.485984086496,1483.685719090277,0.06052127415977408,0,1236.404765908564,APPROVE
29907.21332319165,1310.4817018052079,0.10126539659694504,0,1092.068084837673,APPROVE
15976.986688603676,29664.410280882526,0.19053962925998624,0,24720.34190073544,APPROVE
97148.93168324359,270.7357898846004,0.0446449593237329,30,225.613158237167,APPROVE
16784.911878734445,122.66773800763848,0.10579092714490025,15,102.22311500636539,APPROVE
133622.62089359906,1990.7507487051544,0.02482505364590406,15,1658.9589572542952,REJECT
28925.888828371597,850.400862707751,0.100845527046527,0,708.6673855897925,APPROVE
129633.38863732995,1952.169018716718,0.017363091666300335,30,1626.807515597265,APPROVE
62513.95132706769,2692.0937989420217,0.09859548753279734,15,2243.411499118351,REJECT
32545.800045328528,6237.536184845803,0.12451387948262617,0,5197.946820704836,APPROVE
23968.192133582652,218.92822197291378,0.053715172123036004,0,182.44018497742812,REJECT
27647.033070115656,684.9551965161506,0.14806700795969957,0,570.7959970967921,REJECT
51156.935516076075,2234.8478254057723,0.12638508524580794,30,1862.3731878381434,APPROVE
38627.71090477893,3367.652596823842,0.07800635399651025,0,2806.3771640198684,REJECT
22582.958983160617,18574.674898849506,0.11323911266180757,15,15478.895749041256,APPROVE
31808.69222243953,4205.9676815564335,0.008023564892181803,0,3504.973067963694,REJECT
38671.63342335465,1247.9638622035077,0.1810647883979878,0,1039.9698851695896,APPROVE
6614.45526341521,458.9273889210515,0.014766646111787548,0,382.43949076754285,APPROVE
52393.32579282789,678.7596467995243,0.04147529456494517,15,565.6330389996035,REJECT
16584.487014734634,656.0070392545167,0.006457143959978975,0,546.6725327120972,REJECT
14433.88833616711,2932.7483366521224,0.10171783000211305,15,2443.9569472101016,APPROVE
9415.612759627336,1818.5810655939758,0.024637063577717812,0,1515.484221328313,APPROVE
8646.293419768532,272.8808961079964,0.10098579714882548,0,227.40074675666366,APPROVE
12278.953737108566,791.8192484369933,0.08062204590033842,0,659.8493736974945,REJECT
20594.580422862688,3829.432776773508,0.018684975792096287,15,3191.19398064459,APPROVE
173270.16625547985,2037.359188880291,0.07879952790490954,15,1697.799324066909,REJECT
23844.199502247808,2643.3132976311754,0.04995926663668526,0,2202.761081359313,APPROVE
41864.77603858579,2115.2344979607974,0.091851463978401,0,1762.695414967331,APPROVE
50030.35044750968,9406.270200934036,0.02993747350435174,15,7838.558500778363,APPROVE
40330.050860407406,1773.4225163807937,0.05559348216145112,0,1477.8520969839947,REJECT
34133.86337690752,840.6602118042474,0.04574540674609409,0,700.5501765035395,REJECT
13957.39827721863,445.1934281148648,0.0954419323397423,0,370.99452342905397,APPROVE
115930.02306531025,1802.5295390685908,0.04339015281584206,0,1502.1079492238257,REJECT
154161.69759183555,71.41943914876633,0.150350744023914,0,59.51619929063861,REJECT
9450.973628975718,1070.914360222603,0.1263846503687285,30,892.4286335188357,REJECT
16006.93151810589,1043.5744549025446,0.08150352378197406,0,869.6453790854539,REJECT
29031.93546790145,259.8357973017723,0.20608478572898725,0,216.5298310848102,APPROVE
16787.16296478073,438.55967900238943,0.010879826835274102,0,365.4663991686578,APPROVE
54435.535340886105,3529.8263044689793,0.12714423308604178,0,2941.521920390816,APPROVE
20279.833306580378,1762.1131229735965,0.13189799067040112,0,1468.4276024779972,REJECT
205262.48510721882,1509.5409960223953,0.04759994239193741,15,1257.9508300186628,REJECT
94130.63923275133,1929.5304221776016,0.08668187907435886,0,1607.9420184813346,APPROVE
43047.49088880092,1493.0376464777962,0.08730397098818227,30,1244.1980387314968,REJECT
82585.46790320908,5936.351407287747,0.021864601869482702,0,4946.959506073122,REJECT
87967.29173033564,1549.2557372057977,0.13556994746707196,0,1291.046447671498,APPROVE
23128.988184736238,232.19073567409296,0.12491985608393455,0,193.4922797284108,APPROVE
18902.060275009677,9448.118166667553,0.06540877788497675,15,7873.4318055562935,REJECT
38658.20999117503,2083.5391221177465,0.03267409834487789,15,1736.2826017647885,APPROVE
72352.76147412579,658.7278203902073,0.024764084396423615,0,548.9398503251726,APPROVE
40588.83545266061,296.88143342904266,0.03906432955825312,0,247.4011945242022,APPROVE
10284.59901788385,2148.4715732568493,0.12519178962885666,0,1790.392977714041,REJECT
19105.67030988764,1160.7347642541336,0.09254386311873702,0,967.278970211778,APPROVE
34228.76697546551,8834.246101780634,0.0786449347955918,0,7361.871751483862,REJECT
34182.44600386502,882.1182966559447,0.1174738523116578,0,735.0985805466206,APPROVE
175963.82998162034,489.09559412961175,0.12799557187398292,0,407.5796617746764,APPROVE
11982.585256354158,3914.2161406996365,0.09810830468973525,0,3261.8467839163636,APPROVE
54419.15002781204,4055.1914480302266,0.27298660841349554,0,3379.3262066918555,REJECT
119526.15380051335,1635.6516197743272,0.07461440288038047,0,1363.043016478606,APPROVE
223498.45859341868,3008.0381391132964,0.13570165533685105,0,2506.6984492610804,APPROVE
26277.86060217717,1276.8997672015307,0.16333190668511477,0,1064.0831393346089,APPROVE
53806.17745684283,1768.793629985712,0.09990852317286592,15,1473.99469165476,REJECT
57285.81330561923,5406.752779772355,0.051671548757437326,15,4505.627316476962,APPROVE
42462.872515541196,2829.3347938526904,0.047507180855432714,0,2357.778994877242,APPROVE
33554.41871218112,1090.3844080724123,0.06906211746497624,0,908.6536733936769,APPROVE
51471.334065811774,6769.956646487381,0.06974643455176896,0,5641.630538739483,APPROVE
4789.604560722082,78.22493508119283,0.14103107723600658,0,65.18744590099402,APPROVE
62671.09352780318,15676.262126744374,0.048932682616538985,0,13063.551772286977,APPROVE
40172.67523337619,172.47701705602202,0.04154438574391921,15,143.730847546685,APPROVE
30394.59521407817,629.4859395158539,0.022273168374093478,30,524.5716162632116,APPROVE
186743.2124295266,1271.9594503952808,0.18178773024742015,0,1059.9662086627338,APPROVE
21163.91282446854,1120.62080637445,0.08213405476120667,0,933.8506719787083,APPROVE
26305.654860158786,4469.841172234816,0.016823409025216004,0,3724.867643529013,REJECT
178660.5010540942,375.40707279830985,0.07204756402480025,0,312.83922733192486,APPROVE
18663.983994112266,1826.8255875726973,0.04608651505337305,15,1522.354656310581,APPROVE
23386.349435065134,667.514016891456,0.12883945696810808,0,556.26168074288,REJECT
32285.6991778183,1903.7560501299367,0.0002010902863450725,15,1586.4633751082804,APPROVE
71152.98709521025,1236.0649624444595,0.0439543758141185,0,1030.054135370383,APPROVE
42883.48243211854,1493.589691205411,0.02870002945426892,0,1244.6580760045092,APPROVE
12911.83642883043,690.5615505983029,0.06545340554070488,0,575.4679588319191,APPROVE
23724.537984326013,724.3959729856774,0.09363803319478885,30,603.6633108213979,APPROVE
22339.60639069682,1885.8650816033905,0.1178755580441074,0,1571.554234669492,REJECT
34139.93743759004,4145.893121301506,0.10438518034955738,0,3454.9109344179215,APPROVE
51055.82530636626,651.6318179100218,0.04577823003594775,0,543.0265149250182,APPROVE
50744.808936679125,471.016843026611,0.022491943567862306,0,392.5140358555091,REJECT
8770.8639874902,2789.359018122628,0.03496181964357601,0,2324.465848435523,APPROVE
85063.45531294368,1284.866672756788,0.052347287001578764,0,1070.7222272973231,APPROVE
44447.10354813921,3619.215858888862,0.011798624291753091,15,3016.0132157407184,APPROVE
109932.91972485169,450.5451306078563,0.017606088125883178,0,375.45427550654694,REJECT
51811.04667742057,157.9199401187475,0.006089778141308466,15,131.59995009895624,APPROVE
87645.74696049684,704.7266582350429,0.01639650120479197,0,587.2722151958691,APPROVE
52745.63236592662,532.6112393144043,0.03759330283213096,0,443.8426994286702,APPROVE
106615.11847085257,1215.4489903683427,0.04844495489423013,15,1012.8741586402856,APPROVE
55149.364903568305,622.1620876581462,0.014213122865257494,0,518.4684063817884,APPROVE
33579.39127446844,3250.7312454314674,0.10221716666421153,0,2708.9427045262228,APPROVE
223674.64031785112,945.4250286049052,0.10238463180464277,15,787.8541905040876,APPROVE
73956.30300380106,1600.36067633703,0.14348480995363827,0,1333.633896947525,REJECT
57468.68885424798,1614.1703316718292,0.13470682435869172,0,1345.1419430598576,REJECT
13081.528379484022,1688.1035497289938,0.055160057478873405,0,1406.7529581074948,REJECT
12956.513401232763,1297.8443495335512,0.11047206997969691,15,1081.5369579446258,APPROVE
45897.7963785152,2465.465063703624,0.07940755316697971,15,2054.55421975302,APPROVE
40799.16759964289,514.2084594736655,0.09317153877018879,15,428.5070495613879,APPROVE
22218.97534387619,7163.231027496027,0.04152611427809636,0,5969.359189580023,APPROVE
40651.30263848278,1005.8317065603017,0.024988019682543956,0,838.1930888002513,APPROVE
129430.78551284576,276.8721760910038,0.06648794211287978,30,230.7268134091698,APPROVE
63343.145513847296,1674.22045411117,0.026077421393293804,30,1395.1837117593084,APPROVE
14576.89751127787,481.06304301135856,0.09725641705479472,0,400.8858691761321,APPROVE
33216.19835857525,2968.5127488617654,0.1262909488490451,30,2473.760624051471,APPROVE
19072.958305352284,18938.299861237592,0.07977671260189106,15,15781.916551031327,APPROVE
26631.235342827913,519.8438079540992,0.039007712635467734,0,433.2031732950827,REJECT
26084.784852845252,1990.7399979739212,0.015991406818766107,15,1658.949998311601,APPROVE
24782.264468480716,162.52115868086145,0.1827408329903165,15,135.43429890071786,REJECT
13304.953685501936,2303.306970088202,0.08923431013564569,0,1919.4224750735013,REJECT
32789.91425251618,461.5352107026818,0.14831058572824812,0,384.6126755855682,REJECT
23190.868719992148,631.1940638146715,0.05389361200400558,0,525.9950531788928,REJECT
3485.7588535480345,356.33493571135915,0.0855152933162575,0,296.94577975946595,APPROVE
187658.2220720352,3216.3304544569337,0.1262457436750862,0,2680.2753787141114,APPROVE
86769.95701292074,4474.635325920197,0.22364144171324032,0,3728.8627716001643,REJECT
26875.205718969653,1373.9940805650067,0.14441412915220112,0,1144.9950671375054,APPROVE
36866.37764751892,473.47677443672455,0.06730281141012247,15,394.56397869727044,APPROVE
14223.865788548766,8998.764330944416,0.03259868477894407,0,7498.970275787012,APPROVE
141008.90201826472,542.8987039846745,0.09897351752422318,0,452.4155866538954,APPROVE
165682.89275647153,99.78083662489581,0.037544948440844585,0,83.15069718741317,REJECT
41165.46610836392,2315.7333980316216,0.08211438659682882,15,1929.777831693018,APPROVE
82357.47605112584,354.84649894834735,0.1922686606621555,0,295.70541579028946,APPROVE
41782.355958591696,4375.366029618848,0.273618706267495,0,3646.1383580157067,REJECT
12464.247796613878,845.6027367396346,0.10298504597685723,0,704.6689472830288,APPROVE
26122.213017722715,2756.923865490471,0.04804583238619503,0,2297.436554575392,REJECT
40357.89725640085,7181.153637402336,0.06854775114775627,15,5984.29469783528,REJECT
25244.45546395815,313.18193055513865,0.07660440065510915,0,260.98494212928216,REJECT
30487.6626673376,677.4192449034839,0.027549437254847625,0,564.5160374195699,APPROVE
33754.88255024679,1220.004248157412,0.08491913197740521,30,1016.6702067978432,REJECT
34040.191271989075,8454.68910280608,0.049935084749263364,0,7045.5742523384,APPROVE
37865.920541527186,606.2883181664996,0.062025446102396,0,505.2402651387497,APPROVE
15545.336154775016,654.5909075382708,0.10684441729266003,0,545.492422948559,APPROVE
20463.274704825853,2371.2762651151616,0.17015012688494405,0,1976.0635542626344,APPROVE
12995.164262573995,668.3021797550573,0.1834485525112904,15,556.9184831292143,REJECT
79399.90412564832,1604.3050746111696,0.05295050597652209,15,1336.920895509308,APPROVE
6737.757588378351,207.5910423679523,0.10171485976791357,15,172.9925353066269,APPROVE
91388.25742748815,19045.970541953193,0.16591701782187918,0,15871.642118294329,APPROVE
110092.86521164238,265.11503619315437,0.05137638485728837,0,220.92919682762863,REJECT
28516.995744102453,908.0610955790435,0.10464487400952732,0,756.7175796492029,REJECT
4525.53159928254,1284.901915409574,0.04567672854577463,15,1070.7515961746449,APPROVE
27199.436915293034,13261.769061591587,0.08642486761901026,0,11051.474217992989,APPROVE
34497.86341041992,272.4894696544376,0.08661735928045307,0,227.07455804536463,APPROVE
16179.841977901844,14441.479556804012,0.14801845572479097,30,12034.566297336676,APPROVE
24048.43702732873,3314.3840961058218,0.14529545122196116,0,2761.9867467548515,APPROVE
123519.72749443885,2203.779888786334,0.15009967778350414,15,1836.4832406552785,REJECT
61817.49721574374,409.87592116214205,0.13344653666067316,30,341.56326763511834,APPROVE
17332.674672283913,2651.24441003815,0.06944452561604361,15,2209.370341698458,APPROVE
10116.476035096102,560.7252079411512,0.03301451249853268,15,467.27100661762597,REJECT
27955.97263990012,6108.328280261301,0.016848941287021697,30,5090.273566884417,APPROVE
30614.6697457628,416.60580879836436,0.1419659377584165,0,347.1715073319703,APPROVE
54011.8826217741,1166.3385934607961,0.1534258893949682,0,971.9488278839967,REJECT
23664.862450084474,686.143782599681,0.05612727148731193,15,571.7864854997341,APPROVE
54677.067560248586,408.4572885716857,0.16883665377709062,15,340.3810738097381,REJECT
170778.5952696745,3251.912901639843,0.06451745520208188,0,2709.9274180332022,REJECT
69731.03882717293,2540.1169541602208,0.11236749519837065,0,2116.7641284668503,APPROVE
34944.94821938138,5700.032443720036,0.15184497007560316,0,4750.027036433364,APPROVE
31365.994995962672,157.83730339636793,0.014410566402629275,0,131.53108616363994,APPROVE
27300.532668683853,4790.642187619766,0.08780867139619021,15,3992.201823016472,APPROVE
93387.4951137475,27009.760872009265,0.06953896591448118,15,22508.13406000772,APPROVE
21985.737864686576,777.0040789700863,0.030122183921616717,0,647.5033991417386,APPROVE
37653.386166307224,12985.559892027164,0.10121446285959337,0,10821.299910022635,REJECT
37833.80603614473,974.2046363863807,0.0312388007379497,0,811.8371969886506,REJECT
24308.28811216873,257.3721834538298,0.08707325753585153,15,214.47681954485816,APPROVE
12112.915532419895,925.7979146569471,0.08789001525306818,0,771.4982622141225,APPROVE
47022.41128504526,4699.726846373086,0.13656350704559395,30,3916.439038644238,APPROVE
34585.74294500039,488.62881329079767,0.03846608476324183,0,407.1906777423314,REJECT
54186.787006994084,650.0235000753165,0.05791293500174544,0,541.6862500627637,APPROVE
23697.3795819685,2723.4703928128256,0.13929446138071377,0,2269.5586606773545,APPROVE
96438.13937743295,1340.8875803824474,0.03833811411409335,0,1117.4063169853728,APPROVE
18008.17274155928,2694.485214285706,0.09307244211821056,15,2245.4043452380884,APPROVE
142861.68840165157,1777.2284085099448,0.09902014980098132,0,1481.0236737582873,REJECT
8972.241318619004,2375.504916912066,0.08490394761814399,0,1979.587430760055,APPROVE
51421.72624082951,795.2475771992168,0.12413001571119468,15,662.7063143326807,APPROVE
53121.899704554904,1764.2695613387932,0.14199367853386138,0,1470.2246344489943,APPROVE
19217.072308227645,439.02980344661887,0.11147010501642947,0,365.85816953884904,REJECT
50996.64627797364,6270.022699842843,0.03184251021176993,0,5225.018916535702,APPROVE
101074.6807348163,624.0841698326093,0.053964862443536196,0,520.0701415271743,APPROVE
6164.392857039703,5177.263387420395,0.0492565365038963,0,4314.386156183662,REJECT
54295.457455851996,1009.3749469225161,0.11249442980851762,0,841.1457891020967,APPROVE
4941.298074272975,1702.4330622354923,0.052284758226524855,0,1418.6942185295768,APPROVE
16772.03436403138,737.6411398244813,0.009422660241639222,0,614.7009498537344,APPROVE
133697.23629323204,394.7372641764199,0.1652938594803387,15,328.9477201470166,REJECT
22801.335169331487,164.63031447976326,0.023655302589830205,15,137.19192873313605,APPROVE
14198.562818078766,376.54061504035013,0.05230564679800053,15,313.7838458669584,APPROVE
30997.12746679016,905.7146342068436,0.10781929963137489,0,754.7621951723696,APPROVE
189913.70628602614,1722.7375813658812,0.06926170497084586,15,1435.6146511382342,APPROVE
8388.812083378087,4491.176993160484,0.07582025551576152,30,3742.647494300403,APPROVE
15661.364063315694,782.5094157503711,0.25338804797262543,0,652.0911797919758,REJECT
120324.23622413204,463.6184880040297,0.05507064889419186,0,386.34874000335805,APPROVE
160518.08186958736,236.54942322688026,0.1770552135827413,0,197.12451935573355,REJECT
33431.53919119858,2376.754661409642,0.06296512121396007,15,1980.6288845080346,APPROVE
13477.242995324421,7025.125265291335,0.13833480955618166,15,5854.271054409445,REJECT
194206.01380837994,6105.902642185657,0.021419309988247634,0,5088.25220182138,REJECT
130034.34845196811,3131.7092000094726,0.040460785816104,0,2609.7576666745604,APPROVE
62514.736392347855,2874.5944652790677,0.1401735270068191,0,2395.495387732556,REJECT
18959.83590268846,10245.18832515864,0.04692706155202673,30,8537.6569376322,APPROVE
34918.65621262746,1990.0452590599643,0.2414852638902248,15,1658.3710492166367,APPROVE
31943.114729701992,2900.8831910151525,0.09725034024904403,15,2417.4026591792936,APPROVE
47319.65577665061,909.1174309375424,0.08542086186156285,0,757.5978591146186,APPROVE
115936.8761096652,260.59379708746724,0.06347491507699167,0,217.16149757288937,REJECT
73389.31508154006,588.0407371736968,0.02498298871144218,0,490.0339476447473,APPROVE
15338.160284277872,1321.369609693637,0.07394816888192324,0,1101.141341411364,APPROVE
109228.48500985379,1437.0639018340257,0.010541269719298274,0,1197.5532515283546,APPROVE
46653.61578265947,13479.939992108977,0.13787539627585474,0,11233.28332675748,APPROVE
62922.09398192187,1472.8395867396196,0.04521004182025287,0,1227.3663222830162,REJECT
117387.14552667682,5497.38080124171,0.09835753751519573,15,4581.150667701425,REJECT
14924.147241628354,792.6028029223389,0.19003800901925227,15,660.5023357686158,APPROVE
35289.457256872585,919.1081926398824,0.08618869766298327,0,765.9234938665686,APPROVE
23738.093534934917,271.1319878463987,0.12127811865352106,0,225.94332320533226,APPROVE
10360.051218870116,548.1896433309583,0.09810330036667592,0,456.8247027757986,APPROVE
47923.82173858592,2514.407772422456,0.041947720774320414,0,2095.3398103520467,APPROVE
270829.6328949686,1348.1480616757872,0.09281333914855748,0,1123.456718063156,APPROVE
8332.658270787126,4142.0298594836995,0.09638297420383152,0,3451.69154956975,REJECT
35389.67929093531,1660.5757275061694,0.09679980273095637,0,1383.813106255141,APPROVE
60623.285538332304,875.2157514425459,0.036724699927553034,0,729.3464595354549,APPROVE
40073.17998900546,17595.019245326854,0.19993208062038087,30,14662.516037772379,REJECT
33173.19860616807,1193.6016651934776,0.08608264609141707,0,994.6680543278981,APPROVE
12843.933905381946,5393.857422026956,0.07506350380427458,30,4494.881185022463,APPROVE
43749.234493975906,825.4790290928031,0.02959843227139157,0,687.8991909106693,APPROVE
19822.814848039274,3130.4570093918533,0.027465972441772343,0,2608.714174493211,APPROVE
6298.473843799705,4068.516428031043,0.06737844719934889,0,3390.4303566925355,REJECT
94435.63557622863,1715.7494679595748,0.21140683449304123,30,1429.7912232996457,APPROVE
78175.27154505461,79.20468093353486,0.020285606649445443,0,66.00390077794572,REJECT
37847.824543508315,1365.5572417574729,0.08046040448508623,0,1137.9643681312273,REJECT
43619.507568265595,5848.654795626559,0.06974396688842942,15,4873.8789963554655,APPROVE
85772.55908801967,2515.915184097983,0.05284495870928732,0,2096.595986748319,APPROVE
43454.58833321957,2281.119379251214,0.10397117813998456,0,1900.9328160426783,APPROVE
74847.95317698794,169.1365854197161,0.052101156756536995,0,140.9471545164301,APPROVE
28624.384524587196,562.7687637535009,0.028865526375648754,0,468.9739697945841,APPROVE
103734.18480501662,2188.6584701127713,0.12833083989886568,15,1823.8820584273092,APPROVE
46940.14604657997,2186.100930854431,0.1317937971737628,0,1821.7507757120259,APPROVE
42414.329960389485,5738.855293266946,0.06727020635366117,0,4782.379411055788,REJECT
13147.029637759491,1122.793214202328,0.0889521433482854,0,935.6610118352734,APPROVE
45686.799476613676,2174.173368919176,0.19647173572335241,0,1811.8111407659799,APPROVE
18665.57255123103,1362.482929053014,0.06634529962763358,0,1135.4024408775115,REJECT
21793.647751663357,408.74178461329575,0.10124515260471288,15,340.6181538444131,APPROVE
18914.79118484832,89.16292460069128,0.11489372909628487,0,74.30243716724273,APPROVE
15475.479065873218,2240.8858547957575,0.06227100762918443,0,1867.4048789964645,REJECT
198752.8003867557,1646.079299382801,0.09132835727839037,0,1371.7327494856675,APPROVE
105352.93196905484,636.2584549413009,0.05591753143208199,15,530.2153791177507,APPROVE
168770.31753850158,191.40799306306184,0.043167857792921385,0,159.50666088588486,APPROVE
13652.582602369843,2844.385483036005,0.061433260737910465,0,2370.3212358633377,APPROVE
38445.733247810655,970.9848036581627,0.02907800208904717,0,809.1540030484689,APPROVE
12902.726180405532,2606.2418901461006,0.10957030153191902,0,2171.868241788417,APPROVE
20815.31094955785,12509.86914657359,0.07557847860977154,0,10424.890955477991,APPROVE
17422.16305130804,102.27833286997378,0.21332608419916524,0,85.23194405831147,APPROVE
97896.61043121142,577.029814391994,0.04958652246108278,0,480.858178659995,REJECT
26450.127495447545,1039.1560486671922,0.18672921512295107,0,865.9633738893267,APPROVE
85366.02500503966,7655.704352801617,0.2221994801760339,15,6379.7536273346805,APPROVE
58882.352789829536,187.4910824397628,0.09872034885286268,15,156.24256869980232,REJECT
229328.55715783063,13635.720527110767,0.07549262469969072,0,11363.100439258973,APPROVE
11119.377894364588,1572.5314508034128,0.07509111269646306,0,1310.4428756695106,APPROVE
99447.6438134931,1190.60172899776,0.09722185622830054,0,992.1681074981333,APPROVE
90867.0471029456,1053.363009554077,0.07844390549937132,0,877.8025079617308,REJECT
16668.84904014013,791.4757718188226,0.0229321968194027,0,659.5631431823522,REJECT
81284.17841684402,4699.235045282072,0.028622337691775055,0,3916.0292044017265,REJECT
47520.47598097315,370.62471549169504,0.20390142202196554,15,308.85392957641255,APPROVE
30273.226651912493,2022.1405852421508,0.016036400123283473,0,1685.1171543684588,APPROVE
18785.70731391915,842.5195849245574,0.041269497021202604,15,702.0996541037979,APPROVE
20429.03472632639,535.3146842243108,0.16689255177747098,0,446.09557018692567,REJECT
187184.43189788298,29750.021028879826,0.07044858755907665,0,24791.684190733187,APPROVE
36335.34562435141,2208.957113321903,0.1693503434483742,0,1840.797594434919,APPROVE
67894.07175217023,2788.707652741672,0.10416638286758721,0,2323.9230439513935,APPROVE
19288.811555910786,5233.036827032906,0.050159096780987206,0,4360.864022527422,APPROVE
19460.025050537315,242.69244241325288,0.06832933401818103,0,202.24370201104406,APPROVE
86300.25633972464,10939.82629580109,0.01908146029015866,15,9116.521913167575,APPROVE
12336.764053273615,65.80305677582288,0.0908099266750741,0,54.835880646519065,APPROVE
26051.457238533214,531.0707305744767,0.09831992391802075,0,442.5589421453972,APPROVE
37317.65913523504,770.1435293199222,0.0036578284815395367,0,641.7862744332684,APPROVE
39699.66710882704,2685.126031561909,0.02694964069885535,0,2237.6050263015904,APPROVE
31467.966534993746,1736.9340997039935,0.013577863514273859,0,1447.445083086661,APPROVE
49844.120513665715,1093.6075816905866,0.12083316208206787,0,911.3396514088222,APPROVE
63214.22314983851,1316.87672365122,0.14344620566112906,15,1097.3972697093498,REJECT
65362.89595879761,413.14031407276866,0.03514213704104216,0,344.2835950606405,APPROVE
16503.981817795015,221.5694387589736,0.0020177933075989623,30,184.64119896581133,APPROVE
28931.201305199713,3194.637346540634,0.1028879674990869,15,2662.1977887838616,APPROVE
94448.52815668359,3071.3185455796156,0.09989166347696393,0,2559.432121316346,APPROVE
74288.96870693326,8944.625760224519,0.12989468173630908,0,7453.854800187099,APPROVE
12109.09907697935,517.699206325014,0.07017282117436467,0,431.416005270845,REJECT
48107.04544337835,3068.03680664836,0.07923904988512266,0,2556.6973388736333,APPROVE
7460.813984880538,950.4797270395244,0.03229613130534133,0,792.0664391996037,REJECT
37704.99739879051,5574.650418932926,0.13259354469013385,15,4645.542015777438,REJECT
165746.30470273533,4554.040951555686,0.1516268169432615,0,3795.034126296405,APPROVE
17012.196826768246,1721.3535122582093,0.19509358807503716,0,1434.4612602151744,APPROVE
18630.244054805342,888.8946450684311,0.061436251427510434,30,740.7455375570258,APPROVE
66918.03727572504,4232.438236968852,0.0827372777548198,15,3527.03186414071,APPROVE
10569.827805194374,2903.5817349707895,0.011229210820537237,15,2419.651445808991,REJECT
21890.236097511282,587.6234928367936,0.05801303493504293,0,489.6862440306613,REJECT
58521.70031928336,271.525619801196,0.024224849843700044,0,226.27134983432998,APPROVE
21863.44453553191,944.9910213085376,0.07307589871348712,45,787.4925177571146,APPROVE
30068.21793166519,8233.047242121782,0.11642904783612787,0,6860.872701768151,APPROVE
65864.08425814123,5288.021765209962,0.10292533357344891,0,4406.684804341635,APPROVE
50880.593712783644,351.64492947115554,0.11020364182155254,0,293.03744122596294,APPROVE
44956.68353412024,329.0158769889488,0.10375153520103343,0,274.1798974907906,REJECT
27686.554482384872,6167.417838455718,0.11933645665318819,0,5139.514865379765,APPROVE
48827.49680199994,341.94565512625553,0.08105752204085967,15,284.95471260521293,APPROVE
32892.95749444507,2461.6060835282933,0.05340612498158788,15,2051.338402940244,APPROVE
52378.13372750607,637.8667773455775,0.024360562260506514,0,531.5556477879812,REJECT
24402.82979851427,9300.92202250547,0.11402857824493058,0,7750.768352087892,REJECT
31380.589767831265,530.0149152018632,0.028407259650131668,30,441.67909600155264,REJECT
16449.227028793313,5268.224845091545,0.11131496420240211,0,4390.187370909621,APPROVE
35312.55735129725,1667.7743498093469,0.14729454909529177,0,1389.8119581744556,APPROVE
18981.10536917477,1808.1305262834028,0.04310979237442452,0,1506.7754385695023,APPROVE
14894.731515919171,125.59276004065644,0.09161166990574902,0,104.66063336721369,APPROVE
44664.260449679685,95.00398928181988,0.16447258711391533,0,79.16999106818322,REJECT
43053.19920010844,1025.295126770044,0.013828433663668795,0,854.4126056417032,APPROVE
67934.47984410633,1796.6914749794232,0.050438068894631004,0,1497.242895816186,APPROVE
25721.938486267794,346.25569801276055,0.03931557645388495,15,288.5464150106338,REJECT
50334.31234332378,361.76065330466866,0.06603759028209752,15,301.46721108722386,APPROVE
56423.3330119402,2620.661544535742,0.09821801338392193,0,2183.884620446451,APPROVE
51834.90516837224,2625.0107849102205,0.11916233856496597,0,2187.5089874251835,APPROVE
18759.90303352642,1132.4351970141558,0.011036558772964018,0,943.6959975117965,APPROVE
40924.770148559415,3407.236981337018,0.0889154693010308,30,2839.3641511141814,REJECT
48596.76465771453,326.4811299636751,0.013879579460098886,0,272.0676083030625,REJECT
36524.65436218015,871.5672314465654,0.2091421982644157,15,726.3060262054711,APPROVE
6841.880319178862,9651.494317955456,0.20256579068075556,0,8042.911931629546,APPROVE
41290.66396086954,1450.1198148526507,0.06091807315701502,0,1208.4331790438755,APPROVE
213208.28516499468,1554.6254454567897,0.02229752677889839,0,1295.5212045473247,APPROVE
27227.113754638245,21259.3230556255,0.057969087024392255,0,17716.102546354585,APPROVE
20282.998903844946,249.18717178186782,0.020163258903460067,0,207.65597648488983,REJECT
48956.0799582791,3474.2411045757176,0.088747175591863,0,2895.2009204797646,APPROVE
46625.48543531743,9839.876535631614,0.08143067578941804,0,8199.897113026345,APPROVE
94295.44199816156,904.6837138964197,0.12231456928687423,0,753.903094913683,APPROVE
13275.897807494151,3747.978291172589,0.03561558393942901,0,3123.315242643824,APPROVE
65192.79280864024,411.1637322018408,0.04955918478566689,0,342.63644350153396,APPROVE
58240.58043033864,586.0095183276998,0.048936722607090796,0,488.34126527308314,APPROVE
32411.960031716135,2120.4309096130105,0.046368547176507666,15,1767.0257580108419,APPROVE
47617.2254680301,3483.1589829782934,0.08972401502561843,0,2902.6324858152443,APPROVE
82748.89877358594,5128.347296806125,0.11949933417884034,15,4273.622747338437,APPROVE
72973.5484176622,8786.477855398296,0.10806063027091828,15,7322.06487949858,REJECT
14553.467354217331,1232.1045921796965,0.1274195313899736,0,1026.7538268164137,APPROVE
69991.3225239939,5595.673636402622,0.10842228739294772,0,4663.061363668851,APPROVE
34483.944434050296,885.9398818557429,0.06011501223904519,0,738.2832348797857,APPROVE
38495.60193948279,3943.896531264045,0.19240192360097189,0,3286.580442720037,APPROVE
38505.54719182033,1713.6852789719733,0.10926880836868152,0,1428.0710658099777,APPROVE
32202.70096648383,2280.6787967320756,0.01716348044252461,0,1900.5656639433964,REJECT
94217.95030686233,2220.803521125417,0.15169626931146696,0,1850.6696009378475,REJECT
33962.95436647478,194.76016825987412,0.021675714539935706,15,162.30014021656174,APPROVE
14829.342484431374,346.703059184063,0.03276087196908739,0,288.91921598671917,APPROVE
26507.3177463027,1510.9058261038601,0.14813304992512508,0,1259.0881884198834,APPROVE
41896.4247223943,176.38692357588275,0.06825752239994307,0,146.98910297990227,APPROVE
97087.88007012557,3622.313651260853,0.03408023943565866,0,3018.594709384044,APPROVE
58834.032352303555,3801.9982644001316,0.04353551200943996,15,3168.3318870001094,REJECT
18390.17395926229,1978.352230629062,0.13765492118334519,30,1648.6268588575515,APPROVE
265176.7684498687,347.94836477996705,0.04239707819864907,0,289.95697064997256,APPROVE
44883.263279963794,6999.413463849611,0.049357992532641275,30,5832.844553208009,APPROVE
100741.44775497352,15399.151271888957,0.23149940652181888,0,12832.626059907465,APPROVE
32164.81567234121,1593.8489606583057,0.08341211781555904,0,1328.2074672152546,APPROVE
55641.655299431404,2465.271842051515,0.03485101569881247,0,2054.3932017095954,REJECT
71080.96110378111,1701.9012589989889,0.18459821907430482,30,1418.251049165824,APPROVE
96235.70959660276,2524.6505442242897,0.09808097790434069,15,2103.875453520241,APPROVE
84617.35313021076,1157.4150577730386,0.1600061118189973,0,964.5125481441987,REJECT
72966.63786056612,1281.6938715117722,0.07233310346886158,0,1068.0782262598102,REJECT
28224.074969766367,3961.0959761169943,0.09972851555065969,0,3300.9133134308286,REJECT
22985.13924802981,22296.02970096504,0.17021090819627233,15,18580.024750804198,APPROVE
47386.18494095008,248.96925768345832,0.1432385390034425,0,207.47438140288193,REJECT
76611.49868721086,1179.492954719708,0.10949296517758846,0,982.9107955997566,REJECT
30388.618911271842,324.03849638179275,0.0492914700180139,0,270.0320803181606,REJECT
85147.26557773567,9025.821331288824,0.07908102837302466,0,7521.51777607402,REJECT
116086.7919037791,659.9270798376515,0.10781062805345246,0,549.9392331980429,REJECT
17447.353683260662,236.4115056152829,0.044115134543749754,0,197.00958801273575,APPROVE
18591.568248785632,2873.365602871328,0.05275302901493719,0,2394.4713357261066,APPROVE
32457.92625550467,10835.556182704038,0.1283372825976448,0,9029.630152253365,APPROVE
46448.06727008079,2962.3328125803714,0.11262028959494366,0,2468.6106771503096,APPROVE
23869.25215634383,1708.1605345997605,0.0669249499206109,0,1423.467112166467,APPROVE
107126.12344650904,2182.844265504752,0.039282559491975004,0,1819.0368879206264,APPROVE
50983.30418636479,7297.037350745997,0.173419397480791,0,6080.864458954998,APPROVE
37479.808936450936,467.95670595204166,0.11210836077871958,0,389.9639216267014,APPROVE
11513.463640510801,1168.1754686372003,0.041032258556512095,15,973.4795571976668,APPROVE
12674.499580581123,776.0265463364199,0.22974603159257664,0,646.6887886136832,APPROVE
45469.97059939804,328.9732821693104,0.12528314161746285,15,274.14440180775864,REJECT
6594.053249695741,900.8732725388778,0.04037170586857327,0,750.7277271157315,REJECT
81642.88282391329,5047.660876473115,0.05284674895466734,0,4206.384063727596,APPROVE
31999.543770301287,2636.8425724343847,0.04581805662596809,15,2197.368810361987,APPROVE
486248.15310979093,2894.5574379185255,0.09095829184280889,0,2412.1311982654374,APPROVE
230114.6634676221,1592.6994787606602,0.04122071677769263,0,1327.2495656338835,APPROVE
31408.71699270081,2503.3958928911243,0.09130000536155106,0,2086.1632440759367,REJECT
33353.91373977737,511.1721879620401,0.1120827443056654,0,425.97682330170005,APPROVE
80536.45444920812,921.5002458409374,0.03181014784820919,15,767.9168715341144,APPROVE
141851.79408722636,1682.1365012437848,0.0667577121921146,0,1401.780417703154,REJECT
9794.504617400005,1863.9141506454544,0.05817216117669263,15,1553.2617922045454,REJECT
8698.445649607524,1961.8444054178535,0.07445244082015504,0,1634.8703378482112,APPROVE
22078.77801986889,1131.6279838622054,0.03568014388334733,0,943.0233198851711,APPROVE
57883.6399441869,849.3801308725596,0.14279570481117082,0,707.816775727133,APPROVE
54041.031110975164,59085.477561523534,0.16341907197281594,15,49237.897967936275,APPROVE
85461.14985400891,3966.1837309709103,0.0906937621732101,0,3305.1531091424254,REJECT
13908.312713490992,2193.364352764627,0.07381986008797004,0,1827.8036273038558,REJECT
5693.525378116783,1009.8577003415014,0.03827809486921873,0,841.5480836179178,APPROVE
72143.41964575925,777.3978981116185,0.042607315124362416,0,647.8315817596821,REJECT
18721.782820370492,1141.9061363884025,0.0633335688505337,0,951.5884469903353,APPROVE
7224.329518660918,1898.4812801952576,0.04815864359487663,30,1582.067733496048,APPROVE
40784.23940896589,139.8950157957772,0.1341078153978513,0,116.57917982981432,APPROVE
68496.67963371263,203.1911969270176,0.025025426661345482,0,169.3259974391813,REJECT
32937.07804102471,622.1343338739089,0.19100666528039323,0,518.4452782282574,REJECT
25177.884552281335,1712.9669956319585,0.02809268807674483,30,1427.4724963599654,APPROVE
31968.624431767526,1002.535059284145,0.044409177953804765,15,835.4458827367874,APPROVE
26998.424463479118,7872.731654477346,0.012396710755502771,15,6560.6097120644545,APPROVE
12351.864600382345,225.5493005156417,0.09887141305148023,30,187.9577504297014,REJECT
20501.543570373196,542.2896907769953,0.027138580868226243,0,451.908075647496,APPROVE
55106.55337042424,8279.393502409843,0.08122385789020954,0,6899.494585341535,APPROVE
46973.68513270003,1563.6187049854263,0.013619384121978726,0,1303.0155874878553,REJECT
41541.48497118461,3863.1029259883676,0.04347457403974251,0,3219.2524383236396,APPROVE
16381.062393917176,15660.724595324697,0.04114432194562043,30,13050.603829437247,APPROVE
31407.357831537203,581.0574339169347,0.06623121146205857,0,484.2145282641122,REJECT
6363.590002249006,1185.8768072066605,0.024663384374401808,0,988.2306726722171,APPROVE
41889.116849445,963.432690347448,0.05309285786776066,0,802.86057528954,APPROVE
113901.14092100873,127.98374985801944,0.0768567417565069,0,106.65312488168286,APPROVE
11166.732161829561,920.5200135680846,0.03788662976441786,0,767.1000113067371,APPROVE
22725.839529277135,3845.6177485732705,0.092588397129842,15,3204.681457144392,APPROVE
47253.661546548494,2555.804580013141,0.08469287657395284,0,2129.8371500109506,APPROVE
98940.5167412523,2808.2441525272097,0.0997602364345346,0,2340.203460439341,APPROVE
25372.47761225229,851.3336588102004,0.06191256676014008,45,709.444715675167,APPROVE
20872.749522191956,607.9533936208771,0.09100968989862,0,506.62782801739763,APPROVE
7516.542115061804,6127.3749872974095,0.11279979570861512,15,5106.145822747841,APPROVE
39448.46846918311,735.561631109123,0.03316855269781388,0,612.9680259242691,APPROVE
186029.5539197487,1901.3384291640698,0.07084963324626362,0,1584.4486909700581,APPROVE
45337.36335210062,1625.249341342253,0.045500387638513475,30,1354.3744511185441,APPROVE
35673.97879305405,7719.27191092256,0.016127992490411594,0,6432.726592435466,APPROVE
46988.86081252996,4286.0024009289955,0.01338985333165329,15,3571.6686674408297,APPROVE
35994.67885180069,282.33789481004163,0.0822073159462165,15,235.28157900836803,APPROVE
18950.555085490734,321.2922377280562,0.09883151086079338,0,267.7435314400468,REJECT
70166.33611969529,2676.075644740707,0.10431883913500589,0,2230.0630372839223,APPROVE
43504.045749576595,1236.7097815973038,0.08005391032228265,0,1030.5914846644198,APPROVE
36830.83207672996,773.7190059464917,0.08155492308785524,15,644.7658382887431,APPROVE
16642.370766538806,4519.5529713852075,0.05858623277803459,0,3766.2941428210065,APPROVE
103033.17941150961,1672.9873931992006,0.15192884120769864,15,1394.156160999334,APPROVE
61806.39989567753,1422.7740073873451,0.1428124137475395,0,1185.6450061561209,APPROVE
23333.91895468022,3405.711914616095,0.07913123739251612,0,2838.093262180079,REJECT
80939.71383840601,851.7423824357064,0.12835493149594163,0,709.785318696422,APPROVE
24390.36190350176,8774.786254475102,0.14599541459776538,0,7312.321878729251,APPROVE
19426.57408619598,518.9241671641119,0.04333632731489187,0,432.4368059700932,APPROVE
19776.25997222597,2938.7211614888565,0.15308934008925879,15,2448.934301240714,APPROVE
8805.61757441317,7465.250853778464,0.08119530736422405,0,6221.04237814872,REJECT
52956.91324876433,255.8676503259528,0.03885296477063164,0,213.22304193829402,APPROVE
8392.41916781679,884.8451836558302,0.16503001089298772,0,737.3709863798584,APPROVE
13592.112428536364,5260.933589436816,0.02346509208759292,0,4384.11132453068,APPROVE
6901.745245526451,5356.726630706006,0.14339652472277456,0,4463.938858921671,REJECT
33899.11699781751,1087.4819732896453,0.021058449222939,0,906.234977741371,APPROVE
32200.705195772065,553.2497873653542,0.15109167857109873,0,461.0414894711285,APPROVE
27963.154991554817,4207.13803482781,0.018781925651073908,0,3505.948362356508,APPROVE
15771.153843322347,5528.511168252571,0.20548287391559283,0,4607.092640210475,APPROVE
14217.274200449503,330.23974437384356,0.12999171062925224,0,275.19978697820295,APPROVE
52653.91589855331,315.0459585198587,0.03907175446198726,0,262.53829876654885,APPROVE
23378.18156513539,1750.6158606617905,0.03902189847835509,0,1458.846550551492,REJECT
46774.18172935933,2843.0925567067516,0.19284914736237105,0,2369.243797255626,APPROVE
17886.491660604148,933.1183155236888,0.11191088339969728,0,777.5985962697406,APPROVE
41975.869406584134,3018.6575479221133,0.09267799256972138,0,2515.5479566017607,REJECT
103014.23173515554,569.7803745668909,0.13615767883977165,0,474.8169788057424,REJECT
58042.607988258955,105.61311811359333,0.054068485313104916,15,88.01093176132777,APPROVE
26109.876858575775,803.3043193774598,0.06642275676582271,0,669.4202661478831,APPROVE
44612.0453334131,1441.2895069888198,0.14522774206605266,0,1201.0745891573497,REJECT
29955.48904506257,959.4948567890975,0.014338781848473378,30,799.5790473242479,APPROVE
36545.164118163484,332.6500347375353,0.037508679636662524,0,277.2083622812794,APPROVE
27987.441152821903,151.20494011824002,0.07201718010119822,0,126.00411676520001,APPROVE
31841.69378446475,720.9057025967134,0.08815729991007691,0,600.7547521639277,APPROVE
43030.9405009247,3922.9603260232334,0.07385499744734304,0,3269.133605019361,REJECT
16404.534021596304,6032.108122244179,0.03166863221641218,0,5026.756768536816,APPROVE
16111.634639563727,5556.2070431853535,0.02506551968699295,0,4630.172535987794,APPROVE
11958.121583513519,501.8611384674973,0.04512739161310279,0,418.2176153895811,APPROVE
10094.874677915599,334.61055013670966,0.07806372950014408,0,278.84212511392474,APPROVE
13714.018628826478,2424.4899345549984,0.03418375582387569,15,2020.408278795832,REJECT
41256.74961646938,2862.741241801975,0.08034277701888345,0,2385.6177015016456,APPROVE
17778.941739911163,2159.4707192050078,0.04711751664641948,0,1799.5589326708398,APPROVE
54769.65459995051,119.16856196258846,0.05927524501456123,0,99.30713496882372,APPROVE
37338.15477397673,472.08233321248554,0.058841885471067036,15,393.40194434373797,APPROVE
7519.061655086816,1289.2144503647396,0.06858256063433009,0,1074.3453753039496,APPROVE
61327.30575606781,2397.2481170296105,0.06451861892051612,0,1997.706764191342,REJECT
69469.21032416233,3354.9218049974515,0.04227777747552299,0,2795.7681708312098,APPROVE
16397.92137138487,1588.4581912855356,0.08834579209036378,0,1323.715159404613,APPROVE
50825.48770986334,1986.9488002397936,0.10082978261642529,0,1655.7906668664946,APPROVE
18302.65499632639,1479.1952324963283,0.09798154008252116,0,1232.6626937469402,APPROVE
39266.86456594897,3041.658351629918,0.03790732210104274,0,2534.7152930249317,APPROVE
13205.6662051566,1944.681887701251,0.0067352831297407744,0,1620.5682397510425,APPROVE
8651.73223252512,1445.6294324043524,0.1408584084439891,0,1204.6911936702936,APPROVE
26735.465217825396,968.1357819422733,0.014050277681202266,15,806.7798182852276,REJECT
32893.05574782733,1472.8647856817975,0.07403137595604596,0,1227.3873214014977,REJECT
26419.46280844684,2389.7034592814493,0.11084648720806134,15,1991.4195494012076,APPROVE
14083.730619978682,1841.5914102746356,0.16977064502280897,0,1534.6595085621964,APPROVE
26372.59680674529,2109.922738595377,0.0530416813309026,0,1758.2689488294807,APPROVE
45045.83482577702,6692.087522032604,0.11239978127608131,0,5576.739601693836,REJECT
35034.3951293567,1836.4903566412017,0.038730577620378064,0,1530.4086305343346,REJECT
42024.19590985503,613.1543400321647,0.048059866319943495,0,510.96195002680383,APPROVE
21245.658330878043,3857.3783593649505,0.04752636086929549,0,3214.4819661374586,REJECT
92723.23169687983,259.297720570783,0.05992624071413215,0,216.08143380898582,APPROVE
14172.536629691584,364.93485205049666,0.19851917993387758,15,304.1123767087472,APPROVE
53639.887370802695,1999.0585519065999,0.07892674830759873,15,1665.882126588833,APPROVE
93480.94281740903,2482.672570606599,0.09968513311737154,0,2068.8938088388327,REJECT
53355.18680410261,299.8713168503042,0.13277091760051454,0,249.89276404192015,APPROVE
30883.60125676175,843.8999372627322,0.06646208049974595,0,703.2499477189435,REJECT
23798.131844962423,645.5575153571476,0.11109699604266639,0,537.9645961309562,APPROVE
83188.9762334786,745.0142305064264,0.08972963029117337,15,620.8451920886886,APPROVE
11633.219795674722,4145.3074500479615,0.2103213015492538,0,3454.4228750399675,APPROVE
16712.305639536404,3118.8557391527897,0.032528226739638615,0,2599.0464492939914,APPROVE
26422.03995454167,1305.665682434332,0.020273454268449415,0,1088.0547353619434,APPROVE
97745.5552288909,693.85332747044,0.07616059999601817,0,578.2111062253666,REJECT
49208.12882398217,264.49842661146744,0.07775239720446063,0,220.4153555095562,APPROVE
16740.118003159077,7343.98458675186,0.009275684114403826,0,6119.98715562655,APPROVE
28332.188374953763,2718.815502302959,0.07838290258223306,0,2265.6795852524656,APPROVE
22215.4103004649,572.156172018145,0.01099559924757646,0,476.7968100151208,REJECT
20581.930429193846,3168.248860043741,0.06328638624287977,0,2640.2073833697837,APPROVE
79468.15440309416,1228.0054690444176,0.10898399098192568,0,1023.337890870348,REJECT
12119.918032303767,946.606516131897,0.0265423809976572,0,788.8387634432474,REJECT
131534.5303822082,2252.213390924072,0.09842869480532888,0,1876.8444924367266,APPROVE
70444.73299002738,548.7357561281825,0.052571944477024665,0,457.27979677348543,APPROVE
86915.29793881346,884.3979080520271,0.08596470320845327,0,736.9982567100225,APPROVE
25075.54607800376,1545.60111373991,0.1028257738469141,0,1288.0009281165915,APPROVE
32210.4890291857,733.6803736581898,0.06608690005451458,0,611.4003113818247,APPROVE
11538.892309156745,2981.9035756138564,0.09200340120133924,0,2484.91964634488,APPROVE
23867.430652467763,12585.425428648457,0.0957660824353067,0,10487.854523873713,REJECT
53902.05477278453,540.3716523275806,0.12982395593381427,0,450.30971027298386,REJECT
102421.34830760113,181.1389744777603,0.011267071756343639,0,150.9491453981336,APPROVE
14977.053566319417,120.94388842735128,0.17307291526543944,0,100.78657368945939,APPROVE
27108.300470960203,1115.2714834947362,0.08419934373071376,0,929.3929029122802,APPROVE
32175.501655585897,602.819248978531,0.038835711097851645,0,502.3493741487759,REJECT
11888.997103690946,1714.4498282635757,0.03215998621854416,0,1428.7081902196462,APPROVE
58283.79608055084,1566.3950527856505,0.041407541774227556,0,1305.3292106547087,APPROVE
20349.42092324995,195.10828089087227,0.09386327580491616,0,162.59023407572687,APPROVE
31060.36099246589,151.34383657239766,0.05787531161873744,0,126.11986381033138,APPROVE
25296.985121847098,1905.5668367892104,0.12643559759513523,0,1587.9723639910087,APPROVE
19312.912553863,1571.7257660128596,0.030304034634688982,0,1309.7714716773828,APPROVE
36111.40461041136,801.4585931081754,0.10315329863077873,15,667.8821609234794,APPROVE
30561.989333264195,182.88226860402074,0.12246287692907895,30,152.4018905033506,APPROVE
26970.897523761418,2352.148447178808,0.10319786072965108,15,1960.12370598234,REJECT
20276.760426374305,6146.845863495913,0.05502993415070543,0,5122.3715529132605,APPROVE
46892.81463528149,1864.9580439226809,0.043245804857902435,0,1554.1317032689005,APPROVE
136338.19621696934,483.20753397168755,0.1203176148492495,0,402.6729449764063,REJECT
40615.69252358744,1409.341010513402,0.05679064040029334,0,1174.4508420945015,REJECT
80571.0410643986,259.323938991474,0.06522343692033393,15,216.103282492895,APPROVE
11942.066669628925,4755.075075542658,0.05566624201584567,0,3962.5625629522146,APPROVE
41200.643388236356,1473.8423430421685,0.1298516238060083,0,1228.2019525351404,REJECT
15094.79625936291,160.07246403145413,0.12811582163630075,0,133.39372002621175,APPROVE
11141.810892825628,931.32255165218,0.021754380037195674,0,776.1021263768166,REJECT
20100.558385466553,2329.4249634248463,0.11931958874531698,0,1941.1874695207052,APPROVE
94232.41103072581,895.8363595239302,0.01585901484188004,15,746.5302996032751,REJECT
77653.55911953167,959.4306554398172,0.07446219946292994,0,799.5255461998477,APPROVE
44108.323170132375,307.39459824397227,0.10357859219126121,0,256.1621652033102,APPROVE
10655.586121622542,2636.6490522374656,0.06356560461854083,15,2197.2075435312213,REJECT
31038.246432085794,613.5439299101802,0.009159513467585442,0,511.28660825848345,APPROVE
46228.880791679374,100.45204551822644,0.15975827460063435,15,83.71003793185537,APPROVE
41790.694899129616,855.6882040663888,0.12687669672723104,0,713.0735033886573,APPROVE
8307.924798147133,4336.3773462859845,0.08083681001451466,0,3613.6477885716536,APPROVE
17814.102922326325,839.7460889520967,0.09581677690853815,0,699.7884074600805,APPROVE
34500.79991459763,10753.611054044883,0.11736985854808117,15,8961.342545037402,APPROVE
55772.30659619364,2235.4021980982084,0.03163059917225135,15,1862.8351650818404,APPROVE
6267.280096634383,2006.0536275571658,0.03465864976138957,0,1671.711356297638,APPROVE
31898.07109221768,1145.202765295864,0.06642221278366509,0,954.3356377465534,REJECT
40718.548955573395,1230.8637746199245,0.25261282777158073,0,1025.7198121832703,APPROVE
71660.11465279716,973.8979702926413,0.08717461290179958,0,811.5816419105344,APPROVE
63214.31561560706,929.5416698105796,0.08107748082119784,0,774.6180581754829,REJECT
57875.94126689037,2526.1596446478256,0.09646453590048429,0,2105.1330372065213,REJECT
19149.80084160361,434.59624656503587,0.09270426951173304,15,362.16353880419655,APPROVE
7891.948095740308,367.36000692315474,0.014720149884613086,0,306.13333910262895,APPROVE
26517.436967215148,347.08886628233057,0.020565487022127512,0,289.2407219019421,APPROVE
80927.21586789831,15555.97929408956,0.11590520538194529,0,12963.316078407966,APPROVE
110720.42640214742,2524.5709058993893,0.12815101376701082,0,2103.809088249491,REJECT
64115.36269605537,1925.2392968002312,0.07269620626870316,0,1604.3660806668593,APPROVE
51198.86578990894,375.55213482823547,0.06740228795595518,30,312.96011235686285,REJECT
49203.09065550659,2822.633710049745,0.019095987179087368,15,2352.1947583747874,APPROVE
23274.299443426426,1161.5717121220096,0.04123284745262791,15,967.9764267683413,APPROVE
32726.87108504144,1727.4776820918157,0.10765963376958392,0,1439.564735076513,APPROVE
138034.04279826442,413.83631778163084,0.06640752221196825,15,344.863598151359,APPROVE
17084.95610556666,1619.2810540217029,0.12128251321370395,0,1349.400878351419,APPROVE
132167.1954902094,803.3694225616911,0.10041284810401693,0,669.4745188014092,APPROVE
28067.77714192395,533.0853371480883,0.08616764809904139,0,444.2377809567402,APPROVE
104856.25458823203,3223.885248108616,0.03430656850993386,0,2686.571040090513,APPROVE
11784.589618464433,211.06487206544222,0.07095016056588345,0,175.8873933878685,APPROVE
58030.46213808235,2631.0714145774937,0.06828287237455735,15,2192.5595121479114,APPROVE
20142.431547653996,3037.524845699631,0.0651068292302442,15,2531.2707047496924,APPROVE
11705.174014093142,464.9093760340671,0.05387292527000188,0,387.42448002838927,APPROVE
43253.23182858975,499.206957195094,0.07752870856144228,0,416.0057976625783,REJECT
81436.38407036295,1022.2732362534757,0.1697458776953128,15,851.894363544563,REJECT
18472.65573237314,1874.0522792616653,0.05733954105095,0,1561.7102327180544,REJECT
10946.633353110094,1112.081670523399,0.2537753466996907,0,926.7347254361658,REJECT
33742.86236766738,2247.7609339172423,0.12210095223948332,15,1873.1341115977018,APPROVE
33862.102137768656,11081.036358089517,0.03918997778173885,0,9234.196965074598,APPROVE
56311.592683016235,726.4391952327799,0.0393972171109662,15,605.3659960273166,APPROVE
77627.3938254674,170.57906987600364,0.17758543073371427,30,142.1492248966697,APPROVE
34629.730496035874,3599.402745463681,0.018961590317070728,0,2999.5022878864006,APPROVE
160235.9430142312,10070.769502331654,0.052904930366672945,0,8392.307918609711,APPROVE
43450.94135160965,2140.3763192380193,0.056159071567792304,15,1783.6469326983495,APPROVE
27525.243146012985,362.17100746052233,0.07952986551526661,15,301.8091728837686,APPROVE
10004.058230654633,1151.4117430526228,0.10871221757929636,0,959.5097858771855,APPROVE
29433.017981083307,349.0400688085804,0.040137270434865056,0,290.8667240071503,REJECT
27747.20639540431,2889.5079288094503,0.05837552821158296,0,2407.923274007875,APPROVE
78295.37691661008,263.9781735463917,0.09319598901890432,0,219.98181128865974,REJECT
52574.521500414274,931.9324773000222,0.0956149474968939,0,776.6103977500185,APPROVE
14136.349003691885,400.29809836124855,0.13610290519574933,0,333.5817486343738,APPROVE
41681.11840200671,1555.581219177725,0.02261398472121283,0,1296.317682648104,APPROVE
62144.95613830015,860.7506819053674,0.11833612825046433,0,717.2922349211394,APPROVE
123306.09096796127,1651.6489490200302,0.05957967969712543,0,1376.3741241833584,REJECT
73865.64943690124,1372.2891996160954,0.1005702797351125,0,1143.5743330134128,APPROVE
66747.84715942907,408.8809646623167,0.0391643715967546,0,340.73413721859725,APPROVE
38103.78102499773,2834.63194756194,0.11797267421428287,15,2362.1932896349495,APPROVE
49545.64299154051,1260.0366978437594,0.03354258498912342,15,1050.0305815364661,REJECT
98676.67946613517,407.9644741971465,0.10749381483404483,15,339.97039516428873,REJECT
12503.677524935103,19663.644923418233,0.10924365452217798,0,16386.370769515193,REJECT
27458.980124456597,2366.4142341990405,0.05513043036592455,0,1972.0118618325334,APPROVE
19573.75663815176,1111.540581075093,0.2101830929889582,0,926.2838175625775,APPROVE
49183.94337166907,7300.224200397916,0.1176067589092736,0,6083.520166998263,APPROVE
97166.15600043537,12180.524932844453,0.04341699802765395,0,10150.437444037043,APPROVE
22525.8894880642,1122.1430799947088,0.08347819160988265,0,935.119233328924,APPROVE
5365.562554890221,2026.9589420626105,0.04581425166478315,0,1689.132451718842,APPROVE
26113.910063863736,408.2221556671352,0.09440999759217072,0,340.18512972261266,APPROVE
75416.32071008314,1119.6636493259957,0.10621309890844448,0,933.0530411049964,APPROVE
55832.081607623535,1052.0962089537204,0.04093150858080941,0,876.7468407947671,APPROVE
51151.59727927228,1667.7110681020185,0.018747635403471283,0,1389.7592234183487,APPROVE
29027.68644420965,1991.6674498673606,0.011073865732399714,0,1659.722874889467,APPROVE
13053.02792869051,2615.4960317375367,0.14959531976465146,0,2179.580026447947,APPROVE
54843.30824728474,1776.8298895555713,0.09244556012327283,0,1480.6915746296427,APPROVE
18630.858646243938,312.474777853687,0.07667310726205862,0,260.3956482114058,APPROVE
208413.08748141304,433.22376816560256,0.06425258395482647,0,361.0198068046688,APPROVE
57320.05071340548,693.4823325459965,0.042539662148985725,0,577.9019437883304,APPROVE
22822.02501206338,952.153438499081,0.018802175637520954,30,793.4611987492341,REJECT
22267.684972060353,4714.24500273481,0.17782382282834022,0,3928.5375022790085,APPROVE
33713.19675224129,330.92379516470334,0.034031310730019006,0,275.76982930391944,APPROVE
29983.37865833398,870.0205649137129,0.10697282365871053,0,725.017137428094,APPROVE
88740.08833992096,4192.390204748863,0.06677037276746074,0,3493.6585039573856,REJECT
42156.026716011314,932.2135670311848,0.03182475200091674,0,776.844639192654,APPROVE
20225.40181298403,2321.3720409547514,0.10437549104721963,0,1934.4767007956261,REJECT
164777.69610417268,1129.9904445186755,0.14403487774519583,15,941.658703765563,REJECT
37776.6575306565,1818.1137031993267,0.02028348945623646,15,1515.0947526661055,APPROVE
67176.02827517159,1015.6132075616847,0.11501739970983525,15,846.3443396347371,APPROVE
22324.02639001671,2974.685131656951,0.08693440960056513,0,2478.9042763807925,APPROVE
48556.94452913785,209.2118171897748,0.13430156551522077,30,174.343180991479,APPROVE
46578.20435121433,863.8857246670689,0.25518745415699473,0,719.9047705558907,APPROVE
8008.674665005075,1907.029584357089,0.21024752170002517,0,1589.191320297574,REJECT
182083.39736198116,2534.747244172368,0.18010085981640478,0,2112.28937014364,APPROVE
101978.32490342183,8014.102284251989,0.10000600485707756,15,6678.41857020999,APPROVE
26429.702386260873,835.6294780520495,0.1530875880933203,0,696.3578983767079,APPROVE
15035.723384519422,7885.5955122099,0.15321068767719706,0,6571.32959350825,APPROVE
47956.48379289306,605.8220614696677,0.1855256018402701,0,504.8517178913897,APPROVE
38923.68291041466,6580.0037936353765,0.04140921492969625,15,5483.336494696147,REJECT
48268.53407182321,3563.0616170529665,0.07420210628216405,0,2969.218014210805,APPROVE
42330.44799939867,446.4219635900191,0.1217979003147621,15,372.01830299168256,APPROVE
54447.53146086229,1931.1326821771545,0.04272041668961627,15,1609.2772351476287,APPROVE
115594.60441419686,1256.3072015806804,0.14208053904748144,0,1046.9226679839003,REJECT
57209.918581093974,2830.2389435303526,0.0848207558913831,0,2358.5324529419604,REJECT
15682.10607467982,1021.9716195790863,0.10616108931618827,0,851.6430163159052,APPROVE
108017.68926336877,924.006804887915,0.12179965260176479,0,770.0056707399291,APPROVE
134927.33466846205,6907.260655982391,0.04356270884790865,0,5756.050546651993,APPROVE
452093.99358712364,1186.7216088028588,0.11529097453766854,0,988.9346740023824,REJECT
14782.58050147659,3601.5575945920414,0.00382513445838943,0,3001.2979954933676,APPROVE
44103.99339545736,1019.4240856962202,0.008717390048368663,0,849.5200714135168,APPROVE
6865.890580390316,9871.536737000715,0.1112504004109737,0,8226.280614167263,APPROVE
56529.58029084384,591.9447789918917,0.05463001638124193,0,493.2873158265764,APPROVE
23422.20449520102,639.3440120371569,0.06501459612369698,0,532.7866766976307,APPROVE
169186.4492648534,8323.478408127985,0.03289930825343296,0,6936.23200677332,APPROVE
19541.741060070253,783.2713893608661,0.11159802053483377,0,652.7261578007217,APPROVE
9401.773020051849,9124.369447353985,0.1505930296394247,15,7603.64120612832,APPROVE
24909.11319940312,3895.6802986203425,0.06390259765663724,15,3246.400248850285,APPROVE
7477.17094132523,1109.6892044763676,0.0689540269611173,0,924.7410037303063,APPROVE
66229.38751619152,151.63294131277405,0.08001753681265149,15,126.36078442731171,REJECT
6959.9917152836115,1305.358431084761,0.04049547898100481,0,1087.7986925706339,APPROVE
37151.746640901765,1509.254306755955,0.05516606818467326,0,1257.7119222966292,APPROVE
6889.4776207431805,5421.220138870227,0.01819881917158049,0,4517.683449058522,REJECT
28106.65770805053,8987.154135882338,0.19220134160977642,0,7489.295113235282,REJECT
135225.97198781156,587.2380604447324,0.10506781728560269,0,489.3650503706103,APPROVE
48461.17850231746,3494.1066842723044,0.10549135993539341,0,2911.75557022692,APPROVE
18200.514029188453,3347.260383334505,0.08155046735493678,15,2789.383652778754,REJECT
35420.187638368785,4844.068035550138,0.22017930269661812,0,4036.7233629584484,APPROVE
36842.726528581225,2430.4769713235683,0.0068493619323890705,15,2025.3974761029733,REJECT
53003.025545799195,129.8549005981112,0.025003792753177476,0,108.21241716509265,REJECT
12167.373065259204,1108.6606986057593,0.1291373262188737,15,923.8839155047995,APPROVE
58340.61698704244,333.80794649663636,0.1745086087665473,0,278.173288747197,APPROVE
4173.401520864423,1047.632336632818,0.06591994681777388,0,873.026947194015,APPROVE
21940.562203900285,4330.420763814844,0.17408812871945048,0,3608.683969845703,REJECT
24572.443866595462,1926.7615323997595,0.09868604583594291,0,1605.6346103331327,REJECT
60274.32238066322,5298.208092842437,0.21967795852021105,15,4415.17341070203,APPROVE
36978.97112718313,2013.2781880861485,0.1187448640552682,0,1677.7318234051236,APPROVE
11796.39855794676,281.30058057776756,0.09579948757003401,0,234.41715048147296,APPROVE
16514.688885458007,64.87085835862369,0.06530820959130026,15,54.05904863218641,REJECT
42571.658083375514,1597.164935188414,0.12108147320189568,0,1330.9707793236782,REJECT
34089.54869830901,1033.496660004932,0.018189666263108008,15,861.2472166707767,APPROVE
22849.870120261952,413.6747428472017,0.044298556406992144,0,344.72895237266806,APPROVE
24719.136219652195,173.5840998705774,0.06729750717667524,0,144.65341655881448,APPROVE
63381.94988289552,553.2019091231034,0.15326375496496827,0,461.00159093591947,REJECT
24000.883993268773,1057.8831109469709,0.10894255985453069,0,881.5692591224757,APPROVE
33844.33826341206,2970.4486929506693,0.13299076757278105,0,2475.3739107922243,REJECT
206065.48187996208,1675.3413338265248,0.14088942505046523,0,1396.1177781887707,APPROVE
11626.635287940802,9201.2590194406,0.14650131262998395,15,7667.7158495338335,APPROVE
8254.599298702213,385.5573846920477,0.09681230976522218,0,321.29782057670644,APPROVE
67973.40004626979,3845.6025415391277,0.10759026302477755,15,3204.66878461594,REJECT
21101.207619218392,1413.9937109717148,0.10828340953388003,0,1178.328092476429,APPROVE
28153.02190249062,3074.8698555551414,0.16605443056714286,0,2562.391546295951,APPROVE
19439.74377239301,791.236626111905,0.06673775118906615,0,659.3638550932542,APPROVE
29500.423182248614,4834.008674191686,0.043753692817593476,0,4028.3405618264046,REJECT
130461.11469766079,1903.9474535027534,0.014157357489808281,0,1586.6228779189612,APPROVE
68989.02872107312,591.156581188713,0.08097260274691406,15,492.6304843239274,APPROVE
72386.76874339773,1316.8345564290466,0.048812029685526816,0,1097.362130357539,APPROVE
11696.189165339207,1002.1950027985322,0.07625967640877239,0,835.1625023321102,REJECT
14459.067577613881,2402.8935303184594,0.02131122591648159,15,2002.4112752653828,REJECT
3747.098448539829,324.3044735688081,0.07008090255250886,15,270.2537279740067,APPROVE
19005.721476001192,1289.7360505809966,0.1342773044288445,0,1074.7800421508305,REJECT
78070.11007832407,2146.9072780240153,0.03365388200905265,0,1789.089398353346,APPROVE
54915.84560834228,1389.9775510041527,0.028581284052865134,0,1158.314625836794,APPROVE
30417.98698736448,6726.057224866699,0.127519942496478,0,5605.047687388916,REJECT
35673.370784230436,3382.0666478120543,0.08695352456992943,0,2818.3888731767115,APPROVE
20929.011091320157,1324.0333843131004,0.09504735318844564,15,1103.3611535942503,REJECT
42779.19246175544,1732.7098062197654,0.08425424388989908,0,1443.924838516471,APPROVE
67017.06876299284,1904.9548162667215,0.029041002758966858,15,1587.4623468889347,APPROVE
9969.548440170212,2167.596940031987,0.1449285165721751,0,1806.330783359989,APPROVE
46153.0418623833,149.39970710303754,0.04172669849506434,0,124.49975591919794,APPROVE
76569.02470782454,930.3709262714207,0.03677189041204889,0,775.3091052261839,APPROVE
26053.822379330988,224.9972151853541,0.09822962051232445,0,187.4976793211284,APPROVE
63612.19585660258,6194.097143891204,0.12076472657442222,0,5161.747619909336,APPROVE
345146.26254496776,1241.8971921274492,0.06332481130109453,15,1034.9143267728743,REJECT
33407.167963013286,1059.3446777543356,0.03518534860581088,15,882.7872314619464,APPROVE
49744.025255319895,3918.92125728896,0.04030029288152742,0,3265.7677144074664,REJECT
20121.70441439556,2217.652901368583,0.06059930935963048,15,1848.0440844738193,APPROVE
41982.19715245588,344.83067165559584,0.09019908014359874,15,287.35889304632985,APPROVE
52481.56793520797,1227.0012604513677,0.04771973951513984,15,1022.5010503761397,APPROVE
42441.15775727027,893.560942830117,0.27528900874857676,0,744.6341190250974,APPROVE
16062.517710447384,164.67526449328196,0.15892105686164565,0,137.22938707773497,REJECT
42834.08388318275,583.5227425860038,0.07883236671306902,15,486.2689521550031,REJECT
116979.82359161328,1071.8769189065263,0.037474870331894186,15,893.2307657554385,APPROVE
51995.30014290269,1163.8325833567715,0.03104001816427541,0,969.8604861306429,APPROVE
78400.82672600634,225.5940620536164,0.1706512029076577,0,187.99505171134697,APPROVE
30043.16392268552,5320.984420488948,0.08896454870915518,0,4434.153683740789,REJECT
66165.87936064828,1181.9149444139632,0.020247899313165164,0,984.9291203449693,REJECT
45406.669138879064,1397.5536566022408,0.11628882501208192,0,1164.6280471685338,APPROVE
16971.17195509836,2160.694275799325,0.020647195168466553,15,1800.578563166104,APPROVE
46855.17796880249,518.9063388940601,0.04554774344908654,0,432.4219490783834,APPROVE
16426.36047166475,2310.0907183673016,0.11759993371125808,0,1925.0755986394179,REJECT
21888.04289329655,859.993930602877,0.06223793435912186,15,716.6616088357308,REJECT
42254.35252548207,455.55308776000567,0.1678166574190509,0,379.62757313333805,REJECT
46064.38720880048,2658.59189553328,0.11698324570736152,0,2215.493246277733,APPROVE
14025.242600200456,8001.813940866971,0.08442044067743368,30,6668.178284055809,APPROVE
84388.68578740336,3188.194841462797,0.01728258092691149,15,2656.8290345523305,APPROVE
57388.83336142208,4043.9935499630833,0.05685864190232113,0,3369.994624969236,APPROVE
20665.42414449791,715.268630503133,0.03635063504379178,0,596.057192085944,APPROVE
10614.031836239963,196.42314437038203,0.06326600887530039,0,163.685953641985,REJECT
32340.524028791086,7987.075354572562,0.11475372299787515,0,6655.896128810468,APPROVE
25418.817595041546,15722.25925694224,0.08885693658051685,0,13101.882714118532,APPROVE
39755.85344194371,8508.177472004905,0.046682232260801794,0,7090.147893337421,REJECT
27160.165388686702,892.897488907186,0.04952092536331757,0,744.0812407559883,REJECT
7288.364937255655,334.2381291714001,0.032554413313522976,0,278.53177430950007,APPROVE
26617.454116002828,371.88909184632615,0.03711298341499445,0,309.9075765386051,REJECT
28438.658438012055,177.1391932155211,0.0893238493619364,15,147.61599434626757,REJECT
60290.439415366454,1174.4562633915007,0.10437219429718742,15,978.7135528262505,APPROVE
20773.64220257847,9174.915441590683,0.051228973693191356,0,7645.762867992235,APPROVE
139098.7982905957,1127.1186057694733,0.11480816364474297,0,939.2655048078944,REJECT
7869.010158441836,1920.2341052829995,0.06985338709520035,0,1600.1950877358329,REJECT
103666.46925948407,6961.367849858337,0.15759689232324864,15,5801.139874881947,APPROVE
30349.788364417476,822.6250707710828,0.10485579091048543,15,685.5208923092356,APPROVE
72234.12783347271,15368.152921905536,0.09714802589128285,0,12806.794101587946,REJECT
38709.53330248389,14587.615524822913,0.09147990452756974,0,12156.34627068576,REJECT
90367.90307201442,1141.480405886359,0.12381316854736807,0,951.2336715719658,APPROVE
26638.436376549176,668.0571943680574,0.04033706265963755,0,556.7143286400477,APPROVE
15079.68359922004,3084.3634029336813,0.14731862494457726,0,2570.3028357780677,REJECT
113142.50731423734,880.4075946545859,0.038191870069993555,15,733.6729955454881,APPROVE
33163.842605958926,333.46857950024355,0.11070567472238489,0,277.89048291686964,APPROVE
43358.01167678388,6216.120586510112,0.09338194823953497,15,5180.100488758427,APPROVE
97518.90457186071,5751.130779368988,0.1297751911872528,0,4792.60898280749,APPROVE
15905.747586624846,1610.0633926533753,0.023457147791153158,0,1341.7194938778127,APPROVE
58477.22949888794,293.5292232727392,0.20202294011971522,15,244.60768606061598,APPROVE
22653.829621470493,305.5102732008936,0.0453175553046271,0,254.591894334078,APPROVE
32671.69923994538,1519.4292548697335,0.09988259449258648,30,1266.191045724778,REJECT
38477.278310726346,733.3108312877604,0.10300348371743773,15,611.0923594064669,APPROVE
10936.07800062742,887.2292358508562,0.10831161314780037,0,739.35769654238,APPROVE
19475.84708363841,4554.0430193559505,0.07456927256092279,0,3795.0358494632915,APPROVE
107029.34347486575,3220.300921046338,0.022073459105747883,0,2683.584100871948,APPROVE
73788.11474975353,6982.666365516978,0.09915308445073404,0,5818.888637930814,APPROVE
34540.51763543147,406.9405227251384,0.07103082863005744,0,339.11710227094864,REJECT
44112.513181998685,884.9976809260021,0.07866773144975972,0,737.498067438335,APPROVE
28698.668171330424,3321.5703316895715,0.013070582598260314,15,2767.9752764079763,APPROVE
107502.21259986708,2287.2578101984886,0.23027929036799613,0,1906.0481751654072,REJECT
30937.30257153893,8402.389142447038,0.039195299566082434,0,7001.990952039198,APPROVE
43716.18478404557,2212.8995631492776,0.03669173063731173,0,1844.0829692910647,APPROVE
90837.19482182669,12272.862854104073,0.08910226651321261,15,10227.385711753393,REJECT
19498.694861321565,2554.0516742798327,0.10925573971144707,0,2128.3763952331938,REJECT
126377.82972902608,4779.139766451647,0.1426061496927788,15,3982.6164720430393,REJECT
10674.690793586185,906.1428555897483,0.027648692277774223,0,755.1190463247902,APPROVE
133748.1328806855,1359.0749469966322,0.1965581134045607,0,1132.562455830527,REJECT
26953.259974863042,3986.0186977344247,0.058736106675765225,0,3321.6822481120203,REJECT
29906.795318656717,9255.64312184521,0.10559107421715985,0,7713.035934871008,APPROVE
8006.362868173185,3205.102166849571,0.05088141026876784,0,2670.9184723746425,APPROVE
25239.467679947127,1209.072457625343,0.15602565084215075,0,1007.5603813544525,APPROVE
15806.156186394599,6975.902175199526,0.05470552817974273,15,5813.251812666272,APPROVE
22334.39003758067,96.25881173492179,0.06316373781571803,0,80.21567644576815,APPROVE
32537.58713769162,242.43496896511076,0.14661350189321512,0,202.02914080425896,APPROVE
78138.11864346698,3027.1473167359945,0.1625919890387771,0,2522.622763946662,APPROVE
42876.65057573621,1358.783284448601,0.12250243549782931,0,1132.3194037071673,APPROVE
46450.44492247606,2762.886618287749,0.07801862798940472,15,2302.405515239791,APPROVE
15117.140159046634,1443.3238096681112,0.07990799773236748,0,1202.7698413900926,APPROVE
17950.921476156465,2650.6223501761388,0.15693244829569108,0,2208.8519584801156,APPROVE
153120.4299606861,502.76935280934896,0.156328350411212,0,418.9744606744575,REJECT
20167.731834373837,2649.1608548907684,0.031083142145804064,30,2207.634045742307,APPROVE
136621.08932478554,4405.955118477728,0.018407264245166595,15,3671.629265398107,APPROVE
29898.12477615041,5779.518372996775,0.021340171767430537,0,4816.265310830645,APPROVE
36382.03358397198,14968.15256407037,0.1678711044174178,15,12473.46047005864,REJECT
85501.75048157132,1790.6483486590187,0.06379106023313108,0,1492.206957215849,APPROVE
100459.90157405072,1855.8687814974082,0.05252316111314209,0,1546.5573179145067,REJECT
33234.70538303616,214.77864722687775,0.04935897979288637,0,178.98220602239812,APPROVE
26619.66632661144,706.0748315970618,0.1960612388968011,0,588.3956929975515,APPROVE
34726.683285157145,1059.6738151547731,0.1677188979600891,15,883.0615126289777,APPROVE
47589.43313368904,4711.673207774383,0.07369467740580224,0,3926.394339811985,APPROVE
74090.52604717268,641.7594584039839,0.11803972705297189,0,534.7995486699866,APPROVE
36438.5983922888,3473.8644607248916,0.1058318719246762,0,2894.887050604076,REJECT
59582.014562029595,1333.375327615946,0.0540107364495314,15,1111.1461063466215,APPROVE
134684.1633654717,1080.104601715164,0.10219888426390128,15,900.08716809597,APPROVE
49268.86849166404,1800.9825750309171,0.05853879022583677,15,1500.818812525764,REJECT
46598.43728076126,835.4974202031414,0.14717546774220183,0,696.2478501692844,APPROVE
10773.787072174857,798.3684512864637,0.06978961881865695,15,665.3070427387197,APPROVE
4426.727561084334,172.7200058467906,0.09290684701570194,0,143.93333820565883,APPROVE
49548.168845504944,992.145587602489,0.06904248534315216,15,826.7879896687408,APPROVE
33662.529550821986,751.0356582238911,0.08260121850317949,0,625.8630485199093,APPROVE
24056.821175194073,719.2706552544536,0.12048887148626894,15,599.3922127120446,APPROVE
44126.86957673806,2203.1921877742466,0.06899910926289991,15,1835.993489811872,APPROVE
34602.354803772265,2944.7324714739434,0.13906151924710905,0,2453.943726228286,REJECT
89520.61388741272,1765.251253646206,0.11712310060083024,15,1471.042711371838,REJECT
38905.41389522869,4411.248943752095,0.12286689471941635,0,3676.0407864600797,APPROVE
19979.48691501972,2665.3461564166787,0.0818156694207924,0,2221.1217970138987,APPROVE
80188.30747690996,937.6225593178426,0.09140950927982606,0,781.3521327648688,APPROVE
30524.811999061607,766.6170272967378,0.11710295733493335,15,638.8475227472815,APPROVE
55338.78771293252,1944.5805769472436,0.03333459033692907,0,1620.4838141227028,REJECT
24786.92152147168,2659.611767053715,0.045315414459692394,15,2216.343139211429,APPROVE
21593.302833739806,7149.717149848098,0.02669466357945603,0,5958.097624873415,REJECT
38844.99754359908,5579.322102198857,0.10156516485339648,0,4649.435085165714,APPROVE
36690.124653959174,697.6009951986712,0.057310242922040226,0,581.3341626655593,APPROVE
53309.062737230015,1182.0522135058686,0.04275176340794592,15,985.0435112548904,APPROVE
29292.400634439906,2988.826973661409,0.07311596850144078,0,2490.6891447178405,REJECT
8357.47956334188,4812.693765163949,0.03448642854597695,15,4010.5781376366244,REJECT
25688.042574297397,4122.348356700617,0.027466425477069175,0,3435.290297250514,APPROVE
68531.91126908585,1237.3923584740637,0.04927509447254605,0,1031.1602987283864,APPROVE
28626.814760837853,296.66030324490004,0.05530625537260137,15,247.21691937075002,REJECT
29818.768151392662,402.9011536308392,0.09411698892797364,0,335.7509613590326,APPROVE
79945.56181587961,1853.0257529948658,0.024890770841892132,0,1544.1881274957213,APPROVE
20545.997214304753,2014.4180068526148,0.08670817969303629,0,1678.681672377179,APPROVE
10569.813404589608,357.451489379949,0.01600743864676149,15,297.8762411499575,APPROVE
31936.189229932697,1409.370514504947,0.1428762325227502,15,1174.4754287541225,APPROVE
24653.171661446668,2849.4581585257165,0.05566761667117023,15,2374.5484654380966,APPROVE
16764.233610523104,335.607699894824,0.045718006531186205,0,279.67308324568666,APPROVE
31561.624129526972,5031.188659395959,0.14853622671024444,0,4192.6572161632985,APPROVE
53809.45734578053,849.270315741172,0.027114517666252218,30,707.7252631176433,APPROVE
36046.6477954436,6042.36422365188,0.0923348758039669,0,5035.3035197099,APPROVE
46424.60408594952,704.3475913867118,0.17275112682821278,15,586.956326155593,REJECT
154929.60923945546,389.7339502723182,0.0709749483208581,0,324.77829189359846,REJECT
27603.473928352374,770.9708148351018,0.038943477894647166,45,642.4756790292514,APPROVE
45373.29103492529,1191.8203930646202,0.031829903459853585,15,993.1836608871836,APPROVE
24164.24426694463,838.1851500683781,0.08644166555125907,0,698.4876250569818,APPROVE
18451.7080808325,1030.9265099507197,0.06998566871854864,0,859.105424958933,APPROVE
22744.391744550147,1994.548696854317,0.009068893172613054,15,1662.1239140452642,REJECT
24760.208380643584,1087.8947256812862,0.07822234092603467,30,906.5789380677385,APPROVE
48415.75895910475,1234.0787684848551,0.08646008813751264,30,1028.3989737373793,APPROVE
237817.9227391364,171.80209913612316,0.04810763855579168,0,143.16841594676927,APPROVE
20479.204814432014,2137.628949448183,0.12491508485234595,0,1781.3574578734858,APPROVE
26022.055750742904,1200.3529887067496,0.004721342934329536,0,1000.2941572556247,APPROVE
34527.16172051017,9225.867326162343,0.09010915572793887,15,7688.222771801952,REJECT
49843.28583555112,432.6532964804028,0.11840856913619265,30,360.544413733669,REJECT
44839.31719861622,152.54513398338005,0.13810784810568655,0,127.12094498615004,APPROVE
101445.46426221222,2804.8268856936174,0.08130711884913973,0,2337.3557380780144,APPROVE
5212.872589600869,2024.8427637226764,0.05467293472217214,0,1687.368969768897,APPROVE
5380.066985116461,398.3357658314065,0.07584148217768677,0,331.94647152617205,APPROVE
24423.412071990664,213.09033014553984,0.03283434515691195,0,177.5752751212832,APPROVE
87364.13738512322,8453.120852544174,0.048188801677222906,0,7044.267377120145,REJECT
10378.39556280652,7290.645563413954,0.04721075555054075,0,6075.537969511628,APPROVE
3274.4137625508542,67.52289979447822,0.0951501799745203,15,56.26908316206518,APPROVE
57350.883335466446,770.8912182909693,0.013432327259334399,0,642.4093485758077,APPROVE
44131.35378347294,9842.306596073833,0.0934553063345588,0,8201.92216339486,APPROVE
15181.506289140978,754.5638028135764,0.03286565948625568,0,628.8031690113137,APPROVE
16507.470573006118,741.5037554074321,0.15710063692778192,0,617.9197961728601,APPROVE
16717.39418464717,951.5609237498202,0.09269948878250046,0,792.9674364581834,REJECT
39673.08408435325,348.0473516522009,0.014859473655881923,0,290.0394597101674,APPROVE
22003.301275355676,172.7221119857038,0.09309072176306542,0,143.93509332141983,APPROVE
53919.69748776936,4724.28582278899,0.14613392499813768,0,3936.904852324158,APPROVE
3700.7791948984955,146.3338447841066,0.08873377381752395,0,121.94487065342214,APPROVE
18297.47786776686,1797.4794366120373,0.046531240824672,0,1497.899530510031,APPROVE
14752.337610387189,3871.1631573301383,0.08648615901785352,0,3225.969297775115,APPROVE
29582.18074866335,234.1456478229852,0.13469679484550473,0,195.121373185821,APPROVE
23613.215030339205,440.6684699437278,0.22232922649984171,0,367.2237249531065,APPROVE
68752.956890246,5728.619943111755,0.13449066528385023,15,4773.849952593128,APPROVE
8205.259110998619,2532.3043343406016,0.1253723753007284,15,2110.253611950501,REJECT
37661.4830368212,636.9378338587622,0.08962521748775103,0,530.7815282156351,REJECT
56764.654924952345,5653.972706996923,0.028837155222828634,0,4711.643922497436,APPROVE
160382.67369939122,5683.132039526143,0.09809496492155984,15,4735.943366271786,REJECT
24700.708912749065,1845.0804108192988,0.052757498446885744,0,1537.5670090160822,REJECT
47078.27323650249,453.60312129766527,0.14767623554665127,0,378.0026010813877,APPROVE
8577.602855284811,813.443493145619,0.040059626472752886,0,677.8695776213491,APPROVE
5358.476810586979,1883.861615139379,0.08336519262924134,0,1569.8846792828156,APPROVE
71383.3195028105,1065.395224404285,0.15795306544515503,15,887.8293536702375,APPROVE
36154.321538718796,4122.287558430684,0.07665986418340959,0,3435.23963202557,APPROVE
93228.63088536303,213.08390554202583,0.1536525665225623,15,177.56992128502154,APPROVE
12103.83579045503,222.3602183667884,0.10859143421073078,0,185.30018197232366,APPROVE
55045.84770605009,1659.8130271914724,0.22977568449355532,0,1383.1775226595603,APPROVE
161951.837792404,740.6747613874272,0.06206225022771515,0,617.228967822856,APPROVE
50805.733261959525,629.5193359461024,0.021606881048745145,0,524.599446621752,REJECT
45309.19198544087,160.09171087603153,0.030177499903722264,0,133.4097590633596,REJECT
36564.93004955556,1367.6783151191794,0.021878324274406894,0,1139.7319292659827,REJECT
10335.03474822387,1254.018880632195,0.06029529032732665,0,1045.0157338601625,APPROVE
107415.34721515843,2926.5797090444703,0.08225580838714838,0,2438.816424203725,APPROVE
22277.085835475187,1451.136420533531,0.11413171870857186,15,1209.280350444609,APPROVE
54371.02189192892,1139.4375165830036,0.09585396577919962,0,949.5312638191696,REJECT
10400.119284664815,5485.237497112573,0.0745778976681945,0,4571.031247593811,REJECT
14135.325084229284,276.5672866926479,0.2520527771435805,0,230.4727389105399,APPROVE
114470.21296765708,2542.9547456856235,0.08272910923734061,0,2119.1289547380193,APPROVE
27505.96498925974,179.83473841648097,0.10828901368758555,15,149.86228201373413,REJECT
116147.9839596076,488.52011661076244,0.04701126672183781,0,407.1000971756353,REJECT
34112.37404789701,311.7577200536855,0.10098695613703133,0,259.79810004473785,REJECT
8320.534559021531,3414.362060903124,0.02992699384045899,30,2845.30171741927,APPROVE
74135.81885030272,1235.1190321082381,0.012693848717947242,0,1029.2658600901984,APPROVE
22653.87381836103,1314.499170977247,0.06705307623606302,0,1095.4159758143726,APPROVE
63509.89825811666,354.01359690439807,0.04651868105350492,15,295.01133075366505,REJECT
37055.374985402355,932.4193985272731,0.0637022771468138,0,777.0161654393942,APPROVE
10567.150065195332,534.4598138293885,0.06639332047107013,0,445.3831781911571,APPROVE
41416.54891948638,2116.5886088522143,0.03126603523471577,0,1763.8238407101787,APPROVE
210444.76817775855,406.7120920600493,0.03840017442584344,0,338.9267433833744,REJECT
53873.240439206624,6589.074287033339,0.04124483456378499,0,5490.895239194449,APPROVE
34682.336355891355,178.8805683903691,0.06870341506355117,15,149.06714032530758,APPROVE
85842.94816198492,507.54790881082675,0.002734914008090721,0,422.9565906756889,REJECT
42981.91703524955,9997.15187555855,0.041661720750829974,0,8330.95989629879,APPROVE
42942.93345085919,792.5443049207048,0.07567470750822206,0,660.4535874339207,APPROVE
15164.30913094267,275.768159173027,0.129075660211585,0,229.80679931085584,REJECT
43786.39451645699,1737.6706388923417,0.047006106629369195,15,1448.058865743618,APPROVE
83146.11270468208,755.1710020225412,0.07855831141205065,15,629.3091683521176,REJECT
18604.342093050545,489.98295278461,0.08666306938620676,0,408.31912732050836,REJECT
113504.37449846328,358.65823164099055,0.10264613009068418,0,298.88185970082543,APPROVE
33746.607768422764,37029.24310895981,0.015592195466094992,15,30857.702590799843,REJECT
17850.457029421435,987.871498246033,0.04959631508983466,0,823.2262485383608,APPROVE
80668.67892704679,132.52006588562182,0.08755920470359048,0,110.43338823801817,APPROVE
28870.18300036187,8021.386913862331,0.06834515074272998,0,6684.489094885276,APPROVE
66676.77097410518,2781.373065314628,0.030641598772213393,0,2317.81088776219,APPROVE
28755.75195438485,532.5384969872696,0.07317679872091729,0,443.7820808227246,REJECT
34618.34715761284,436.01297434686694,0.11764150938715973,0,363.3441452890558,REJECT
53897.97375222861,2997.645009051164,0.26695419004225335,0,2498.0375075426364,APPROVE
45831.07557713075,993.3796467789853,0.14117682862137687,0,827.816372315821,APPROVE
7358.229131495437,132.4548092347238,0.09121632209618538,15,110.37900769560315,APPROVE
14809.216581535082,11408.373297285734,0.06820891210772735,0,9506.977747738112,REJECT
76383.95865290107,793.6371384730733,0.1276760641588998,15,661.3642820608943,APPROVE
32672.555687303808,8039.329721980696,0.06039097485175939,0,6699.4414349839135,APPROVE
23885.215729310174,6195.241996923702,0.13282136883250348,0,5162.701664103084,REJECT
12248.279875588853,401.90006115769893,0.040293545946194206,0,334.9167176314158,REJECT
15309.226165312595,4615.81045271613,0.03225754132126203,0,3846.5087105967755,APPROVE
7205.220329363862,611.3586938129937,0.06493864707847136,0,509.4655781774947,REJECT
33489.104464273725,142.21986466150025,0.02727945988316979,0,118.51655388458353,APPROVE
22499.53532000812,802.6326263102384,0.06530104968231068,0,668.8605219251987,APPROVE
16759.653292410443,2152.919074068482,0.06767542009545502,15,1794.0992283904018,REJECT
34389.31758671916,766.727094771591,0.08383812423565824,15,638.9392456429925,REJECT
48590.16896143793,924.2262471533252,0.0843207513385508,0,770.1885392944376,APPROVE
193795.42004250837,5269.517919209188,0.006978058322114189,0,4391.264932674323,APPROVE
10834.527066677892,1518.089147772501,0.07431662133377073,0,1265.0742898104174,REJECT
91812.60115210744,485.63481571783115,0.1884758164788967,0,404.6956797648593,APPROVE
79101.03582573644,3102.151851797822,0.09180787646700878,15,2585.1265431648512,APPROVE
19471.863565457334,1693.62348621232,0.026256435441647463,0,1411.352905176933,APPROVE
42727.10450097196,64.81189460623003,0.2090803009318635,0,54.00991217185835,APPROVE
25182.218277722797,2233.7529866554255,0.06732253163792361,0,1861.4608222128545,APPROVE
42131.49603597956,2137.964220185846,0.11727889928109385,0,1781.6368501548716,APPROVE
121455.69325926228,1368.6228065193313,0.08148922523208028,15,1140.519005432776,APPROVE
58952.362771575274,3895.0258861960206,0.0762395458898317,0,3245.8549051633504,APPROVE
54550.74773973274,596.179982664789,0.03725431385266965,0,496.8166522206575,APPROVE
25738.740389511073,2000.6244855731738,0.027955133418224674,15,1667.1870713109781,REJECT
11078.423514136075,203.78462199861704,0.038017207359083593,0,169.82051833218085,APPROVE
30737.092578466305,2177.479658669328,0.0393672685367405,0,1814.5663822244396,APPROVE
95347.7986668571,13920.064140242415,0.05858067517398849,0,11600.053450202011,REJECT
10702.854009334698,404.87860605687155,0.05219924966618416,15,337.39883838072626,REJECT
15614.082423063594,536.8143665508649,0.17544430119500956,0,447.34530545905403,APPROVE
40175.56238891471,569.8632247959475,0.1405230457259419,0,474.8860206632896,APPROVE
16519.159567158753,1561.5165539314019,0.08537088551992147,0,1301.2637949428347,APPROVE
19263.76679526655,373.0719810012549,0.19975948568786353,0,310.8933175010457,REJECT
25877.292731359405,2214.7875450769166,0.2024915539471823,15,1845.6562875640968,APPROVE
12179.458433017404,3690.8897829929106,0.06843188975218539,0,3075.7414858274255,APPROVE
16658.94391119365,2536.731101260837,0.04342725764831903,15,2113.942584384031,APPROVE
63751.13924876428,160.02281458745526,0.11826182383981554,0,133.35234548954602,REJECT
12760.428964168139,4409.938863515048,0.06752680816229979,15,3674.9490529292066,APPROVE
10114.267121996567,4114.4308978185945,0.12988856981009855,15,3428.692414848829,APPROVE
21938.097501499084,3617.753578692431,0.09627086138882122,0,3014.7946489103592,REJECT
65222.801432947155,2089.8040934894834,0.10303135483330644,0,1741.503411241236,APPROVE
31022.330212886187,1740.0029438102476,0.15286134086765554,0,1450.0024531752063,APPROVE
25042.63715868869,4611.378820972659,0.08608454517364594,0,3842.8156841438827,APPROVE
37627.37180279788,13435.168893528209,0.05723797391031773,0,11195.974077940175,APPROVE
8986.098523782508,425.7134004525655,0.0741556668705258,30,354.76116704380456,APPROVE
53947.38631171958,4871.5399712807875,0.03044434969652544,0,4059.61664273399,APPROVE
49352.71335048426,1204.6620972697972,0.09238374579373133,0,1003.8850810581642,REJECT
26174.821617581965,1143.4522382703947,0.09883201408778092,0,952.8768652253289,REJECT
81205.60975670195,211.36322068034337,0.04583392231203274,15,176.13601723361947,APPROVE
14735.327498824614,949.2456490994039,0.10711155926741368,0,791.0380409161698,APPROVE
89529.8344569137,403.71006419889653,0.046121864031843665,0,336.42505349908043,REJECT
41093.076548072546,765.6993441627187,0.13795314827771757,0,638.0827868022656,REJECT
27743.52970204712,357.66301580622843,0.16047285685525348,0,298.052513171857,APPROVE
35742.691430266714,779.5562458636458,0.24381169754316226,0,649.6302048863714,APPROVE
33329.16729533071,820.6383217411433,0.08160756652151532,0,683.8652681176194,REJECT
96396.61030162284,1500.4507007601528,0.05789727742862347,0,1250.375583966794,APPROVE
15346.714607510305,192.42665579268666,0.20770485269695482,0,160.35554649390554,APPROVE
19731.756238871345,235.75499988569754,0.07816349723795563,15,196.46249990474794,REJECT
83203.30201133332,2062.5781984344967,0.06609973960838116,0,1718.8151653620805,APPROVE
22551.842566367282,513.1094455262158,0.056077880837386164,0,427.5912046051798,APPROVE
74639.59891139736,4850.565889060039,0.19792250606580844,0,4042.1382408833656,APPROVE
141428.38945983045,1750.6432545791704,0.15404212672912593,15,1458.8693788159753,REJECT
26332.625915364162,2767.0290743131573,0.13244354659569635,30,2305.857561927631,REJECT
62635.64858765262,7260.802881997279,0.24890493012103504,0,6050.669068331065,APPROVE
14429.733381664788,921.2780887276288,0.07759818159337215,0,767.7317406063572,APPROVE
66422.20142931287,670.5047993118117,0.1987165145049145,0,558.7539994265097,APPROVE
42597.003473655386,3802.6672588885544,0.1317992953384933,15,3168.889382407129,REJECT
53020.32585583224,2462.2508338946964,0.06909667317681328,0,2051.8756949122467,APPROVE
21666.928448425213,1067.0131070216905,0.07858320836249491,15,889.177589184742,APPROVE
9615.515469384225,7095.133938963918,0.21940303411921747,0,5912.611615803265,APPROVE
54317.49533902678,1035.5849707783277,0.04537123260148266,15,862.9874756486064,APPROVE
6969.351640762725,1389.5611711525744,0.14757243395574174,15,1157.9676426271453,REJECT
28173.00717660075,1370.4330832218295,0.024504957485188793,0,1142.0275693515246,APPROVE
77106.7028707172,435.2420151854415,0.19361630604728244,0,362.70167932120125,REJECT
42341.297487245334,1466.3291421319739,0.04504323069098676,0,1221.9409517766449,APPROVE
172589.99953511189,7140.421733345291,0.07012307376250541,15,5950.351444454409,APPROVE
82461.54331968355,2278.7376024134355,0.06719815090174701,0,1898.9480020111962,REJECT
21523.083500262455,1386.7123637681123,0.03285617426920713,0,1155.5936364734268,APPROVE
37117.75493823,1100.2516106747032,0.08399355182107224,0,916.8763422289194,APPROVE
34965.02090300927,1987.1472392575147,0.11840939559972495,0,1655.9560327145955,REJECT
10242.065521362345,3285.042476225576,0.023406296108472474,15,2737.5353968546465,APPROVE
17114.491963282846,2775.2649638023067,0.08888308865833074,0,2312.720803168589,APPROVE
23188.025320300876,897.1087326420726,0.06037681439754618,0,747.5906105350605,APPROVE
7122.56788731538,1972.6889098831705,0.08007563312957842,0,1643.9074249026419,REJECT
37721.84975320347,2376.4013780802306,0.16063166089337913,0,1980.3344817335255,APPROVE
29754.704242679654,398.92798902740554,0.11403899785873169,0,332.4399908561713,APPROVE
9525.09219250053,1634.8258377870245,0.04591363950462226,30,1362.3548648225203,REJECT
50179.92334014541,99.86809281960387,0.06061474945304864,0,83.22341068300322,APPROVE
64389.006806110396,2383.810075730705,0.16382295057693688,15,1986.5083964422545,APPROVE
43548.37129578678,2950.7851677555773,0.06362661311541513,15,2458.987639796314,APPROVE
28022.007423074963,3276.3007931199604,0.030441227858802513,0,2730.2506609333,REJECT
58288.128359243514,831.6059280140489,0.019125592740962077,0,693.0049400117074,REJECT
62578.45248823182,1935.7906158834294,0.13982729956811252,15,1613.1588465695243,APPROVE
46440.29814408162,7377.2743614198835,0.14438878339091513,0,6147.728634516569,APPROVE
18775.53928244265,7287.665095057368,0.01921704112480621,0,6073.05424588114,APPROVE
45309.89011195431,1290.0131201128077,0.0885335946840003,30,1075.0109334273395,APPROVE
94502.77901923416,1579.0812410490055,0.10127776782338288,15,1315.9010342075046,APPROVE
22532.111603435707,5067.020649138061,0.09516174240507605,0,4222.517207615051,APPROVE
194531.9063088148,220.62236597468356,0.14976749928934632,15,183.85197164556962,REJECT
23848.944815753355,906.6205594613068,0.019919393461506098,0,755.5171328844223,APPROVE
37269.31491656602,6634.9038388705485,0.03311888298804512,0,5529.086532392123,REJECT
21205.408015400084,4305.530151054728,0.032034564653624545,0,3587.941792545607,APPROVE
43417.44807769146,2080.8493697534223,0.07686654806009215,0,1734.0411414611851,APPROVE
9011.192059407644,219.29459765169423,0.04952638467733941,0,182.74549804307853,APPROVE
23462.684886445197,1258.3072286505567,0.101355980519495,0,1048.5893572087973,REJECT
15158.292784890347,658.2049990458739,0.0011253993292753,15,548.5041658715616,REJECT
40468.15624676611,1987.557129239074,0.017622127518859363,0,1656.2976076992281,APPROVE
80463.41599403557,505.8291101416622,0.15047643113538606,0,421.52425845138515,APPROVE
60888.825631315536,390.15606784478166,0.09660152008387653,15,325.130056537318,REJECT
5446.195177676593,112.1207677430949,0.04228445026752978,0,93.43397311924575,REJECT
186028.6033534431,5788.222502096287,0.052512829889271764,0,4823.518751746906,REJECT
45992.055429295935,826.9053951648237,0.1999248502785406,0,689.0878293040197,APPROVE
19512.307271733862,1613.2238504506975,0.07688626690586367,0,1344.3532087089145,REJECT
41179.76752353603,1332.3894220083503,0.06983992266620549,0,1110.324518340292,APPROVE
41812.551894845965,371.1083941493777,0.13635325957581435,0,309.2569951244814,APPROVE
21301.249808653978,294.8707171310443,0.03221736724591985,0,245.72559760920356,APPROVE
42545.66862503056,399.8289200763763,0.07733538251072737,0,333.19076673031356,APPROVE
22337.500233115727,560.9393450913785,0.0792159683379099,30,467.4494542428154,APPROVE
26278.605442797776,2074.2240344482216,0.10010678618089351,0,1728.5200287068512,APPROVE
20972.696233794624,514.1698769635711,0.20903840273001478,0,428.4748974696426,APPROVE
11543.32894086404,10863.932807682582,0.010555216524200408,0,9053.277339735485,REJECT
40809.45918017745,4582.482450726063,0.08959321132797429,15,3818.735375605052,REJECT
58002.39311107097,3524.3326092252473,0.04505973386160447,30,2936.943841021039,APPROVE
54825.290769270905,1157.2759737572112,0.056018125470958705,0,964.3966447976759,APPROVE
69978.28104544398,8221.860411462258,0.15382423122341832,0,6851.550342885214,APPROVE
47073.814406883896,1028.4500578363607,0.09529970052235363,0,857.0417148636338,APPROVE
23713.96991663933,1286.7838052812324,0.03797037571714524,15,1072.3198377343604,APPROVE
71092.07106822456,1638.2507810939842,0.07348164929081388,0,1365.2089842449868,APPROVE
12258.636256734158,3101.380319284912,0.02039509945243894,30,2584.483599404093,APPROVE
17667.161165775477,2868.959219830857,0.022373355171049325,15,2390.799349859047,REJECT
16791.69911290858,755.4129647348171,0.02554218131473747,15,629.5108039456809,REJECT
86167.19771768646,704.7354214812776,0.11188662490315555,15,587.2795179010647,REJECT
77205.873236499,2879.2883894097286,0.08596236545607676,0,2399.4069911747733,APPROVE
53628.94337386255,3151.7048501306544,0.1689492835443383,0,2626.420708442212,REJECT
85608.84550838568,833.299863197439,0.05263911801417373,0,694.4165526645324,APPROVE
17972.062971848143,198.89742178180174,0.13524275566488872,0,165.74785148483477,APPROVE
47996.150842282004,1041.7274166606398,0.029042258158919115,15,868.1061805505332,REJECT
32855.04067325029,2823.2553161655705,0.12595390490626285,15,2352.712763471309,REJECT
71503.78634169788,11659.949428418391,0.16181950904032155,30,9716.624523681992,APPROVE
33117.615626635554,317.3056015392649,0.06931935757648207,15,264.4213346160541,APPROVE
26690.038617078073,800.734477707789,0.025362512061985355,15,667.2787314231574,REJECT
55978.71537334786,837.2566323031397,0.03508618456932511,0,697.7138602526164,REJECT
73198.87520306419,6797.98357651203,0.03461267930234404,0,5664.986313760025,APPROVE
21275.763587940684,1281.1137636911924,0.09619227874647676,0,1067.5948030759935,APPROVE
34583.75917759722,449.71904159269036,0.20189294077663017,0,374.7658679939086,APPROVE
15572.276940459387,2611.9418996207028,0.017566709553470745,15,2176.6182496839187,APPROVE
4922.39847690812,822.0890174739961,0.09730583481109073,0,685.0741812283301,APPROVE
42632.31041130299,307.4001069358449,0.03348651657783004,0,256.16675577987075,APPROVE
59108.16118656432,457.6418714959857,0.08817626835063135,0,381.36822624665473,REJECT
44786.11544522716,10702.849060173636,0.08034998665045871,0,8919.04088347803,REJECT
7633.873219331584,2118.505090589372,0.09402825162870836,0,1765.4209088244763,APPROVE
27428.02160050657,1520.3973186764833,0.09847887851510566,0,1266.997765563736,APPROVE
6156.857572061474,989.8391191672923,0.10304930892269987,0,824.8659326394103,APPROVE
108636.30014646346,1896.9327480149368,0.14290966690347434,0,1580.7772900124473,APPROVE
15232.03925709402,1870.0081015313394,0.11715273274169367,15,1558.3400846094494,APPROVE
99143.43188897963,1896.9782432794946,0.0865806046186411,0,1580.8152027329122,APPROVE
77396.41300871865,1533.3789070235348,0.1535997303735952,0,1277.8157558529456,REJECT
17668.30645861843,3789.437662178688,0.13570632344993616,0,3157.86471848224,REJECT
14673.112832551373,1373.531064349595,0.09048787330557757,0,1144.609220291329,REJECT
48064.35750065324,413.18205391433435,0.10686873949200104,0,344.31837826194527,APPROVE
18481.782020983763,640.6654731460021,0.07454157083009044,15,533.887894288335,REJECT
39418.38905656008,124.28688409632467,0.21132099737539212,0,103.57240341360388,APPROVE
24679.739610964934,15208.2822948628,0.07830727851572175,0,12673.568579052333,APPROVE
8734.82570232029,3762.054201361073,0.046838628145468846,0,3135.045167800894,APPROVE
6097.447894709287,493.40498768522957,0.06319443596019322,0,411.17082307102464,REJECT
43536.171435207645,952.6057150100268,0.15159025440812765,0,793.8380958416889,APPROVE
23173.248325924123,622.1387495993946,0.10287954431678163,15,518.4489579994955,APPROVE
23330.764803839218,8505.527801167456,0.025595103568753847,0,7087.939834306213,APPROVE
63366.5292540836,243.12174105475606,0.10285519507555334,15,202.6014508789634,APPROVE
92851.23069081192,1532.7000192869273,0.047723363812578364,0,1277.2500160724392,APPROVE
29201.174875537235,1172.837723479136,0.22936716037042953,0,977.3647695659466,APPROVE
27653.872032062292,3603.357266362744,0.016892787890239954,0,3002.7977219689533,REJECT
54182.56336259948,1179.2145187550123,0.043956642808904094,15,982.6787656291768,REJECT
12264.34491376819,161.99480308886137,0.15729468138800695,0,134.9956692407178,REJECT
43413.35726406735,988.3861934536822,0.11514109494232795,0,823.6551612114017,APPROVE
56472.483311039956,416.0561576386238,0.1039296226493302,0,346.71346469885316,APPROVE
62578.94550529719,1469.8422526231677,0.05065168397934617,0,1224.8685438526397,APPROVE
7712.501309462182,7468.334918697956,0.10595770192551279,0,6223.6124322482965,REJECT
19750.13852350148,165.68768720676303,0.025505494484884247,15,138.07307267230252,APPROVE
17986.72739133228,511.39773024255504,0.13010216919169482,0,426.1647752021292,APPROVE
39336.55678281906,688.2714864288083,0.05895787576147389,0,573.5595720240069,APPROVE
53348.207848059414,845.1022217367325,0.0034170589218504325,0,704.2518514472771,APPROVE
120254.82669001655,3247.256301765118,0.10582870201527621,15,2706.0469181375984,APPROVE
24441.251419182623,1084.8115952138019,0.0346059593430446,15,904.0096626781682,REJECT
24390.329514605448,2200.3642148979457,0.09346463888495576,15,1833.636845748288,APPROVE
91102.2348793985,630.4836697084418,0.11638769939078152,0,525.4030580903681,APPROVE
46039.80147541508,1760.448916158386,0.09088819508165179,15,1467.0407634653218,APPROVE
100119.64591670145,3397.4215799252706,0.08310656599966201,0,2831.1846499377257,APPROVE
45751.616454023126,554.8264972597868,0.07276362110076759,0,462.3554143831557,APPROVE
14390.257657385962,3411.9684124036526,0.16118153752953954,0,2843.307010336377,REJECT
12500.167412213097,1422.629543696499,0.0688090880403235,0,1185.5246197470824,APPROVE
10496.42708640501,4684.27856982457,0.0881272690022353,0,3903.5654748538077,APPROVE
61675.46419303553,1049.1242283799613,0.023968634443174278,0,874.2701903166344,APPROVE
93983.77673857198,2110.981941215636,0.040335832929798955,0,1759.1516176796968,APPROVE
159450.64428627692,1272.4346976972124,0.08705399756815144,0,1060.3622480810102,REJECT
71288.06961747356,1190.2994493476178,0.10485699865092903,0,991.9162077896816,REJECT
92066.90887033464,1822.8043045236861,0.057613050005921644,15,1519.0035871030716,REJECT
22833.566195586347,2544.2313761678247,0.16654167074591578,0,2120.192813473187,APPROVE
14398.327696099544,298.2514768538851,0.2133089603098715,15,248.54289737823754,APPROVE
71686.91159588205,7463.466306210638,0.027044033808681023,0,6219.555255175532,REJECT
50723.50044393664,143.42600510559305,0.08564083027028559,0,119.52167092132754,APPROVE
39575.103477817844,587.3614423058098,0.06365268517144884,0,489.4678685881748,REJECT
49508.37788840566,1193.0782633552683,0.053164617469027876,0,994.2318861293902,REJECT
47030.34854191349,2191.2820662720023,0.11798861745801258,0,1826.068388560002,APPROVE
101422.82950877136,8855.747305678817,0.15121982882644663,15,7379.789421399014,APPROVE
102333.10103205321,143.66225899787483,0.06667104736251103,15,119.71854916489569,APPROVE
56127.225783589405,726.4589320634641,0.03832597834479276,0,605.38244338622,APPROVE
71442.07768400927,104.08571284180458,0.052917847335282,0,86.73809403483715,APPROVE
54789.29142783109,1387.6421290117755,0.10853916090798156,0,1156.3684408431461,APPROVE
25111.07378231963,1850.9146631531535,0.1030466912939599,15,1542.4288859609612,APPROVE
66519.58801788087,9012.518169382825,0.09893537412249208,0,7510.43180781902,APPROVE
11901.312235520381,1544.069310933429,0.11821557288511912,0,1286.7244257778575,APPROVE
84382.32522068072,4676.218560154603,0.0998076318516331,0,3896.8488001288365,REJECT
13966.007887736358,2691.9453908793544,0.05683538302768261,15,2243.287825732795,REJECT
45644.69319526993,792.4402198970805,0.12137903500098463,15,660.3668499142337,APPROVE
18469.515354773645,246.32751465780026,0.17208784563998133,0,205.2729288815002,REJECT
56540.427173297954,1858.300547597461,0.02736636632187674,0,1548.5837896645507,APPROVE
35343.14799358919,222.93772813482653,0.11995922896941184,0,185.78144011235543,APPROVE
10139.512848829345,6321.194005448188,0.0410161543585884,0,5267.6616712068235,REJECT
50846.15097042244,1099.862426956434,0.040801803825917575,45,916.5520224636952,APPROVE
22871.877510056678,5606.196600793406,0.08022346966947703,0,4671.830500661172,APPROVE
73490.93738031857,750.813725751571,0.03270136074539458,15,625.6781047929759,APPROVE
36354.037546957086,1844.6334242436633,0.15149634151005242,0,1537.1945202030527,REJECT
49828.220953011856,1717.5146189259913,0.09396603130507344,0,1431.262182438326,APPROVE
16881.01397555682,1265.6764045272264,0.13195690487435469,15,1054.7303371060218,REJECT
22664.026592769187,794.9056997324259,0.13819442429480003,0,662.4214164436881,APPROVE
25161.972125754535,2139.5742276322685,0.04901407866319941,15,1782.9785230268901,REJECT
72067.75406537543,439.6676017405711,0.08160486504244888,0,366.38966811714255,APPROVE
138954.47913568866,312.9653596137777,0.08459774184174457,0,260.8044663448147,APPROVE
19069.826464003814,5936.097316477637,0.031566603960584666,0,4946.747763731364,APPROVE
85946.34762506161,3197.1545614754577,0.07322747883151874,0,2664.2954678962146,APPROVE
6401.310831640989,1445.8965201487954,0.05804254442621075,0,1204.9137667906627,APPROVE
13969.73494796044,9853.537099067411,0.11434380580563634,0,8211.280915889509,APPROVE
16864.687790502085,968.8369045204678,0.060056054178003866,0,807.3640871003898,APPROVE
12307.856145004245,6533.243268310036,0.09029850562533152,15,5444.369390258363,REJECT
10230.505673461637,1649.2959995664035,0.050772612903411396,15,1374.4133329720028,REJECT
50533.87233423845,390.6117136726857,0.10558739757234173,0,325.50976139390474,REJECT
30599.710950008688,12271.847994107164,0.09083150614482244,0,10226.539995089302,REJECT
49193.87082950892,4386.416663373167,0.1404930008608312,0,3655.3472194776386,APPROVE
63093.82283559084,1155.3858885474,0.11945906644025206,15,962.8215737895001,APPROVE
44913.495411989345,3197.167109597085,0.14054186632707255,15,2664.3059246642374,REJECT
61464.22276885524,823.0120039798818,0.14678830521857983,15,685.8433366499015,REJECT
34350.57960465786,3613.361382852321,0.23529251319909178,0,3011.134485710267,APPROVE
14050.387990395933,75.80169308898763,0.047828200283138604,0,63.168077574156364,APPROVE
84647.54155382217,392.9385768188594,0.09665279434114156,0,327.44881401571615,APPROVE
22668.017601382162,4326.553735911565,0.08476052243393846,0,3605.4614465929712,APPROVE
17180.373934531548,990.1220923624084,0.09270164063729071,0,825.1017436353403,APPROVE
31497.57064178072,1713.7952950040785,0.12644914810639618,0,1428.162745836732,REJECT
17496.414698714034,265.40902125041697,0.04763858516749366,0,221.1741843753475,APPROVE
26005.301352920393,12269.297736138522,0.05824433995958974,15,10224.414780115434,APPROVE
47822.099164195446,5575.016073522245,0.015048150848796495,0,4645.846727935204,APPROVE
47986.42279290622,1050.0495630639132,0.10741419903675949,0,875.0413025532611,REJECT
17707.36523283351,822.032456253472,0.03434557810928639,15,685.0270468778932,APPROVE
24583.621355985484,4595.993114006516,0.05154033092009403,0,3829.994261672097,APPROVE
85773.58781970579,14420.115884917108,0.02687148135402164,0,12016.763237430923,APPROVE
54020.565421685424,4196.1688691663885,0.2130453539311295,0,3496.80739097199,APPROVE
191004.45502191808,18098.387192225284,0.07380123772753994,0,15081.989326854402,APPROVE
93349.19626214016,441.683389534168,0.07269050890936478,0,368.0694912784733,REJECT
90711.04963315891,499.77135828558266,0.24080337678224836,0,416.4761319046522,APPROVE
11964.571173624132,320.75755755120025,0.06218640842665188,0,267.2979646260002,APPROVE
66908.96755520956,2269.9831478319866,0.03240361124340011,0,1891.6526231933221,APPROVE
34804.938222561716,1649.3543161649545,0.06700491906664954,0,1374.461930137462,APPROVE
23370.14325004398,1113.2885354124257,0.025343287227122837,0,927.7404461770215,REJECT
41540.007269331116,3528.1370429784765,0.08854285957508547,0,2940.114202482064,APPROVE
77355.67550827308,5861.783766489527,0.11195986192750816,0,4884.8198054079385,APPROVE
54212.41784967881,214.1378605661326,0.12276160202370855,0,178.44821713844382,REJECT
17983.697983429112,652.654879027196,0.1449214299144062,0,543.8790658559966,REJECT
65773.15996785015,3574.5237159808257,0.02423465157522581,0,2978.7697633173543,REJECT
21805.771606741793,762.1386437964243,0.2367421132409905,15,635.1155364970201,APPROVE
43189.23248668821,512.6368067426946,0.06992309523997049,0,427.19733895224545,REJECT
28490.32816470535,4535.360354700937,0.057040136263498215,0,3779.466962250781,APPROVE
30482.46863892147,284.2956800034096,0.11856679575576472,0,236.91306666950797,APPROVE
67036.62427750992,930.3111849544694,0.027004742689179972,15,775.2593207953911,REJECT
15801.260971404452,1981.8533831713066,0.06705134326678418,0,1651.544485976089,APPROVE
172155.9548842281,671.0415182969941,0.056575993742044056,0,559.201265247495,APPROVE
8460.225817030303,3419.336119888235,0.03721232078881589,15,2849.4467665735287,REJECT
22513.39745420462,675.0336468187635,0.1784881287415428,0,562.5280390156362,APPROVE
48833.38671709538,7242.764859428881,0.05060157343635664,0,6035.637382857401,APPROVE
57956.692706285336,1148.8530203160474,0.1124601587386385,0,957.3775169300394,APPROVE
33510.67834347177,2989.7321219567543,0.09517448088632319,0,2491.443434963962,APPROVE
34685.86164781963,3270.321740316715,0.20582837952970037,0,2725.2681169305956,APPROVE
50434.97028235296,629.1482394363462,0.13972125934961108,0,524.2901995302885,REJECT
30186.328978313635,113.66221784079306,0.035793103084573764,0,94.71851486732754,REJECT
110696.22382739485,2059.712754715519,0.05684624469428018,0,1716.4272955962658,APPROVE
71074.17232692592,1457.038053491311,0.03422965261265498,0,1214.1983779094257,APPROVE
73003.26760232999,2602.9641702159106,0.2366140516233175,0,2169.1368085132585,APPROVE
16765.435265342196,1017.9865045001858,0.12280878114946252,15,848.3220870834881,APPROVE
34080.79337569159,797.0374516348519,0.11147331467002987,0,664.1978763623765,APPROVE
28556.1396506349,14877.161342337842,0.032669899220435714,15,12397.6344519482,APPROVE
16244.649945874808,228.28390077342328,0.06572388148450038,15,190.23658397785275,REJECT
48442.42930218908,3223.282344676969,0.029952112074777246,0,2686.068620564141,REJECT
23620.810274963387,670.4121531334312,0.10858282854963928,0,558.6767942778592,APPROVE
61348.31987602468,892.9053334810986,0.05498218520158316,15,744.0877779009155,APPROVE
15426.57190163909,913.1420988021348,0.08182398450900537,0,760.9517490017789,APPROVE
143663.99590742472,509.43067467635774,0.10291251790564675,15,424.52556223029814,APPROVE
17728.590061114148,2651.5083859448105,0.08703295163129128,0,2209.5903216206752,REJECT
43279.82498642042,7088.203640179931,0.09844766889521256,0,5906.836366816609,APPROVE
68424.58359419477,2348.2632714713645,0.04103472168439354,0,1956.8860595594704,APPROVE
23005.478353697326,1512.4305968325293,0.11949891506192455,0,1260.3588306937743,APPROVE
71824.06850035174,408.9882013562034,0.024023116915830492,0,340.82350113016946,REJECT
13584.070816409378,2483.9497813353823,0.06666198418886819,0,2069.9581511128185,APPROVE
116040.4550065786,17765.869735750108,0.014603818794221951,0,14804.891446458423,APPROVE
36728.90814935491,846.0524526493803,0.12529028105590365,15,705.0437105411502,REJECT
22536.03524787951,850.848946619653,0.08607794877904834,0,709.0407888497108,APPROVE
28585.491619347555,681.3716847400592,0.12259985242189768,0,567.8097372833826,REJECT
69364.84177857028,742.5705073872875,0.07910667463363429,15,618.808756156073,APPROVE
22752.624185034223,49.553626292022116,0.06254776914061205,0,41.2946885766851,APPROVE
19940.61426008328,2172.116615592811,0.03425694458755065,30,1810.0971796606755,REJECT
30417.419158647903,484.32312392590205,0.19565101341714863,0,403.602603271585,APPROVE
14163.596282919494,193.46549273652525,0.17887207499382274,30,161.22124394710437,REJECT
155816.62691816743,3298.565139494039,0.1972018315591583,0,2748.804282911699,REJECT
23083.75326099864,364.67026617847955,0.013012501754765628,0,303.8918884820663,APPROVE
70635.87429708506,889.8136353760982,0.0971578247305682,0,741.5113628134151,APPROVE
42940.72979234666,7763.167993343944,0.13550516637051122,0,6469.306661119953,APPROVE
16520.75518841247,246.25213483037257,0.030974887188226462,0,205.21011235864378,APPROVE
36142.915476589136,212.3629895769535,0.095733433215026,0,176.96915798079456,APPROVE
67995.86839726497,1845.641762010202,0.08253804295323831,0,1538.0348016751684,APPROVE
31238.010949335992,5307.094258413647,0.057037665216724216,0,4422.57854867804,APPROVE
94323.94468349541,201.98730436090693,0.015123962662200176,0,168.3227536340891,REJECT
82224.80620973639,2179.04631789577,0.13622759665669557,0,1815.871931579808,REJECT
75745.31579173132,2682.794770515353,0.07940655220817963,0,2235.662308762794,APPROVE
25141.485818844892,112.89095203944497,0.22820173150314202,15,94.07579336620414,APPROVE
15307.926448745558,3482.8859062027204,0.09684658487776536,0,2902.4049218356,APPROVE
22228.48638307894,3825.1079298491445,0.14572310458922044,0,3187.5899415409535,REJECT
42488.670909135304,918.9872229956735,0.058800533734720106,0,765.8226858297279,APPROVE
56197.602275008394,6004.296298768277,0.11679269644546468,0,5003.580248973564,REJECT
6391.6189762181975,5224.746694810649,0.12632668949973413,0,4353.955579008874,REJECT
36080.55796470248,1511.9514068050767,0.02698180660209504,0,1259.9595056708972,REJECT
41211.44880116425,777.1865709648481,0.03940424953963843,0,647.6554758040401,APPROVE
29084.614294816936,415.72394070595857,0.07010194661115776,0,346.4366172549655,APPROVE
102029.68417104702,1277.0891884547125,0.14776751851943823,0,1064.2409903789269,REJECT
50890.119073468064,2646.8502063365504,0.19610978674795074,15,2205.708505280458,APPROVE
103585.59207125322,905.4233947113171,0.03273962282291435,0,754.5194955927642,APPROVE
30553.410154433925,95.62303096237106,0.04201884608834346,30,79.68585913530922,APPROVE
76878.5354777311,6123.392674579536,0.1268173062273103,0,5102.82722881628,APPROVE
134329.7820584775,1678.545247598222,0.17503449054301556,15,1398.7877063318517,REJECT
103710.09726284599,847.1396109461863,0.03941745074496327,0,705.9496757884885,APPROVE
15158.04548748368,3736.8749756308316,0.0939022594057732,15,3114.06247969236,REJECT
29645.30777078866,8324.691214299115,0.0012842999304968857,15,6937.2426785825955,APPROVE
27553.042268140412,46.299030605208486,0.12662795412415997,0,38.5825255043404,APPROVE
53712.639651489706,2249.6530581077873,0.1677160048356371,0,1874.7108817564895,REJECT
62886.251645963435,241.15402905175753,0.023159336391354576,0,200.9616908764646,REJECT
18562.261756191645,2431.7039757127964,0.1270395758338201,0,2026.4199797606636,REJECT
38340.835611536146,1557.6406473444838,0.0966301624671691,0,1298.0338727870696,REJECT
7216.01495541096,2864.894310912712,0.10868189717866747,0,2387.4119257605935,APPROVE
115099.93208314007,733.8596293164297,0.07158121930963728,0,611.5496910970247,APPROVE
24103.217275044546,141.1081718969803,0.046962790758785046,0,117.59014324748358,APPROVE
37975.29713319384,778.1918421313042,0.013883500577571574,0,648.4932017760867,APPROVE
28347.106169885177,2176.845455769293,0.12484178166548739,0,1814.0378798077443,APPROVE
90837.00812406681,4518.275626233338,0.10202222941029619,15,3765.229688527781,APPROVE
3751.8144184982107,327.4113549206205,0.08494731789836131,0,272.84279576718376,APPROVE
35836.12443792381,4581.98422071947,0.1274567646880154,15,3818.320183932891,APPROVE
33367.74500689134,613.9835642277363,0.02364936978588052,0,511.65297018978026,APPROVE
25262.867021691894,2063.904311706364,0.18516577670609619,0,1719.920259755303,APPROVE
144492.26222840667,724.5437624304304,0.15544127403994576,0,603.7864686920253,REJECT
17856.742248891154,1662.4033911590097,0.023354596367560813,0,1385.3361592991748,APPROVE
67335.10113080786,3895.8535276771577,0.09326907493455495,0,3246.544606397631,APPROVE
48291.08422394914,306.43265674708795,0.23969024554372256,0,255.36054728923997,REJECT
99629.68108383546,590.8297063200101,0.15203887747922862,0,492.35808860000844,APPROVE
21295.450390194223,1667.9823674946729,0.14547049499277398,0,1389.9853062455607,REJECT
20203.777698895046,23844.65352298445,0.09123828604261047,0,19870.54460248704,APPROVE
87278.19380054441,474.18012137151794,0.08502175520555873,0,395.1501011429316,APPROVE
51034.49454300799,15453.264742577967,0.07980565063705905,0,12877.720618814972,APPROVE
10551.782929247516,14805.03895023657,0.05919691442123476,15,12337.532458530475,REJECT
23589.476685897203,1188.7308759057405,0.0958992600713786,0,990.6090632547838,APPROVE
49469.22920684561,934.1451897566371,0.12383588800128222,0,778.4543247971975,APPROVE
70984.11348378006,582.2714038124936,0.03909365472289275,15,485.2261698437447,REJECT
21091.290831288286,1230.987375448585,0.11276871588049361,0,1025.8228128738208,REJECT
3528.383835596287,246.99092323948798,0.07561099408197462,0,205.82576936624,REJECT
55192.289999602246,1219.1730575490712,0.12265105876483146,0,1015.9775479575593,REJECT
13680.728573358627,8051.9633543628825,0.02782316552789362,0,6709.969461969068,REJECT
7230.973558646737,641.6948197548323,0.11323684861533262,15,534.7456831290269,APPROVE
3767.395752878891,1000.7907757353544,0.10794157574666581,0,833.9923131127953,APPROVE
69646.28837728327,173.47722762406457,0.05115611489570351,0,144.56435635338713,REJECT
40251.15428501077,2092.8654041618697,0.09007634468795273,0,1744.0545034682245,APPROVE
30317.333645279476,1834.9874641649596,0.029866116380089548,0,1529.1562201374663,APPROVE
110328.7131863318,1442.1029925868052,0.0721840747299869,0,1201.7524938223376,APPROVE
60467.40547851481,1029.9056208054328,0.19435870079341178,0,858.2546840045273,APPROVE
132328.14109552986,940.2120213696701,0.06816164575261778,0,783.5100178080584,APPROVE
11918.077240325356,2439.8581648717513,0.05235656307956035,0,2033.2151373931258,REJECT
35325.46958838204,1290.5644826577357,0.10711131411041999,0,1075.4704022147796,REJECT
9962.958055825726,1949.6032179370757,0.047639117207311135,0,1624.6693482808962,APPROVE
30227.099472174123,1729.1656500562801,0.10419068590440286,0,1440.9713750469,REJECT
29765.560521873893,5143.698496380271,0.09643790802019354,15,4286.415413650225,APPROVE
59951.483742180826,3010.338542037322,0.09557526562196356,0,2508.615451697768,APPROVE
37663.66459805623,1683.868525121491,0.03992330154284899,15,1403.2237709345757,APPROVE
59797.893324084165,8262.821083920096,0.10294157322584345,15,6885.684236600081,APPROVE
63751.762296873676,2212.1875396099267,0.05307137605206455,0,1843.4896163416054,REJECT
203606.18510524067,6395.6294239412855,0.08005270373452575,0,5329.691186617738,APPROVE
28219.335437105576,2767.6283388337997,0.04020189090055298,0,2306.356949028166,APPROVE
17105.953494428686,146.51268508039223,0.0845013380741669,0,122.09390423366018,APPROVE
44217.10093639497,6394.647702607141,0.08134202968441855,15,5328.87308550595,REJECT
19113.99328070844,1571.2494291849328,0.06184159279942522,0,1309.3745243207773,REJECT
118844.19336390326,1255.223824557481,0.05324708231852795,0,1046.0198537979009,APPROVE
28952.897630148844,1872.5060081170204,0.05067918622827535,0,1560.4216734308502,REJECT
23098.86834003102,883.0970576770584,0.00545399970231739,0,735.914214730882,APPROVE
24908.07739143733,1754.3427063877325,0.1073145761187471,0,1461.9522553231102,APPROVE
64520.21979021689,656.6581919982618,0.04165442268840194,0,547.2151599985515,APPROVE
32009.96096225719,6164.372446586581,0.130934482900084,0,5136.9770388221505,APPROVE
21734.726151001534,1165.737450736463,0.11441050674847694,30,971.4478756137191,REJECT
137624.12747042874,844.1365712131476,0.06137287956493635,0,703.447142677623,REJECT
18307.464053906653,440.3209655514436,0.03216533859237643,0,366.93413795953626,APPROVE
37363.622858417686,1844.4674207875623,0.057214728131220964,15,1537.0561839896352,APPROVE
61196.478211946895,1672.280306724835,0.18196095529443732,0,1393.5669222706958,APPROVE
9847.096426417476,2129.2486359981426,0.10598380518562393,0,1774.3738633317853,REJECT
53327.55207746307,389.4411029737785,0.06489075477086659,0,324.53425247814874,APPROVE
15613.853743338406,195.58546957834523,0.03838846664775721,15,162.98789131528767,APPROVE
70138.43596368679,2830.261728737685,0.08878661489076527,0,2358.5514406147377,REJECT
16812.52108491622,7934.575554690966,0.067621213371434,0,6612.146295575804,APPROVE
63209.837551314326,389.86111493105085,0.1400288163167746,0,324.88426244254237,REJECT
87962.55161297657,8997.881568013523,0.029490771496332075,0,7498.234640011269,APPROVE
72341.20917321692,1878.2733021654667,0.08519411458540854,45,1565.2277518045555,APPROVE
44402.60059171317,1324.6975146727082,0.16574915037038962,0,1103.91459556059,REJECT
30180.739821499912,829.1130136796487,0.0487017503696944,15,690.9275113997072,APPROVE
22899.362229907474,253.65961851002294,0.017839317039042003,0,211.38301542501912,APPROVE
117809.91946670406,4370.746625947148,0.0618735877822308,0,3642.288854955956,REJECT
20752.122796373387,526.7295733452929,0.06254701995242515,15,438.94131112107743,APPROVE
15840.84707893418,524.0813372951819,0.04975122741058541,0,436.7344477459849,APPROVE
61839.34850449702,4392.819165413691,0.09215175375769585,0,3660.682637844742,APPROVE
19208.16172339173,139.46794236256417,0.10490583275123652,15,116.2232853021368,APPROVE
16982.67867317098,214.6690487860616,0.11337373812878948,0,178.89087398838467,APPROVE
11442.806866063367,1307.2144978310412,0.08850183971618594,0,1089.345414859201,APPROVE
24678.115764105867,1899.5194684249586,0.1012203154190665,0,1582.932890354132,APPROVE
33990.21543585069,2390.1143394819824,0.09821015192146008,0,1991.7619495683186,APPROVE
44111.393414102655,930.0670821875783,0.02896119827935926,15,775.0559018229819,APPROVE
77733.764804997,27829.68426643478,0.08086680320157197,0,23191.403555362314,APPROVE
55354.782490652964,1016.3203021604079,0.1099460589496279,0,846.9335851336732,APPROVE
31172.831972892287,1012.7974407515962,0.123056297513432,0,843.9978672929968,APPROVE
30990.73162410229,513.3874916708039,0.17197699952535006,0,427.8229097256699,APPROVE
54618.393108942546,1550.1439659082698,0.060789551414627344,15,1291.7866382568914,APPROVE
100514.38497748187,2794.387961665393,0.05565344957911853,0,2328.6566347211606,APPROVE
40177.05576640079,5662.997204360518,0.09765068794317341,0,4719.164336967097,APPROVE
24951.652130225273,223.69282408342394,0.06132198119618462,15,186.4106867361866,APPROVE
16411.00128747476,994.4805106612885,0.03307320453786121,0,828.733758884407,REJECT
11428.160280190252,2283.4876859212086,0.04445163092202062,0,1902.9064049343403,APPROVE
61883.92535530793,2702.368659005484,0.06662396605175214,0,2251.97388250457,REJECT
57663.68157702101,1346.5126357765284,0.016084018046176346,0,1122.093863147107,APPROVE
57635.31809133703,2561.4369035146897,0.15135355937662,0,2134.530752928908,REJECT
32763.567920484806,506.06151624008163,0.05509181129045453,15,421.717930200068,APPROVE
111920.91633465345,8663.736939890046,0.07235593134536414,15,7219.780783241705,APPROVE
24654.26543183352,4396.520143763714,0.07888780442927583,0,3663.766786469762,REJECT
77980.60257165927,266.00139750011994,0.015304716168843446,0,221.6678312500999,APPROVE
35207.19288406936,367.70877377915986,0.11483121740057652,0,306.4239781492999,APPROVE
22321.807362883523,380.3564376434371,0.07787782997115852,0,316.96369803619757,APPROVE
58338.89169243951,3013.865858571725,0.07729771077658684,0,2511.554882143104,REJECT
50398.107056290704,285.92844502749216,0.0873780617550845,0,238.27370418957682,REJECT
48318.906762937506,898.0140427231411,0.07473844580216187,0,748.3450356026175,APPROVE
38755.297598049474,2305.5169018192255,0.07727590937481067,30,1921.2640848493545,APPROVE
35231.136654086804,1233.9994830588735,0.08673420262319874,15,1028.3329025490611,APPROVE
245412.95329923302,1822.7104416043796,0.020232625490802358,0,1518.9253680036497,APPROVE
93658.01755904238,371.83553763590015,0.07842416466066085,0,309.86294802991677,APPROVE
64748.2217580425,2727.771228926386,0.09130149970461364,15,2273.1426907719883,APPROVE
39713.21673706967,640.0591769315644,0.12972319203261312,0,533.3826474429703,APPROVE
81285.73025219566,904.9424022287438,0.13813868726446407,0,754.1186685239531,APPROVE
54961.91781962275,1777.0198178159962,0.039644689607684955,0,1480.8498481799968,APPROVE
37084.84973368564,1511.8793715606498,0.06744932630756793,0,1259.8994763005414,APPROVE
28485.445163434386,1374.9751398452313,0.007804010414512566,0,1145.8126165376927,REJECT
34039.13359711984,542.7575507229211,0.11565619845670533,0,452.2979589357676,APPROVE
2874.5729736564967,932.5806293462879,0.12876315476814784,0,777.1505244552399,APPROVE
42979.59174530342,1339.4779346327132,0.004444573267178755,0,1116.2316121939275,APPROVE
24568.46860936766,256.54719074605526,0.06324005939455711,0,213.7893256217127,REJECT
129850.10148241288,766.9145195937007,0.002290302956229697,0,639.0954329947505,APPROVE
36881.86539991549,2127.346615753368,0.09245038327430341,0,1772.7888464611399,APPROVE
14028.261668295068,288.4411221327132,0.017246575974205546,0,240.367601777261,REJECT
34894.89689402038,5352.4671810070995,0.237144296116882,0,4460.389317505916,APPROVE
15726.510464786019,6130.0048622904,0.04640508314018826,0,5108.337385241999,APPROVE
53035.98543288832,299.83556743921343,0.12310456533718367,15,249.8629728660112,APPROVE
45832.920104197314,6812.799945272519,0.02064032728833619,0,5677.333287727099,APPROVE
78141.12024475804,1124.526121484838,0.06308757134793615,15,937.105101237365,APPROVE
19289.082989559964,2207.53630377576,0.04932996671170295,0,1839.6135864798,APPROVE
37317.08251187571,736.1498101768578,0.11212745586513422,15,613.4581751473814,APPROVE
12185.263169590415,4044.319972068337,0.055054770234107764,0,3370.266643390281,REJECT
63652.62380600433,2174.877738207355,0.07627734315592036,0,1812.3981151727958,REJECT
55000.466409539506,502.91994335303093,0.03551156273024454,0,419.0999527941924,APPROVE
53994.85357413839,330.02635240587733,0.07512929627094521,0,275.02196033823105,APPROVE
36362.569899049886,231.60931955288422,0.03805971866483751,0,193.00776629407017,REJECT
50605.64005649411,1673.9561211444457,0.03798641111570994,15,1394.963434287038,APPROVE
131067.96528947624,2655.4797154543458,0.23027350493933466,0,2212.8997628786215,REJECT
28909.472667791342,2917.766547333169,0.04175566280439636,15,2431.4721227776404,APPROVE
40575.35521885245,1159.6083450097929,0.10229798984441751,0,966.3402875081607,REJECT
15231.165364464307,333.29205918710716,0.024437568123731535,15,277.74338265592263,REJECT
18131.231557837807,589.2939641454308,0.03909694739893229,0,491.0783034545256,APPROVE
39271.35432401782,5325.347644295094,0.11677846859910797,0,4437.789703579245,APPROVE
87828.98385233356,746.8472125590197,0.03519103935988585,0,622.3726771325164,APPROVE
29583.59727491593,1586.8656554995023,0.04449265292063188,0,1322.3880462495852,APPROVE
30069.50386616451,367.46729691840187,0.08367290798373767,0,306.22274743200154,REJECT
26225.61291509897,2000.824373880828,0.04651966834040264,15,1667.35364490069,APPROVE
23675.46747388865,771.3894991706148,0.06374886464772272,0,642.824582642179,REJECT
45980.70654559815,4691.324183733932,0.24190569139212648,0,3909.4368197782765,REJECT
10962.0422942293,3380.1797057795575,0.05721394454316009,0,2816.8164214829644,APPROVE
101189.6402306827,736.9851709181945,0.09989567562276708,30,614.1543090984954,APPROVE
21325.571285989052,1147.5885126750798,0.16398210920531184,0,956.3237605625665,APPROVE
64700.40811992765,689.5749677038248,0.08472828403976931,15,574.6458064198539,APPROVE
13147.686914358505,243.25130141185912,0.024053764276183904,0,202.7094178432159,REJECT
62011.312337286574,477.4617211370105,0.09276440216016497,0,397.8847676141754,APPROVE
62165.51391175954,1694.7248907019891,0.014662799000760103,15,1412.2707422516576,APPROVE
49383.00707211637,1973.8205417268211,0.0024895883734852636,0,1644.8504514390177,REJECT
16390.500080006226,1596.6650533639804,0.07779069792650761,0,1330.5542111366503,APPROVE
44339.825677994435,930.140120735467,0.034441081255729436,0,775.1167672795558,APPROVE
14094.713150841848,4093.2511434558273,0.16444651397578774,15,3411.0426195465225,REJECT
29666.96439917493,1441.825347800113,0.21899365993876946,0,1201.5211231667606,APPROVE
82745.96086627054,3106.7097928103744,0.2276850516487086,0,2588.9248273419785,REJECT
68690.18096051726,158.99690686677624,0.12032286208744415,15,132.4974223889802,REJECT
36759.293389997096,12.067725863615395,0.15377157576676195,0,10.056438219679496,APPROVE
16649.82091111788,1877.9960198526028,0.02236650245834418,0,1564.9966832105022,APPROVE
60868.444684932394,241.69971837875153,0.06781551590253293,0,201.41643198229292,APPROVE
36882.962043496365,1035.327275315233,0.1455519200244232,30,862.7727294293609,APPROVE
5674.555546105132,929.7339386807475,0.09273267720211155,0,774.7782822339562,APPROVE
67921.22529246977,8975.874356107055,0.04520021458298266,0,7479.895296755879,APPROVE
35618.2609337327,2159.022324226097,0.0767257174073259,0,1799.1852701884143,REJECT
95031.24377798897,1630.1800358844728,0.09505469210971515,0,1358.4833632370605,APPROVE
15120.1502208528,3647.5255769776413,0.02430635769157335,0,3039.604647481368,REJECT
2860.1717356557388,2078.9370558074775,0.13712351327389624,15,1732.4475465062312,APPROVE
45399.98650016262,771.3965052926153,0.07076184599575236,15,642.8304210771794,APPROVE
45855.52359154467,4832.8228808824315,0.14555435604876973,15,4027.3524007353594,REJECT
9390.583378561867,352.73418403477945,0.035823709241744967,0,293.9451533623162,REJECT
16600.70367168438,1969.0599636716322,0.028069535039720667,45,1640.8833030596934,APPROVE
329118.84482016426,208.58177155032308,0.05902172952082302,15,173.81814295860258,APPROVE
28438.851751348695,1706.4108678709745,0.055526233279155186,15,1422.0090565591454,APPROVE
65170.82517307133,1684.1267802178334,0.02535589339427963,0,1403.438983514861,APPROVE
21578.918853829888,9988.211846766626,0.10409562099949506,15,8323.509872305522,REJECT
6820.974852811614,204.27073265914447,0.1437382921459583,0,170.22561054928704,REJECT
31691.17096327698,649.5957822478813,0.13946470196551589,15,541.3298185399011,APPROVE
29363.75447512806,3585.4304619537966,0.033329503761629464,15,2987.8587182948304,APPROVE
26373.036145434802,1997.7875349349504,0.027490350666012634,0,1664.8229457791251,APPROVE
33133.075809421476,1658.685945229244,0.10814282605997542,15,1382.2382876910367,REJECT
44865.06090806323,424.1351114095297,0.08774017733237799,30,353.4459261746081,APPROVE
32205.948129670505,657.4921923944969,0.14944291257999578,0,547.9101603287473,REJECT
13210.867504424372,5951.890129242375,0.034919119371112875,30,4959.9084410353125,REJECT
53580.89426575067,1255.8951628817795,0.1273349908879146,0,1046.5793024014827,APPROVE
7635.0334267851895,2096.126805418496,0.1348034794967372,0,1746.7723378487465,REJECT
7042.468551237946,1163.501081743491,0.06496870548101989,0,969.5842347862425,APPROVE
65600.88041229517,323.01936943193914,0.028593335942040006,15,269.18280785994926,APPROVE
54481.4860649564,4096.9063467194055,0.1778071112199403,0,3414.0886222661707,APPROVE
34685.7322816597,2443.761594915681,0.05089049801114378,15,2036.4679957630676,REJECT
11892.237986012315,21251.422469355617,0.058005672840529904,15,17709.518724463014,APPROVE
20612.876812165025,394.93344278510205,0.02682884188103827,0,329.1112023209184,REJECT
29430.964160936248,3584.9593442254577,0.06960047659199729,0,2987.466120187881,APPROVE
10130.28595264244,276.8738944298534,0.07009010778502228,0,230.72824535821118,APPROVE
20106.070705206585,1613.6125886683403,0.04961893958407681,0,1344.6771572236169,REJECT
61197.66232955205,4312.283313281986,0.09956716945421572,15,3593.569427734988,REJECT
113759.77775803316,111.14690199034317,0.05829665336457021,0,92.62241832528598,APPROVE
25963.635356869498,1044.7113831890217,0.09848104556244085,15,870.5928193241848,APPROVE
66515.52669012929,679.6399863645543,0.1942249681255475,15,566.3666553037953,APPROVE
7853.7935084258415,575.4004015915708,0.024504660940981863,0,479.5003346596423,APPROVE
61547.2833216345,2121.057554439316,0.08241090021882219,0,1767.5479620327633,REJECT
19088.49865914095,5126.804064822927,0.04681745184100847,0,4272.336720685772,APPROVE
46438.1451098779,1138.5154418388581,0.11104239027084165,0,948.7628681990485,REJECT
29786.12813852828,1709.5725031395993,0.0317147122571938,0,1424.6437526163327,APPROVE
104436.15511363758,1532.3923347253658,0.1661619570073058,0,1276.993612271138,APPROVE
18041.888665172875,1338.8671362061955,0.03457178937401364,15,1115.7226135051628,APPROVE
59999.11181728761,361.47892521950195,0.05478384556912521,0,301.23243768291826,APPROVE
29038.970852950526,5052.0451933887225,0.05973182890259014,0,4210.037661157268,APPROVE
31995.66223996208,1903.8803058421709,0.059010589698882315,0,1586.5669215351425,REJECT
31348.349134020755,2145.8106706745075,0.03329250436561292,0,1788.175558895423,APPROVE
18461.846246420097,507.5541233249403,0.06427645261928096,15,422.9617694374502,APPROVE
35908.195210712984,769.9691348384008,0.16115916238160297,0,641.6409456986673,APPROVE
34540.278759713576,1081.445520117481,0.12450864141296085,0,901.2046000979008,APPROVE
44046.104714492314,211.97434959328632,0.16618295487823292,0,176.6452913277386,APPROVE
38855.46894036469,176.22713746516126,0.29800047423419457,15,146.85594788763436,REJECT
68761.25008143419,649.704335042328,0.12108903123839344,15,541.4202792019399,APPROVE
76024.1926410113,2500.9847335904615,0.12804650305236323,0,2084.153944658718,APPROVE
15669.968772662252,610.1165711097889,0.14469779345319456,0,508.43047592482407,APPROVE
72767.01206194222,393.40856202800927,0.009799228061525242,15,327.84046835667436,APPROVE
14057.774379011684,502.59874250203166,0.028876693698578294,0,418.83228541835973,APPROVE
58121.138746200944,773.5605900234316,0.047401694382588816,0,644.6338250195263,APPROVE
59622.66272027123,873.7411385369282,0.011273091063591523,0,728.1176154474401,REJECT
7871.047922946206,17962.48417983224,0.07083062360456464,15,14968.736816526865,APPROVE
39119.77596332669,4736.054391505309,0.05052673852581455,0,3946.71199292109,APPROVE
24964.32561401161,4569.43042089842,0.07641206961434788,0,3807.8586840820167,APPROVE
19791.103423300643,5430.091937227051,0.10831108776418415,0,4525.076614355876,APPROVE
107010.45988054646,402.9570029428339,0.030989563494191,15,335.7975024523616,APPROVE
21526.858940394915,308.1471316339003,0.12491499515012525,0,256.7892763615836,REJECT
19051.449305799204,353.95527281291714,0.12437063021582966,0,294.9627273440976,APPROVE
38582.57204243355,6626.4352374819055,0.07527178370873627,0,5522.029364568254,REJECT
62847.836930051715,692.830070319375,0.05375993256856999,0,577.3583919328124,APPROVE
32424.874256328996,297.6110665688541,0.03373291270541501,15,248.00922214071173,APPROVE
92327.41865259185,796.4938967561721,0.040454248288942625,0,663.7449139634767,REJECT
55535.655204131865,1003.3385505534,0.03252643378136626,0,836.1154587944999,REJECT
6357.757146485231,1843.6652177533142,0.04507089878968282,0,1536.387681461095,APPROVE
23775.86879671217,1805.43372337497,0.04511701126401358,0,1504.5281028124748,APPROVE
23167.977418930528,494.52525935647594,0.08501858232091809,15,412.10438279706324,APPROVE
53289.18932952109,3041.793471039241,0.06864310033411997,0,2534.827892532701,APPROVE
4447.717645342039,620.411313223327,0.010214667658332115,15,517.0094276861058,REJECT
279067.1651048216,1107.525252440367,0.060346342074098905,0,922.9377103669725,APPROVE
55537.89590998811,3045.8759028677327,0.09581517724147744,0,2538.229919056444,APPROVE
40908.839490200684,618.4579622559244,0.10937903071347632,0,515.3816352132702,APPROVE
93456.76231017115,674.6494338554065,0.268286198123773,15,562.207861546172,APPROVE
236788.64814122574,2717.361268759387,0.11086841108803776,0,2264.4677239661555,APPROVE
72882.02490687359,477.2951654852786,0.0908036358407946,0,397.74597123773214,APPROVE
77578.87790521834,841.9027246769089,0.0935760641484698,0,701.585603897424,APPROVE
40317.948442629924,2602.7022745983118,0.013816870604580499,0,2168.9185621652596,APPROVE
32428.060679292856,15714.2910730134,0.12032419291171728,15,13095.2425608445,APPROVE
24818.972126734585,2762.5247711591674,0.10416194603233621,0,2302.1039759659725,REJECT
18753.026029715482,2355.675077757294,0.023880111498084396,0,1963.062564797745,APPROVE
20960.368517881285,2525.960858677314,0.16507634907007201,0,2104.9673822310947,APPROVE
12327.098258589265,368.5537557242983,0.010703155928187567,0,307.12812977024856,REJECT
34176.81740168206,1534.7626051288416,0.05019027065281333,0,1278.968837607368,REJECT
9435.797106396692,1289.0942526290594,0.14239213863344208,15,1074.2452105242162,APPROVE
42308.07390651468,1965.1352578644758,0.04059854284404703,0,1637.612714887063,APPROVE
35275.20236779182,1536.4419035848914,0.059507167876731784,0,1280.3682529874095,APPROVE
40845.3490192951,2107.0718627830206,0.12167947372794968,0,1755.8932189858504,APPROVE
23915.80326739164,919.3383928447271,0.07910761235907031,0,766.1153273706059,APPROVE
425699.21004123014,1433.315552712224,0.1314041823401435,0,1194.4296272601866,APPROVE
107806.44476632267,306.13329991593423,0.07073281211914437,0,255.11108326327852,APPROVE
13418.182912865095,910.07423526911,0.04989164622052007,0,758.3951960575915,REJECT
43752.08159383323,7089.819528415461,0.009720626755424858,0,5908.182940346217,APPROVE
22327.962275401853,1958.5994188309116,0.014009629259235799,0,1632.166182359093,REJECT
16129.678169624629,1302.8502743859299,0.05155542081499806,30,1085.7085619882748,REJECT
12430.92182552969,13000.75664889651,0.025897024905809335,0,10833.963874080424,REJECT
51316.79433873387,260.97195072074817,0.0645305563445772,0,217.47662560062346,APPROVE
21055.052034303037,352.85889299896036,0.05536659942857221,0,294.0490774991336,REJECT
78767.89895822163,10432.368426888484,0.05772307521753186,0,8693.640355740403,APPROVE
80420.61048445672,1411.7255511182411,0.15249889159514504,15,1176.437959265201,APPROVE
109003.08986220272,998.5610208009181,0.08497052304214656,15,832.134184000765,APPROVE
18362.95478339995,316.8313827963652,0.006046693892581101,15,264.0261523303043,REJECT
53119.134384955825,2286.2093667824392,0.10675449878772059,0,1905.1744723186994,APPROVE
60232.26031024926,2567.702349146757,0.08244920283657246,0,2139.7519576222976,APPROVE
24851.104070068362,359.2511312961777,0.06570449467704488,0,299.3759427468147,REJECT
19586.237575800824,1128.9962067874062,0.08078246206681068,0,940.8301723228384,APPROVE
131612.40187709566,893.1869491931083,0.02940801940299036,0,744.3224576609235,APPROVE
43564.448728503856,1816.3558320185869,0.0774412963259701,0,1513.629860015489,APPROVE
60401.80095229673,348.7358003070404,0.04743491325097576,15,290.61316692253365,APPROVE
18813.673354276005,6001.422793937854,0.0219137020525126,0,5001.185661614878,APPROVE
13692.07430849529,4009.4263087776035,0.02992904690756605,0,3341.1885906480024,APPROVE
23027.402076775856,864.0271885400358,0.0402223038455754,15,720.0226571166965,APPROVE
32885.361222417545,1030.4104047121216,0.018411508176743908,0,858.6753372601012,REJECT
15500.444726781072,1134.2289123660555,0.1067833334519779,0,945.1907603050462,APPROVE
36030.610689807465,525.0243504881195,0.068080276705515,15,437.5202920734329,REJECT
9406.872795391602,784.6985294661113,0.04295110029059313,15,653.9154412217594,APPROVE
14823.396587410554,965.9291287099425,0.013694431880489306,0,804.9409405916186,REJECT
62114.143686880394,9254.423679912972,0.02518333438755414,0,7712.01973326081,APPROVE
58866.792508336635,4160.359954360303,0.05345586488677978,15,3466.9666286335855,REJECT
26542.396134165963,4101.0591795705695,0.06959602830574613,15,3417.549316308808,APPROVE
16087.350400363433,2082.5026417991685,0.04547865045747488,0,1735.4188681659737,APPROVE
15963.771598468998,349.5415701198194,0.018279575795410157,0,291.2846417665162,APPROVE
26940.483665774762,1271.0842832157466,0.07014081749091196,0,1059.2369026797887,APPROVE
60816.40151386078,4281.253238901604,0.08214162521066434,0,3567.7110324180035,APPROVE
76312.84510287717,295.15402884816933,0.1271412115157556,15,245.96169070680776,REJECT
24410.645609768882,2867.737743527942,0.09300259268757072,0,2389.7814529399516,APPROVE
14432.040653699036,21688.68505108343,0.07768628916583512,0,18073.90420923619,REJECT
44993.57182849774,4777.1283539994865,0.09871420292636497,0,3980.9402949995724,REJECT
18791.72746461773,7289.934715992287,0.11298194801843159,30,6074.945596660239,REJECT
23990.13273889159,1736.143247290764,0.09680949299458012,0,1446.78603940897,APPROVE
104843.16777926106,4268.139280353172,0.1480928622670324,15,3556.7827336276428,APPROVE
70381.96587999928,564.5286017896083,0.02356502976726675,15,470.4405014913402,APPROVE
41207.6603879644,3471.879891831681,0.026385810124757925,0,2893.2332431930677,APPROVE
13127.503329105642,2929.774298685992,0.16201821662485436,0,2441.478582238327,APPROVE
43006.96051323228,1891.845933597993,0.09171736489089881,0,1576.5382779983274,APPROVE
84976.14360682851,6480.95924915839,0.12980575278538958,15,5400.799374298657,APPROVE
26889.551428113657,699.8549516119365,0.04732754180269931,0,583.2124596766138,APPROVE
107032.87101239798,1067.3624530910672,0.04030758038336538,15,889.4687109092228,APPROVE
102149.86019441832,1498.1246276369757,0.15153324491622808,0,1248.4371896974797,APPROVE
137445.98268679378,388.3401930564309,0.021924739730301818,0,323.6168275470257,APPROVE
46360.10216695445,1754.1386883589917,0.19498099675808395,0,1461.7822402991596,APPROVE
58099.55942964973,169.8130984669641,0.05130606770501758,0,141.51091538913676,APPROVE
112572.17277011325,4692.685732164623,0.024513792847523773,0,3910.5714434705187,REJECT
51943.67044061593,1412.8719374190434,0.1290643383501593,0,1177.3932811825362,REJECT
24318.987766431426,715.043530258652,0.1712329337778267,0,595.8696085488766,REJECT
25366.0192058827,490.8637391393813,0.039006208090382376,0,409.05311594948444,APPROVE
43951.58486142894,1008.1982153004564,0.024973136848789577,0,840.1651794170469,APPROVE
12933.173290787245,3051.3108371175986,0.04734709006318561,0,2542.759030931332,REJECT
32383.12936985536,2577.825985696327,0.09570666198158326,0,2148.1883214136055,REJECT
87311.52023568995,572.933337366252,0.06681458540778853,0,477.4444478052099,REJECT
6291.765028952947,484.0398799207951,0.11573477064437218,0,403.36656660066257,REJECT
123944.06838729631,2938.614099870616,0.08694374200911796,0,2448.8450832255135,APPROVE
89134.28884606411,561.4922779061097,0.16477798654407427,15,467.9102315884247,REJECT
25139.316834593803,1435.5547457603082,0.01487597349815349,0,1196.2956214669234,APPROVE
56089.99101410595,1549.8609218287463,0.07523409558025887,0,1291.5507681906217,APPROVE
36407.06694149143,1942.8076830246032,0.03151786837482424,0,1619.0064025205027,APPROVE
97148.13861852387,3741.864977568063,0.11478268079052305,15,3118.220814640052,APPROVE
79709.69604992805,293.4946417652858,0.057466101597610605,0,244.57886813773814,APPROVE
11848.344373119256,134.83121226836883,0.09629757968939848,0,112.35934355697403,APPROVE
58093.55055680038,676.1927506732178,0.020881669070841727,0,563.4939588943481,APPROVE
30807.01544105754,11605.669368966182,0.07106007832913282,0,9671.391140805152,APPROVE
38803.51275416473,15123.783155154732,0.0631242754512471,15,12603.15262929561,APPROVE
20281.460649004326,12026.01464870522,0.04462813108842286,0,10021.678873921017,APPROVE
147047.31067339328,1059.801881819076,0.053911566504034676,0,883.16823484923,REJECT
83453.88275446247,157.4136113821686,0.10777380844003707,15,131.17800948514048,APPROVE
20094.131149934477,80.29986863501108,0.1415401145750636,15,66.91655719584257,APPROVE
12485.353477301633,639.4248581306717,0.13625398399052505,30,532.8540484422264,APPROVE
26674.461678531112,1053.3454814059985,0.14090550119153872,15,877.7879011716655,APPROVE
51410.72652217938,6362.428278577901,0.02249875711785897,0,5302.023565481584,APPROVE
44009.670601867285,3784.9254081705203,0.1095455492290507,0,3154.1045068087665,APPROVE
98963.4886734567,1755.134904832086,0.11731127358100926,0,1462.6124206934048,APPROVE
68318.49351157159,459.25296574566113,0.03361550476803192,0,382.7108047880509,APPROVE
78877.80963739169,421.7781382791957,0.08052915424072582,0,351.4817818993297,APPROVE
47168.62945829889,1812.329170433576,0.013320415354997013,0,1510.2743086946466,APPROVE
11950.889811861638,3083.671099472811,0.20804872031395827,15,2569.725916227342,REJECT
31052.70419148174,2138.099056081914,0.06458445329345146,0,1781.749213401595,APPROVE
84801.77828710571,386.0231552955611,0.08844254447565283,0,321.6859627463009,REJECT
34849.067461034705,2916.723165593192,0.09290974600836063,0,2430.6026379943264,REJECT
54310.4694506144,2227.216920965825,0.07030051636283627,0,1856.014100804854,REJECT
28141.52008322573,369.6716649248208,0.050863827543941545,15,308.059720770684,REJECT
15933.044804870133,521.2499841188866,0.07870297000567168,0,434.3749867657388,APPROVE
32903.18526930108,3052.1760568761774,0.020252494181248654,0,2543.4800473968144,APPROVE
46501.41189399082,1008.2847157314433,0.05989142382936655,0,840.237263109536,REJECT
21492.296002373547,8994.707870396538,0.10152619489039257,0,7495.589891997115,APPROVE
30074.442513065947,2437.6019759484825,0.2592279971062184,0,2031.3349799570688,APPROVE
17127.307634149096,745.0545827848771,0.040144708846389356,0,620.8788189873975,APPROVE
88911.42549977533,1319.7111772650278,0.06718918440768079,0,1099.759314387523,REJECT
28693.772551346337,1441.5511180715591,0.12829625571419065,0,1201.2925983929658,APPROVE
116099.68286341042,557.4353492371762,0.06924821309888139,0,464.5294576976468,APPROVE
123376.7894065869,446.88847605152597,0.04706371525657281,0,372.40706337627165,REJECT
34035.63109441168,3099.768714851063,0.0763837161917623,15,2583.1405957092193,APPROVE
16207.688606364358,3683.957509288448,0.032569423467238415,0,3069.9645910737067,APPROVE
6845.054487038251,2757.1495973503133,0.1589562754687944,0,2297.6246644585945,APPROVE
11185.463825330573,8232.101605573987,0.18876414390039586,15,6860.084671311655,APPROVE
12099.65404775016,697.3497119856728,0.13970234346743535,15,581.1247599880606,APPROVE
109401.042915082,9962.066672482912,0.061880514417255755,15,8301.722227069093,APPROVE
39841.31307166568,453.18913945821646,0.10701989248898391,0,377.6576162151803,REJECT
49596.90042225702,396.3082156882685,0.05635198646092283,45,330.25684640689036,REJECT
6146.6542775157395,161.65496988528457,0.08877598594456171,15,134.71247490440382,APPROVE
13927.587391593255,782.4738711958307,0.06933325625088801,0,652.0615593298589,REJECT
73840.58717655964,729.9296085217935,0.03404407175356793,15,608.2746737681613,APPROVE
45680.15739419093,2511.25935990422,0.038964933021303376,0,2092.7161332535165,APPROVE
32281.05410988201,1790.2025286837334,0.03895629383806373,15,1491.8354405697776,REJECT
57060.87086279091,319.2092557235718,0.05086160543399899,15,266.0077131029765,APPROVE
134408.40534817879,833.924958835421,0.045221187398014846,0,694.9374656961841,REJECT
30429.445761527775,855.47808952982,0.15249213919239557,0,712.8984079415167,APPROVE
38387.833104269346,158.5763547328998,0.06984541206961078,0,132.1469622774165,APPROVE
42364.98755962461,411.6933740769646,0.033835638782988696,0,343.07781173080383,APPROVE
246147.86417380182,529.7676691103164,0.08304539630054174,0,441.4730575919304,APPROVE
6771.751101148136,7463.3893821800175,0.01836333433422169,0,6219.491151816681,APPROVE
62728.95434605148,1681.0195547600351,0.05498655863408037,0,1400.8496289666957,APPROVE
33128.79759162194,2957.256950483436,0.1495825898420959,0,2464.38079206953,APPROVE
57149.01198358925,221.19669104500264,0.06372408061606342,0,184.33057587083553,REJECT
21463.346746635234,5599.7223023228025,0.0647862769190698,0,4666.435251935668,REJECT
34920.452753295824,6366.068592700674,0.04220074413023789,0,5305.057160583895,APPROVE
64159.565062887305,121.4376480681958,0.10830693223751128,15,101.19804005682983,APPROVE
438155.06694972207,573.0854530436175,0.08638562288034135,0,477.5712108696812,APPROVE
69315.85532112853,2421.9628722634993,0.12590408473141892,0,2018.302393552916,REJECT
18426.544162948176,2894.8282194000144,0.16851495330859356,15,2412.356849500012,APPROVE
