revenue,net_profit,debt_to_equity,fraud_score,avg_balance,expected_decision
23366.33118408847,312.6931328597907,0.07472680712200629,0,260.57761071649225,APPROVE
12639.754490862859,383.88794888108174,0.13512904005149137,0,319.9066240675681,APPROVE
82823.28068109785,2384.54368000503,0.14489464022061654,0,1987.119733337525,APPROVE
21220.040179717253,8084.827514800041,0.05686365148184747,0,6737.356262333367,APPROVE
58971.40598433407,109.34018444067313,0.05991823744256266,0,91.1168203672276,APPROVE
164217.7747857372,388.1718590583615,0.04169933055599168,0,323.47654921530125,APPROVE
18308.723866848388,8482.866334270102,0.03376209506385868,0,7069.055278558419,APPROVE
62734.27288392369,805.7606496567478,0.2171111810948531,15,671.4672080472898,APPROVE
17430.864630921606,2159.031269514455,0.132379346664824,0,1799.192724595379,APPROVE
31372.36996538763,284.302326634684,0.25739593802861244,15,236.91860552890333,APPROVE
72789.34412131655,16830.878898012506,0.05286036879185307,15,14025.73241501042,APPROVE
20491.327617956158,2745.3681620046377,0.05590325859911845,0,2287.8068016705315,APPROVE
45397.7226381628,457.2346863649281,0.0845697884673132,0,381.02890530410673,APPROVE
15293.065474447458,949.1915114882513,0.07702279724894424,0,790.9929262402094,APPROVE
25071.096063785448,677.9709361278233,0.02038344522512996,0,564.9757801065193,REJECT
15338.160284277872,1321.369609693637,0.07394816888192324,0,1101.141341411364,APPROVE
13011.725879810838,2300.1336973214306,0.08933645302623307,0,1916.7780811011924,APPROVE
27647.033070115656,684.9551965161506,0.14806700795969957,0,570.7959970967921,REJECT
17294.044845599343,401.75293975642836,0.04042722852730589,0,334.7941164636903,APPROVE
49293.54220948383,1191.872560723458,0.0424737074578048,0,993.227133936215,APPROVE
23222.165759129566,2993.750152622538,0.1431424145115354,0,2494.7917938521146,APPROVE
94636.40755876129,1477.4337501471973,0.06452052902192398,0,1231.194791789331,APPROVE
34679.53291482519,489.3306719407848,0.046717636450013054,15,407.775559950654,REJECT
29505.351094412505,44.601993656023375,0.0782395794149719,15,37.16832804668614,APPROVE
29666.96439917493,1441.825347800113,0.21899365993876946,0,1201.5211231667606,APPROVE
167298.2308789727,2533.2635431876693,0.10984847136330167,45,2111.052952656391,REJECT
42254.35252548207,455.55308776000567,0.1678166574190509,0,379.62757313333805,REJECT
21126.229057936354,5593.654527223066,0.13006862443708533,0,4661.378772685888,APPROVE
15840.84707893418,524.0813372951819,0.04975122741058541,0,436.7344477459849,APPROVE
21649.587770070782,1569.346557358976,0.06185941652041629,0,1307.7887977991466,APPROVE
55099.6114120621,2431.0407594885046,0.25760567810737084,15,2025.8672995737536,APPROVE
157183.1575049426,1598.1870951264107,0.08992863111778168,0,1331.8225792720089,REJECT
62847.836930051715,692.830070319375,0.05375993256856999,0,577.3583919328124,APPROVE
42308.07390651468,1965.1352578644758,0.04059854284404703,0,1637.612714887063,APPROVE
108980.78226051475,76.3652917334022,0.06572537784311887,0,63.6377431111685,APPROVE
47207.29049696718,2344.1147419934946,0.09917815898703033,0,1953.4289516612453,REJECT
12902.726180405532,2606.2418901461006,0.10957030153191902,0,2171.868241788417,APPROVE
81205.60975670195,211.36322068034337,0.04583392231203274,15,176.13601723361947,APPROVE
17127.307634149096,745.0545827848771,0.040144708846389356,0,620.8788189873975,APPROVE
69864.41585457302,246.88194657013605,0.03419515070766838,15,205.73495547511337,APPROVE
30273.226651912493,2022.1405852421508,0.016036400123283473,0,1685.1171543684588,APPROVE
32537.58713769162,242.43496896511076,0.14661350189321512,0,202.02914080425896,APPROVE
28757.244588384598,1359.4367059385224,0.10574334605137256,0,1132.8639216154354,REJECT
107472.6873232544,1044.781352415246,0.0671289883918197,0,870.6511270127048,REJECT
79814.2962808471,306.18789506170583,0.21100253931603022,0,255.15657921808818,APPROVE
104856.25458823203,3223.885248108616,0.03430656850993386,0,2686.571040090513,APPROVE
19776.25997222597,2938.7211614888565,0.15308934008925879,15,2448.934301240714,APPROVE
3528.383835596287,246.99092323948798,0.07561099408197462,0,205.82576936624,REJECT
52298.5202491036,3830.7126849786105,0.14120030049519625,0,3192.2605708155083,APPROVE
56534.1961695154,487.83724573378413,0.0692979281088818,0,406.5310381114868,APPROVE
28347.106169885177,2176.845455769293,0.12484178166548739,0,1814.0378798077443,APPROVE
87278.19380054441,474.18012137151794,0.08502175520555873,0,395.1501011429316,APPROVE
18667.554331945867,2363.306123631852,0.07843373435900676,0,1969.42176969321,APPROVE
22672.466519256483,458.3177492327759,0.11442341518454596,0,381.9314576939799,APPROVE
31619.918730678957,2714.3508593498314,0.08024114932087154,0,2261.9590494581926,APPROVE
43792.575089168604,2055.5135927467345,0.008115554842721572,15,1712.927993955612,REJECT
32478.32742701044,2033.1129396960616,0.03588298986640809,0,1694.2607830800514,APPROVE
29842.520180356118,532.7593974169853,0.15902382527968964,0,443.96616451415434,APPROVE
29997.04994565506,1783.7390243620812,0.25724614300740484,0,1486.449186968401,APPROVE
37443.57439430869,363.0416819814905,0.07358545387884166,0,302.53473498457544,APPROVE
12571.175972849458,2774.9209238654357,0.09822079532886553,0,2312.4341032211964,APPROVE
12258.636256734158,3101.380319284912,0.02039509945243894,30,2584.483599404093,APPROVE
113504.37449846328,358.65823164099055,0.10264613009068418,0,298.88185970082543,APPROVE
36111.40461041136,801.4585931081754,0.10315329863077873,15,667.8821609234794,APPROVE
11616.728508257049,196.00520056487701,0.1003155964139162,15,163.33766713739752,REJECT
46585.608351421004,3110.747589714405,0.09931732914652529,0,2592.289658095337,APPROVE
63886.485984086496,1483.685719090277,0.06052127415977408,0,1236.404765908564,APPROVE
44922.88282762866,2627.9526370596295,0.09334276914739964,0,2189.9605308830246,APPROVE
41896.4247223943,176.38692357588275,0.06825752239994307,0,146.98910297990227,APPROVE
34039.13359711984,542.7575507229211,0.11565619845670533,0,452.2979589357676,APPROVE
14743.919284524616,869.420054816086,0.15534999458332593,0,724.5167123467382,APPROVE
19019.21604192389,4208.951768272051,0.09088487173903577,0,3507.4598068933756,APPROVE
15333.636796088855,2200.4542835428233,0.07102959068792106,0,1833.7119029523528,REJECT
74583.89665424894,1469.8316493116015,0.1426123520656798,0,1224.8597077596678,APPROVE
76092.64928379758,626.5934382807333,0.08405130049125342,15,522.1611985672777,APPROVE
13476.656768195733,708.9762874343024,0.11919047967412863,0,590.8135728619187,APPROVE
33611.70036566842,385.3078482570196,0.11082357478474289,0,321.08987354751633,APPROVE
313146.6628505189,590.8420124931712,0.07434243495183102,0,492.36834374430924,REJECT
59011.07838935672,823.331745033987,0.033003707696713507,0,686.1097875283225,APPROVE
98940.5167412523,2808.2441525272097,0.0997602364345346,0,2340.203460439341,APPROVE
17619.21537633482,272.78218127864733,0.11548836097169995,15,227.31848439887278,APPROVE
55144.59623016882,1908.374164129478,0.10963266010719858,30,1590.3118034412316,APPROVE
22744.391744550147,1994.548696854317,0.009068893172613054,15,1662.1239140452642,REJECT
467187.54637987615,1333.227432431394,0.02340076212410997,0,1111.0228603594949,APPROVE
8137.242482526898,30.913633726759862,0.18209818925411633,0,25.76136143896655,APPROVE
205253.66345911467,1988.587730489313,0.06392707452505908,0,1657.1564420744273,APPROVE
33629.269412528854,247.55544429965553,0.046941259061842426,0,206.29620358304626,APPROVE
38077.34432891004,507.9867279451212,0.09315734833006757,15,423.3222732876009,APPROVE
7635.0334267851895,2096.126805418496,0.1348034794967372,0,1746.7723378487465,REJECT
11538.892309156745,2981.9035756138564,0.09200340120133924,0,2484.91964634488,APPROVE
19979.48691501972,2665.3461564166787,0.0818156694207924,0,2221.1217970138987,APPROVE
23756.20603135599,902.7151092401054,0.0691052062252399,0,752.2625910334212,APPROVE
53054.04217605148,44321.41168791597,0.023497514564802483,0,36934.50973992997,APPROVE
33553.22548587413,3016.608874268366,0.05343086493640891,0,2513.8407285569715,APPROVE
31186.14041179708,611.1880955082407,0.0821573144535896,0,509.3234129235339,APPROVE
55000.466409539506,502.91994335303093,0.03551156273024454,0,419.0999527941924,APPROVE
80600.19988573616,125.324713242166,0.07728809632310572,0,104.43726103513832,APPROVE
86769.95701292074,4474.635325920197,0.22364144171324032,0,3728.8627716001643,REJECT
78230.63962588344,1231.476640398019,0.08064878180104929,0,1026.2305336650159,APPROVE
7405.252822992619,7872.26565536859,0.05418522424706729,0,6560.2213794738245,REJECT
18741.50227689577,544.826896034739,0.11301494480563315,0,454.0224133622824,REJECT
56240.187171336984,3104.496753937037,0.0839150575290345,0,2587.080628280864,REJECT
36889.90908708536,1070.5771519520479,0.11577067248587616,0,892.1476266267065,APPROVE
54182.56336259948,1179.2145187550123,0.043956642808904094,15,982.6787656291768,REJECT
30431.219582228314,1302.3442280321274,0.18195141696879932,15,1085.2868566934394,APPROVE
149098.64192466735,3571.22098452679,0.05801722273003235,0,2976.0174871056583,REJECT
163558.4430918562,513.9561454819608,0.08989910369212203,0,428.29678790163393,APPROVE
27731.693924802767,1477.8271896297415,0.04891187620919686,0,1231.5226580247845,REJECT
93349.19626214016,441.683389534168,0.07269050890936478,0,368.0694912784733,REJECT
26621.076886442504,1578.5300286462154,0.10265311232648756,0,1315.4416905385128,REJECT
11644.060103467462,1210.4052106937245,0.16988443077420137,0,1008.6710089114371,REJECT
34293.77029029629,3267.7200094919426,0.09295945203220263,15,2723.1000079099517,REJECT
14752.337610387189,3871.1631573301383,0.08648615901785352,0,3225.969297775115,APPROVE
22029.662900556068,1369.1090895148452,0.07755387071196014,0,1140.924241262371,REJECT
138634.1803322324,1792.4943470708267,0.08169722956420694,15,1493.7452892256888,APPROVE
20429.03472632639,535.3146842243108,0.16689255177747098,0,446.09557018692567,REJECT
29427.57198995702,1266.3411895210743,0.06772840935401392,0,1055.2843246008952,REJECT
83390.47973197367,3003.6376247365283,0.15516625986479335,0,2503.0313539471067,APPROVE
19263.80853885436,1182.0686160002979,0.08806789904553666,0,985.0571800002482,APPROVE
59492.45398214226,1554.8991541579717,0.05580086602734582,0,1295.7492951316428,APPROVE
31623.100217808616,979.1534297227289,0.12112623326346278,0,815.9611914356074,APPROVE
92798.26434379227,4574.137537995481,0.058246722445312864,0,3811.7812816629007,APPROVE
104436.15511363758,1532.3923347253658,0.1661619570073058,0,1276.993612271138,APPROVE
14554.038027155226,4057.0912640641473,0.11607922701501604,0,3380.9093867201227,APPROVE
9130.307169212852,527.1364946459946,0.03209501819555101,0,439.28041220499546,APPROVE
39271.35432401782,5325.347644295094,0.11677846859910797,0,4437.789703579245,APPROVE
27264.148555233245,5041.542753701784,0.025775574082805244,15,4201.28562808482,APPROVE
16649.82091111788,1877.9960198526028,0.02236650245834418,0,1564.9966832105022,APPROVE
7768.729655725154,1769.6304604330671,0.05326745168844986,0,1474.6920503608892,APPROVE
71224.1308463142,2340.4946273537244,0.12091115983657573,0,1950.412189461437,REJECT
18604.342093050545,489.98295278461,0.08666306938620676,0,408.31912732050836,REJECT
57406.467429052405,3568.619381216318,0.07312478222918507,0,2973.849484346931,APPROVE
42437.553958210796,5400.71747846642,0.03311702765923845,0,4500.597898722016,APPROVE
30716.064129794013,4992.02420236728,0.0537982949542227,0,4160.0201686394,APPROVE
182083.39736198116,2534.747244172368,0.18010085981640478,0,2112.28937014364,APPROVE
16971.17195509836,2160.694275799325,0.020647195168466553,15,1800.578563166104,APPROVE
19750.13852350148,165.68768720676303,0.025505494484884247,15,138.07307267230252,APPROVE
40073.17998900546,17595.019245326854,0.19993208062038087,30,14662.516037772379,REJECT
33799.84327311321,6898.850811056613,0.051877517138432146,15,5749.042342547177,REJECT
320018.8992767274,1361.3774025014675,0.17336681885650296,0,1134.4811687512229,APPROVE
76611.49868721086,1179.492954719708,0.10949296517758846,0,982.9107955997566,REJECT
45045.83482577702,6692.087522032604,0.11239978127608131,0,5576.739601693836,REJECT
21055.052034303037,352.85889299896036,0.05536659942857221,0,294.0490774991336,REJECT
49203.09065550659,2822.633710049745,0.019095987179087368,15,2352.1947583747874,APPROVE
22871.877510056678,5606.196600793406,0.08022346966947703,0,4671.830500661172,APPROVE
42098.54168775795,9287.845558330278,0.19410814831849957,0,7739.871298608566,APPROVE
75289.0645197022,1470.4345134758912,0.08693731293496883,0,1225.3620945632426,APPROVE
198752.8003867557,1646.079299382801,0.09132835727839037,0,1371.7327494856675,APPROVE
110268.12981615296,183.30386721858866,0.03496145878628142,0,152.7532226821572,REJECT
14919.530111293396,249.2212349932499,0.10453758725905687,0,207.6843624943749,REJECT
54517.04069225892,1014.8718931854676,0.045185715921812,0,845.7265776545563,REJECT
11784.589618464433,211.06487206544222,0.07095016056588345,0,175.8873933878685,APPROVE
15613.853743338406,195.58546957834523,0.03838846664775721,15,162.98789131528767,APPROVE
15963.771598468998,349.5415701198194,0.018279575795410157,0,291.2846417665162,APPROVE
32615.82916842237,495.9204739641786,0.0473834693222679,15,413.26706163681547,REJECT
24944.795725156306,553.5405002419845,0.015072032065862712,0,461.28375020165373,APPROVE
54535.92357859588,130.96091964186994,0.04756372044888597,0,109.13409970155828,APPROVE
18586.486347023456,1452.5269319164527,0.10311382742536047,0,1210.4391099303773,APPROVE
94295.44199816156,904.6837138964197,0.12231456928687423,0,753.903094913683,APPROVE
44707.9329332771,3971.7801884264295,0.08263169994655238,15,3309.816823688691,APPROVE
14023.229530054821,2856.308338078317,0.1399244546131101,30,2380.256948398597,APPROVE
22420.77975305989,764.5777889238553,0.061335595495995016,0,637.1481574365461,APPROVE
62308.653382982826,317.839135844938,0.036455072076264555,0,264.86594653744834,REJECT
34499.12784088661,501.71333971914913,0.025445009477366977,15,418.09444976595756,APPROVE
47913.78684683491,480.4606520241165,0.15481980935994227,0,400.3838766867637,APPROVE
58882.352789829536,187.4910824397628,0.09872034885286268,15,156.24256869980232,REJECT
53918.24242213059,864.0727190465421,0.057614060710734105,0,720.0605992054517,APPROVE
15402.55664314891,1031.191651219068,0.07009704801437783,0,859.3263760158899,APPROVE
86349.02939128793,917.8290372498091,0.08886966545556564,15,764.8575310415075,REJECT
24506.43589173027,1967.306248295619,0.09423376101336946,15,1639.4218735796824,APPROVE
12911.83642883043,690.5615505983029,0.06545340554070488,0,575.4679588319191,APPROVE
54555.83865289708,3076.7010214517663,0.03351144085167378,0,2563.9175178764717,APPROVE
86285.201256251,4607.309930502701,0.08357058559026376,0,3839.4249420855836,APPROVE
30782.787835455605,19975.476750548838,0.03850614654562729,0,16646.230625457363,APPROVE
10805.895569560822,853.5232622612835,0.18619205771171493,0,711.2693852177363,REJECT
28841.45096142424,135.63005057970165,0.16700331229714918,15,113.02504214975137,APPROVE
25418.817595041546,15722.25925694224,0.08885693658051685,0,13101.882714118532,APPROVE
69731.03882717293,2540.1169541602208,0.11236749519837065,0,2116.7641284668503,APPROVE
26682.12441236829,1468.7570263922378,0.07239453215847502,15,1223.964188660198,APPROVE
31727.611990774538,833.5608176905124,0.02263450891104203,0,694.6340147420937,APPROVE
48291.08422394914,306.43265674708795,0.23969024554372256,0,255.36054728923997,REJECT
23837.17735869825,5443.670639339083,0.027441753975518634,0,4536.392199449236,APPROVE
26547.24211311835,4251.974661161879,0.131365365548968,0,3543.3122176348993,APPROVE
11704.204396457972,4591.3881967776615,0.03546247138373897,0,3826.1568306480513,APPROVE
33645.29832165683,1101.8472578381675,0.19892682977779474,0,918.2060481984728,REJECT
28624.384524587196,562.7687637535009,0.028865526375648754,0,468.9739697945841,APPROVE
58834.032352303555,3801.9982644001316,0.04353551200943996,15,3168.3318870001094,REJECT
20282.998903844946,249.18717178186782,0.020163258903460067,0,207.65597648488983,REJECT
60528.76387720415,6297.3696429166785,0.04929565940951266,15,5247.808035763898,APPROVE
19002.33573592629,227.2157153669591,0.0805361655574466,0,189.34642947246593,APPROVE
14717.000233442588,886.453546131713,0.035688582935135604,0,738.7112884430941,APPROVE
36545.164118163484,332.6500347375353,0.037508679636662524,0,277.2083622812794,APPROVE
26113.910063863736,408.2221556671352,0.09440999759217072,0,340.18512972261266,APPROVE
21734.726151001534,1165.737450736463,0.11441050674847694,30,971.4478756137191,REJECT
60375.24350569622,6285.2933632012255,0.08549394591884484,0,5237.744469334354,REJECT
38673.432797443056,338.79937488998735,0.11345614702950224,15,282.3328124083228,APPROVE
28986.118237878196,6849.793545287951,0.04343147134862396,0,5708.161287739959,REJECT
8769.218170588952,686.1330668291031,0.03213153344917496,0,571.7775556909193,REJECT
53355.18680410261,299.8713168503042,0.13277091760051454,0,249.89276404192015,APPROVE
41812.551894845965,371.1083941493777,0.13635325957581435,0,309.2569951244814,APPROVE
57875.94126689037,2526.1596446478256,0.09646453590048429,0,2105.1330372065213,REJECT
91073.18208389165,1519.3903706582714,0.07221738372303046,15,1266.158642215226,APPROVE
52249.8725041912,168.77065697494436,0.035564239381728154,0,140.64221414578694,REJECT
141428.38945983045,1750.6432545791704,0.15404212672912593,15,1458.8693788159753,REJECT
15363.503690817142,4584.288162205985,0.07878335812840219,0,3820.240135171654,APPROVE
42267.12745070617,3275.9031227265787,0.04341514648104828,0,2729.919268938815,APPROVE
40729.6160495223,1012.4652352107319,0.09197708320404767,0,843.7210293422764,APPROVE
85063.45531294368,1284.866672756788,0.052347287001578764,0,1070.7222272973231,APPROVE
15682.10607467982,1021.9716195790863,0.10616108931618827,0,851.6430163159052,APPROVE
43274.56214951881,1203.9625775638312,0.04937774180120966,0,1003.3021479698594,REJECT
52893.479527239135,1296.1952050759676,0.11425326551535829,15,1080.1626708966396,REJECT
57415.30733611988,328.0211405914418,0.1376805723112678,30,273.35095049286815,REJECT
18759.90303352642,1132.4351970141558,0.011036558772964018,0,943.6959975117965,APPROVE
19666.554479540293,918.6714851569232,0.09376574885007466,15,765.5595709641026,APPROVE
27160.165388686702,892.897488907186,0.04952092536331757,0,744.0812407559883,REJECT
32057.340139820953,1716.4940697592,0.11483540578773593,0,1430.4117247993333,APPROVE
107010.45988054646,402.9570029428339,0.030989563494191,15,335.7975024523616,APPROVE
15581.370125097976,2549.205078586454,0.16674619451401387,0,2124.3375654887113,REJECT
103014.23173515554,569.7803745668909,0.13615767883977165,0,474.8169788057424,REJECT
55175.17431484393,1802.1867039961417,0.06569612223500973,0,1501.822253330118,APPROVE
79904.22400833265,434.1996709066547,0.010465811604167742,0,361.8330590888789,APPROVE
9301.520092672594,1063.0309396487853,0.09880621736121736,0,885.8591163739878,REJECT
36142.915476589136,212.3629895769535,0.095733433215026,0,176.96915798079456,APPROVE
17448.00718277697,346.8043613664869,0.032594948191941954,0,289.0036344720724,APPROVE
39759.98678615192,76.96085493803582,0.09157988952125275,15,64.13404578169651,APPROVE
51761.48942490737,1153.4257650843342,0.014468861898686064,15,961.1881375702784,APPROVE
59276.904197120864,1055.851737372385,0.167346488136428,15,879.8764478103208,REJECT
37016.62572527508,1261.4987870217772,0.10008722154953598,0,1051.2489891848143,APPROVE
46436.4326575283,3320.943493750544,0.028661297997178023,30,2767.4529114587863,APPROVE
21412.777203498412,5711.428063439932,0.09592977141013626,0,4759.523386199943,APPROVE
14984.61478939093,5173.489269569696,0.17393895027076126,0,4311.241057974747,APPROVE
8805.61757441317,7465.250853778464,0.08119530736422405,0,6221.04237814872,REJECT
13798.11386075145,94.73292907901924,0.030539643912129235,0,78.94410756584936,APPROVE
24583.621355985484,4595.993114006516,0.05154033092009403,0,3829.994261672097,APPROVE
20245.882016122683,11690.655381548744,0.05171256194571273,0,9742.212817957286,APPROVE
92610.6076340742,25572.204759777032,0.0915167759474568,15,21310.170633147525,REJECT
25995.334624597133,1346.2426329246155,0.13931075717744756,15,1121.8688607705128,APPROVE
91808.83765177883,164.29356141747533,0.09070680482053421,0,136.91130118122945,APPROVE
34229.45971756928,1425.498566045267,0.06758211129047331,0,1187.9154717043891,APPROVE
12327.098258589265,368.5537557242983,0.010703155928187567,0,307.12812977024856,REJECT
11560.852882936275,656.3708131761255,0.03392919739730312,0,546.9756776467713,APPROVE
25809.428349142603,1911.3347209780384,0.034045445648539785,0,1592.7789341483651,APPROVE
33163.842605958926,333.46857950024355,0.11070567472238489,0,277.89048291686964,APPROVE
7288.364937255655,334.2381291714001,0.032554413313522976,0,278.53177430950007,APPROVE
55478.68675160403,1323.7026307512435,0.06817427160438734,0,1103.0855256260363,APPROVE
43764.265403824305,542.6906100306992,0.04771459499269011,15,452.24217502558264,APPROVE
183301.01577001365,812.2907125172409,0.04709143796474059,0,676.9089270977007,REJECT
45020.52712560329,7851.578611854744,0.10714772143211987,0,6542.982176545619,APPROVE
10896.791867089894,1432.0349647080322,0.04830949899649007,0,1193.3624705900268,APPROVE
35231.136654086804,1233.9994830588735,0.08673420262319874,15,1028.3329025490611,APPROVE
11428.160280190252,2283.4876859212086,0.04445163092202062,0,1902.9064049343403,APPROVE
25239.467679947127,1209.072457625343,0.15602565084215075,0,1007.5603813544525,APPROVE
42425.60885230814,543.5467517590239,0.14851425888779757,0,452.9556264658532,APPROVE
26378.143579075746,896.339861877444,0.13581374282953484,0,746.94988489787,APPROVE
15234.835546254171,574.0493203065346,0.04125263379171505,0,478.3744335887788,APPROVE
43435.4132693597,2109.8003320747553,0.047310963094555715,0,1758.1669433956292,APPROVE
14198.562818078766,376.54061504035013,0.05230564679800053,15,313.7838458669584,APPROVE
29389.36422883462,1280.8755504491805,0.0532546146604418,15,1067.3962920409838,APPROVE
16781.98437774251,4247.573798196556,0.1285875227925738,15,3539.644831830463,APPROVE
16453.872581774693,1979.8734258264028,0.07788267887276488,0,1649.8945215220022,APPROVE
38906.4414719734,1845.364340144401,0.027026149305641463,0,1537.8036167870007,REJECT
31414.36845767492,56310.27275542973,0.055041001902682164,15,46925.22729619144,APPROVE
34444.13131742464,8635.640372910055,0.10659623778974522,0,7196.366977425045,APPROVE
56540.427173297954,1858.300547597461,0.02736636632187674,0,1548.5837896645507,APPROVE
76578.5787241663,26783.23704673205,0.05984442994320679,0,22319.36420561004,REJECT
142698.70066542298,389.1272414564586,0.009317429782649607,0,324.2727012137155,APPROVE
22366.315716317346,1019.2504661082562,0.07771108615567338,0,849.3753884235467,REJECT
87306.08023952183,2958.5606053972183,0.040068594597604056,0,2465.467171164348,APPROVE
43144.801077097654,396.3277725190523,0.03275684353582124,15,330.2731437658769,APPROVE
46054.821544783605,1974.574650194782,0.08890239294934447,0,1645.4788751623182,APPROVE
14936.143959922478,1657.327483291393,0.02201539097440751,0,1381.1062360761607,REJECT
38592.155643512124,3378.8912124491094,0.1542451265078846,0,2815.7426770409243,APPROVE
26889.551428113657,699.8549516119365,0.04732754180269931,0,583.2124596766138,APPROVE
44071.55390989296,1350.1288251054368,0.03729780044997325,15,1125.1073542545307,APPROVE
45692.95155986408,1522.8128630201575,0.02237971850874586,0,1269.0107191834645,APPROVE
43616.77547631017,76901.01927099108,0.041087698839019283,0,64084.18272582589,APPROVE
281126.33233127504,450.0850895690885,0.03923888593134829,0,375.07090797424036,APPROVE
106210.7633456027,192.1736022414676,0.04937303469350644,0,160.1446685345563,REJECT
265176.7684498687,347.94836477996705,0.04239707819864907,0,289.95697064997256,APPROVE
15743.024303566935,690.0129921418378,0.10338467976332283,0,575.0108267848648,APPROVE
29645.30777078866,8324.691214299115,0.0012842999304968857,15,6937.2426785825955,APPROVE
41211.44880116425,777.1865709648481,0.03940424953963843,0,647.6554758040401,APPROVE
16602.38731079921,1406.7874112032555,0.13345489711713546,0,1172.3228426693795,APPROVE
12138.744202876382,863.6149010864871,0.03471742017727246,0,719.6790842387392,APPROVE
27783.003680591755,536.4527769212154,0.02230962920657823,0,447.04398076767956,APPROVE
98676.67946613517,407.9644741971465,0.10749381483404483,15,339.97039516428873,REJECT
13425.476492716361,4350.463714054534,0.036138066603146966,0,3625.3864283787775,REJECT
43702.33176034438,542.696648591039,0.042285609294330326,0,452.24720715919915,APPROVE
301183.4051521425,3835.947211968108,0.06593209844691637,0,3196.62267664009,REJECT
44513.00508864852,2875.056125236564,0.03030447279631462,0,2395.8801043638036,APPROVE
118652.61617213058,4552.18441475749,0.08281665948217456,0,3793.487012297908,REJECT
23785.176596726604,523.8693123699741,0.2010419748938763,0,436.55776030831174,APPROVE
71630.89029380115,756.7556074797762,0.03304768184514351,0,630.6296728998135,APPROVE
21384.342145538732,1910.0149270786653,0.13970008202738668,0,1591.6791058988877,APPROVE
10812.128071699353,463.911805930126,0.1725526081392643,0,386.5931716084383,REJECT
35621.33126781934,1266.713665109798,0.07965957489221881,0,1055.5947209248318,REJECT
88780.21079361772,2349.586190211303,0.11942844196440905,30,1957.9884918427524,APPROVE
104510.54201428818,348.101368506691,0.06568211060846685,0,290.08447375557586,APPROVE
34618.34715761284,436.01297434686694,0.11764150938715973,0,363.3441452890558,REJECT
66645.50435735917,462.4859966174561,0.04436626784483769,15,385.40499718121345,REJECT
15524.225666736877,2140.031539062817,0.09194561208575629,0,1783.3596158856808,APPROVE
5758.677163568361,2112.222331243961,0.034386716688691074,0,1760.185276036634,APPROVE
16476.680006947656,751.260326030143,0.028540092729580368,0,626.0502716917857,APPROVE
19822.321479326823,6646.048824078376,0.11476990143467505,0,5538.374020065313,REJECT
17167.87012968459,656.1939236307908,0.06550309286562146,0,546.8282696923256,APPROVE
30599.710950008688,12271.847994107164,0.09083150614482244,0,10226.539995089302,REJECT
77733.764804997,27829.68426643478,0.08086680320157197,0,23191.403555362314,APPROVE
98470.60659537667,1244.906221602963,0.11060900919731986,0,1037.4218513358023,APPROVE
58142.59258289114,6860.027457424684,0.03176909891387845,0,5716.689547853904,REJECT
26143.309074886252,273.30762311343864,0.07446547051783212,0,227.75635259453222,APPROVE
49572.07665309323,459.7961639202649,0.08035136975495248,0,383.1634699335541,APPROVE
17012.196826768246,1721.3535122582093,0.19509358807503716,0,1434.4612602151744,APPROVE
43654.27992143793,1747.824508781996,0.09919521346291252,15,1456.5204239849966,APPROVE
112572.17277011325,4692.685732164623,0.024513792847523773,0,3910.5714434705187,REJECT
25820.239059060597,237.68607389098025,0.05027716491311475,0,198.07172824248354,APPROVE
16296.47314782404,3765.5484415500864,0.020003690167828447,0,3137.9570346250716,REJECT
10818.668502503308,9945.313849223596,0.10771986923154006,0,8287.761541019663,REJECT
18432.908602197153,785.4900226276709,0.12389594152800601,0,654.5750188563924,REJECT
11892.237986012315,21251.422469355617,0.058005672840529904,15,17709.518724463014,APPROVE
130034.34845196811,3131.7092000094726,0.040460785816104,0,2609.7576666745604,APPROVE
14057.774379011684,502.59874250203166,0.028876693698578294,0,418.83228541835973,APPROVE
43253.23182858975,499.206957195094,0.07752870856144228,0,416.0057976625783,REJECT
60519.05423619872,1116.7535199950214,0.06465523479819195,15,930.6279333291844,REJECT
64323.983374523865,4193.229216737544,0.1239892393147853,0,3494.3576806146207,APPROVE
125608.04461127936,844.2697308065304,0.059862499857575836,30,703.558109005442,APPROVE
5223.362020036484,2821.7702761444284,0.11093511075650297,0,2351.4752301203566,APPROVE
47689.731116341434,447.40943816595967,0.12135242410697251,15,372.84119847163305,APPROVE
24595.03059026676,3668.5502536315967,0.01687575000129923,0,3057.125211359664,REJECT
38905.41389522869,4411.248943752095,0.12286689471941635,0,3676.0407864600797,APPROVE
83146.11270468208,755.1710020225412,0.07855831141205065,15,629.3091683521176,REJECT
97166.15600043537,12180.524932844453,0.04341699802765395,0,10150.437444037043,APPROVE
47375.060033588066,570.262920327582,0.16217792557360908,15,475.21910027298503,APPROVE
24056.821175194073,719.2706552544536,0.12048887148626894,15,599.3922127120446,APPROVE
10338.18413532935,13917.687135068272,0.21475162655744157,15,11598.072612556893,REJECT
11639.933780652429,3266.8971974474307,0.05009493601564216,0,2722.414331206192,APPROVE
92543.72109854604,215.52367327986497,0.07619414448163489,0,179.60306106655412,REJECT
28357.93888652231,1574.2132204652457,0.0467626484068536,30,1311.8443503877047,APPROVE
26121.09298061557,234.22950789913648,0.038245381365437404,15,195.19125658261373,APPROVE
92723.23169687983,259.297720570783,0.05992624071413215,0,216.08143380898582,APPROVE
56499.77662199559,754.1191242766547,0.06970430935625443,30,628.4326035638788,APPROVE
15164.30913094267,275.768159173027,0.129075660211585,0,229.80679931085584,REJECT
78400.82672600634,225.5940620536164,0.1706512029076577,0,187.99505171134697,APPROVE
71025.38444792507,2254.9830894360553,0.12100892957175541,15,1879.152574530046,REJECT
21632.812873347542,87.17082241229812,0.11600005738718941,30,72.64235201024843,APPROVE
24308.28811216873,257.3721834538298,0.08707325753585153,15,214.47681954485816,APPROVE
40924.770148559415,3407.236981337018,0.0889154693010308,30,2839.3641511141814,REJECT
21325.571285989052,1147.5885126750798,0.16398210920531184,0,956.3237605625665,APPROVE
53574.52914169834,1509.4230295764696,0.05699525134664116,15,1257.8525246470579,APPROVE
14602.287971208441,5579.908877049529,0.036086245381343966,0,4649.924064207941,APPROVE
29339.15164368582,17040.914653684897,0.16843251876551246,0,14200.762211404079,APPROVE
27610.75471281129,207.21824750115584,0.06828621001195857,15,172.68187291762987,APPROVE
77627.3938254674,170.57906987600364,0.17758543073371427,30,142.1492248966697,APPROVE
15155.969932396772,1196.3765756822174,0.022674083648075268,0,996.9804797351812,REJECT
30745.60080395687,8829.873495916283,0.05026955180271322,30,7358.2279132635695,APPROVE
68761.25008143419,649.704335042328,0.12108903123839344,15,541.4202792019399,APPROVE
198337.41145576554,763.0353287706432,0.10309968847417665,0,635.862773975536,APPROVE
67341.77989745117,264.51252406819225,0.1489051642259252,0,220.42710339016023,APPROVE
46570.66206720336,2790.399163547543,0.07108949683018122,0,2325.332636289619,APPROVE
30342.16110717345,5420.58950137108,0.07332904622881019,0,4517.157917809233,APPROVE
45635.59394043051,1765.0397185115908,0.03761226193224019,0,1470.8664320929922,APPROVE
29757.267927361263,4058.5661608355645,0.07763015819907977,0,3382.1384673629705,APPROVE
39248.24620269763,150.28035359990363,0.1583867045933846,0,125.23362799991969,APPROVE
5693.525378116783,1009.8577003415014,0.03827809486921873,0,841.5480836179178,APPROVE
36732.546044917224,981.3724159565259,0.09815854138839684,15,817.8103466304382,REJECT
98407.09203780543,26750.62345308069,0.07001478496188362,0,22292.186210900574,APPROVE
59170.17751030399,1047.967883359271,0.03302440030040246,0,873.306569466059,APPROVE
14460.920297656989,387.2441475707405,0.0446616610794375,0,322.70345630895036,APPROVE
8892.899344810025,158.9598043883695,0.12279938609717429,0,132.46650365697457,APPROVE
53717.7974362567,1414.887484622017,0.13462741345362858,0,1179.0729038516808,APPROVE
92066.90887033464,1822.8043045236861,0.057613050005921644,15,1519.0035871030716,REJECT
75416.32071008314,1119.6636493259957,0.10621309890844448,0,933.0530411049964,APPROVE
133697.23629323204,394.7372641764199,0.1652938594803387,15,328.9477201470166,REJECT
149911.63167870554,53.94334629917072,0.14309601091799828,15,44.95278858264226,APPROVE
16666.61740831031,705.6798092605422,0.22092535252795667,0,588.0665077171185,APPROVE
7509.445790503634,1792.8324961684712,0.03906656508488856,0,1494.0270801403924,REJECT
22334.39003758067,96.25881173492179,0.06316373781571803,0,80.21567644576815,APPROVE
42259.47453426298,3440.4752502557676,0.044936150156750065,0,2867.062708546473,APPROVE
10769.830450154648,500.7945970451333,0.013857016866646145,0,417.3288308709444,REJECT
16022.767329036837,660.4203870051908,0.08400408870923538,15,550.3503225043256,REJECT
47073.814406883896,1028.4500578363607,0.09529970052235363,0,857.0417148636338,APPROVE
11958.121583513519,501.8611384674973,0.04512739161310279,0,418.2176153895811,APPROVE
37627.37180279788,13435.168893528209,0.05723797391031773,0,11195.974077940175,APPROVE
12607.329556000775,734.0889450615964,0.09632565273394658,0,611.7407875513303,APPROVE
38880.74866017871,630.3755076963763,0.016553742704009482,15,525.3129230803136,REJECT
53594.477769398996,6404.150351901029,0.06531216022049278,0,5336.791959917524,APPROVE
33519.302262317025,1310.215839880562,0.14421797281347257,0,1091.8465332338017,APPROVE
35325.46958838204,1290.5644826577357,0.10711131411041999,0,1075.4704022147796,REJECT
36930.87028267721,977.5447369179403,0.12014831602979284,0,814.6206140982836,APPROVE
22803.179770597562,6610.910493420997,0.11961167678811135,0,5509.092077850831,APPROVE
17449.154393217592,771.0742615353449,0.14615384048253932,0,642.5618846127874,REJECT
20177.56733975497,1811.4803504048978,0.02095791778585242,0,1509.5669586707481,REJECT
99629.68108383546,590.8297063200101,0.15203887747922862,0,492.35808860000844,APPROVE
31088.23386968493,395.6056355619324,0.03469157432203835,0,329.671362968277,APPROVE
21674.770130629586,1890.19507071918,0.06943730091001955,0,1575.1625589326497,APPROVE
60255.27830299714,626.212940640513,0.03568652805146383,0,521.8441172004275,REJECT
32187.383267110672,559.8011360394217,0.0939690338126932,30,466.5009466995181,APPROVE
21702.009396227495,833.2686921107085,0.07893671744321594,15,694.3905767589237,APPROVE
57740.06266837021,1819.1397660908665,0.09173600712283178,0,1515.949805075722,REJECT
25296.985121847098,1905.5668367892104,0.12643559759513523,0,1587.9723639910087,APPROVE
12906.505492713246,1275.9245144102151,0.054842710720333,0,1063.2704286751793,REJECT
80580.62021152792,10365.21407684874,0.0759806228381483,0,8637.67839737395,APPROVE
35420.187638368785,4844.068035550138,0.22017930269661812,0,4036.7233629584484,APPROVE
52435.759112980224,13740.591587572062,0.1179341462659163,0,11450.492989643384,APPROVE
31331.51421326879,555.5226733900336,0.16183348029967767,15,462.9355611583613,APPROVE
58521.70031928336,271.525619801196,0.024224849843700044,0,226.27134983432998,APPROVE
68028.59635008342,486.71342006716816,0.03683295756123195,0,405.5945167226401,APPROVE
103595.27471369959,265.2599280726726,0.05621619886831437,0,221.04994006056052,REJECT
25545.466752688775,7538.25339806383,0.17894179078516884,0,6281.8778317198585,APPROVE
162907.31059191786,217.53943591550856,0.11302114646795328,0,181.2828632629238,APPROVE
22348.35191974878,6248.605440041458,0.1774298735947874,0,5207.171200034548,REJECT
29011.858480484494,974.0333455678531,0.14131927389503726,15,811.6944546398776,APPROVE
8050.422339359745,16158.912507616578,0.08837685808532242,0,13465.760423013815,REJECT
112236.92482174437,555.1210160457242,0.15383006132626542,0,462.60084670477016,REJECT
8590.529460602971,384.4544364020146,0.026224615104555295,15,320.3786970016788,APPROVE
64170.052088513854,710.2214923846132,0.10615585053064719,0,591.8512436538443,APPROVE
68752.956890246,5728.619943111755,0.13449066528385023,15,4773.849952593128,APPROVE
34215.81583220231,1472.4956457668056,0.15973971371312762,0,1227.0797048056713,APPROVE
34920.452753295824,6366.068592700674,0.04220074413023789,0,5305.057160583895,APPROVE
87645.74696049684,704.7266582350429,0.01639650120479197,0,587.2722151958691,APPROVE
23397.109786584773,132.96537826418984,0.044836111107676074,0,110.80448188682486,APPROVE
71592.43606115058,7583.634753765247,0.08104960323626427,0,6319.695628137706,APPROVE
166593.0467514965,3107.5983896412235,0.19209184468169496,0,2589.6653247010195,APPROVE
41275.095423531064,833.2130997480956,0.2130786013339654,15,694.3442497900796,APPROVE
134765.7606865776,4275.5074235554275,0.2056074467965934,0,3562.9228529628563,REJECT
10089.76494479768,2710.7536765453974,0.07379691991077952,15,2258.9613971211643,APPROVE
12099.65404775016,697.3497119856728,0.13970234346743535,15,581.1247599880606,APPROVE
49111.10181498105,2317.4152078764914,0.11050803551971143,15,1931.179339897076,APPROVE
31770.791137091506,1571.2760142802924,0.056445193841351785,0,1309.3966785669102,APPROVE
64159.565062887305,121.4376480681958,0.10830693223751128,15,101.19804005682983,APPROVE
81229.53953496095,304.44712294726355,0.18714362626949607,0,253.7059357893863,APPROVE
9245.250931689754,10551.26486754323,0.10941386352652692,0,8792.720722952692,REJECT
21275.763587940684,1281.1137636911924,0.09619227874647676,0,1067.5948030759935,APPROVE
28383.764060175625,264.4108495050861,0.0731858254213681,0,220.34237458757173,APPROVE
15095.590765748253,7751.700450003755,0.0441580777657577,30,6459.750375003128,APPROVE
28481.76044458174,1972.396913707278,0.031133986420837957,0,1643.6640947560647,APPROVE
14705.02467176998,956.5827953500465,0.06274325562287811,15,797.152329458372,APPROVE
13334.170693513388,3166.611306571771,0.06072092014591681,0,2638.8427554764758,APPROVE
81436.38407036295,1022.2732362534757,0.1697458776953128,15,851.894363544563,REJECT
116172.01524383313,144.57417932011387,0.13856564672227353,15,120.47848276676154,APPROVE
40660.228708574374,1631.70438321408,0.05194771260230231,15,1359.7536526784,REJECT
69991.3225239939,5595.673636402622,0.10842228739294772,0,4663.061363668851,APPROVE
30462.82874687565,405.4945723124399,0.13225281313077766,0,337.9121435936999,REJECT
38892.22853757502,344.84881351534284,0.06261477629844685,0,287.3740112627857,APPROVE
59414.52399782125,67.0904901718459,0.12313624736988674,15,55.90874180987158,APPROVE
19901.833853797027,22831.67792698583,0.03929896124155622,0,19026.39827248819,APPROVE
47609.47498746615,694.582003634242,0.057649210529593736,0,578.8183363618683,APPROVE
63350.00128621645,256.3782775368388,0.10023703513589816,0,213.64856461403235,REJECT
24103.217275044546,141.1081718969803,0.046962790758785046,0,117.59014324748358,APPROVE
8153.380014182884,1357.7108262653996,0.08716387594940336,0,1131.4256885544996,REJECT
27941.554901773314,10325.144373911497,0.03326567316598758,0,8604.286978259579,REJECT
100699.89469970891,1259.9396524096014,0.13577817623498323,15,1049.9497103413344,APPROVE
43047.49088880092,1493.0376464777962,0.08730397098818227,30,1244.1980387314968,REJECT
59108.16118656432,457.6418714959857,0.08817626835063135,0,381.36822624665473,REJECT
16692.39940227509,285.63241047973315,0.06424271884123835,15,238.02700873311096,APPROVE
19208.16172339173,139.46794236256417,0.10490583275123652,15,116.2232853021368,APPROVE
36139.55572004511,2450.5905881177937,0.12083761812392411,0,2042.1588234314947,REJECT
128596.20101523321,548.1512554669438,0.06726629777449049,0,456.79271288911974,REJECT
26529.778953478664,949.4323710894913,0.045726876488615516,0,791.1936425745761,REJECT
32411.960031716135,2120.4309096130105,0.046368547176507666,15,1767.0257580108419,APPROVE
115564.2934692062,1737.4461880157032,0.1196120671151305,0,1447.8718233464194,APPROVE
20660.73907760717,400.7301358425673,0.04898190115828622,15,333.941779868806,APPROVE
88164.78193510132,876.9772578536182,0.05836626998660201,0,730.8143815446819,APPROVE
141743.1584763612,4279.643565791968,0.06736867137735035,30,3566.3696381599734,APPROVE
34782.72452452308,1066.505269374818,0.03951564303713422,0,888.7543911456816,APPROVE
76070.52211880428,1033.9100058919828,0.08151654256582042,0,861.5916715766524,REJECT
13147.029637759491,1122.793214202328,0.0889521433482854,0,935.6610118352734,APPROVE
62524.52885118629,2531.9746166475556,0.07410517707539757,15,2109.978847206296,REJECT
59951.483742180826,3010.338542037322,0.09557526562196356,0,2508.615451697768,APPROVE
7853.7935084258415,575.4004015915708,0.024504660940981863,0,479.5003346596423,APPROVE
44402.60059171317,1324.6975146727082,0.16574915037038962,0,1103.91459556059,REJECT
96612.79392090088,682.9477151850383,0.016257753146224276,0,569.1230959875319,APPROVE
44727.94757704185,1995.415089253398,0.06128740161357475,0,1662.845907711165,REJECT
191055.76713023437,1294.52868111803,0.1786805677290453,0,1078.7739009316915,APPROVE
34564.714899810766,1016.4685896078222,0.04850555184530988,0,847.0571580065184,REJECT
31272.14591541805,4308.749112057868,0.04297248935000631,0,3590.6242600482233,APPROVE
48775.651265838824,455.6722721119381,0.007002517270781756,0,379.7268934266151,APPROVE
14698.60296785085,246.82085123182398,0.0767076734921589,0,205.68404269318663,APPROVE
32534.006928813826,2023.8475401618543,0.1728975804277772,0,1686.5396168015452,APPROVE
41634.82978949134,780.4426828953277,0.06523084417138872,0,650.3689024127731,APPROVE
38773.7717617822,316.9275596831513,0.12771265555065742,15,264.1062997359594,APPROVE
36438.5983922888,3473.8644607248916,0.1058318719246762,0,2894.887050604076,REJECT
29983.37865833398,870.0205649137129,0.10697282365871053,0,725.017137428094,APPROVE
18730.862125084146,464.7039466609326,0.1751307841079569,15,387.25328888411053,REJECT
129633.38863732995,1952.169018716718,0.017363091666300335,30,1626.807515597265,APPROVE
26429.702386260873,835.6294780520495,0.1530875880933203,0,696.3578983767079,APPROVE
24654.26543183352,4396.520143763714,0.07888780442927583,0,3663.766786469762,REJECT
28541.574095692802,503.7230427119331,0.131472843024193,0,419.7692022599442,APPROVE
18245.83276652389,729.9927441374061,0.030824675404096693,0,608.3272867811717,APPROVE
57337.63013615332,1519.321002747441,0.11170478513001408,0,1266.1008356228674,REJECT
147534.35674727827,6711.595972593612,0.09240909119814975,15,5592.99664382801,REJECT
35767.217253212846,699.1780578961227,0.18066506677103575,0,582.6483815801022,APPROVE
22777.71783495748,267.74932198524164,0.05036723595311357,15,223.12443498770133,REJECT
44120.136158532456,222.22881100001243,0.07573038318991364,0,185.19067583334368,APPROVE
14268.025860871448,831.3697563531318,0.01435270644920708,0,692.8081302942765,APPROVE
67284.96951545651,1684.9147521570042,0.1373557246780725,0,1404.0956267975034,APPROVE
14136.349003691885,400.29809836124855,0.13610290519574933,0,333.5817486343738,APPROVE
5027.5315640078,861.8883466432892,0.051807375832732615,0,718.2402888694077,APPROVE
36683.191088075815,928.0295913685006,0.0778211161224318,0,773.3579928070839,APPROVE
73606.44153312367,306.7397528928404,0.18225338803458294,0,255.61646074403367,APPROVE
23738.093534934917,271.1319878463987,0.12127811865352106,0,225.94332320533226,APPROVE
486248.15310979093,2894.5574379185255,0.09095829184280889,0,2412.1311982654374,APPROVE
33899.11699781751,1087.4819732896453,0.021058449222939,0,906.234977741371,APPROVE
125485.75485926044,1418.9722855613168,0.10535080118124522,0,1182.4769046344306,REJECT
13966.007887736358,2691.9453908793544,0.05683538302768261,15,2243.287825732795,REJECT
131383.58598320736,953.3842816885895,0.14223876836811478,0,794.4869014071578,APPROVE
84600.69671608608,1301.110058441459,0.04285300716673489,0,1084.258382034549,APPROVE
35873.42754710102,3926.2748853167905,0.1338795462561658,0,3271.895737763992,APPROVE
82728.91936101695,670.8300421503077,0.03647443686310141,0,559.0250351252564,APPROVE
25013.496007910773,586.7536209432134,0.04531114471388432,30,488.9613507860111,APPROVE
7983.309002294129,3122.4216825729463,0.05583467405940165,15,2602.0180688107885,REJECT
27987.441152821903,151.20494011824002,0.07201718010119822,0,126.00411676520001,APPROVE
18377.361863164457,2985.3566910728837,0.09746980597162555,0,2487.7972425607363,REJECT
61372.714199860115,13250.909490739072,0.0797679378289904,0,11042.424575615893,REJECT
152993.27137703172,5327.261689991484,0.017349146071293817,0,4439.38474165957,REJECT
31303.11269376789,4692.445060208106,0.06359216651184872,0,3910.370883506755,REJECT
22048.168836072036,2536.30694126647,0.11983630438593419,0,2113.5891177220583,REJECT
106124.56677938627,9858.987586094758,0.11030394094313584,0,8215.822988412297,APPROVE
11261.98350883732,882.1055430320457,0.035475608070889265,15,735.0879525267047,APPROVE
426387.845611562,748.9248329075226,0.13003144535673405,0,624.1040274229355,APPROVE
62578.45248823182,1935.7906158834294,0.13982729956811252,15,1613.1588465695243,APPROVE
126377.82972902608,4779.139766451647,0.1426061496927788,15,3982.6164720430393,REJECT
107126.12344650904,2182.844265504752,0.039282559491975004,0,1819.0368879206264,APPROVE
3579.5618994284273,1761.8997785799777,0.23643876634897443,0,1468.2498154833147,APPROVE
44048.98318660462,7333.862796924341,0.04772350312724945,0,6111.552330770283,APPROVE
80006.85626300641,747.7169835067612,0.02332880983966496,0,623.0974862556343,APPROVE
18871.78924482764,4907.170588776198,0.09586877230485885,15,4089.308823980165,APPROVE
43786.39451645699,1737.6706388923417,0.047006106629369195,15,1448.058865743618,APPROVE
33547.732680626636,235.47789919740896,0.1461944717459158,0,196.23158266450744,APPROVE
18959.83590268846,10245.18832515864,0.04692706155202673,30,8537.6569376322,APPROVE
24318.987766431426,715.043530258652,0.1712329337778267,0,595.8696085488766,REJECT
39081.402270346916,911.9860601775141,0.05363373378052047,0,759.9883834812617,REJECT
18442.8293599295,1819.8983664172683,0.05445267269388431,0,1516.5819720143902,APPROVE
28931.201305199713,3194.637346540634,0.1028879674990869,15,2662.1977887838616,APPROVE
24479.694384938204,2311.011346132063,0.14923872305169583,15,1925.8427884433856,REJECT
11166.732161829561,920.5200135680846,0.03788662976441786,0,767.1000113067371,APPROVE
20815.31094955785,12509.86914657359,0.07557847860977154,0,10424.890955477991,APPROVE
13782.94228374765,1719.8811450620565,0.21324262942510955,0,1433.2342875517136,REJECT
86300.25633972464,10939.82629580109,0.01908146029015866,15,9116.521913167575,APPROVE
36772.09936455149,403.7278297040259,0.0805847099286967,0,336.4398580866883,APPROVE
66515.52669012929,679.6399863645543,0.1942249681255475,15,566.3666553037953,APPROVE
72396.61172543274,596.661505360967,0.10523030859074196,0,497.2179211341392,APPROVE
17829.458449791975,1083.3760018336104,0.0634057515894647,0,902.813334861342,APPROVE
54769.0255122397,426.7809343586326,0.1294555764842003,0,355.6507786321938,APPROVE
65773.15996785015,3574.5237159808257,0.02423465157522581,0,2978.7697633173543,REJECT
24653.171661446668,2849.4581585257165,0.05566761667117023,15,2374.5484654380966,APPROVE
14433.88833616711,2932.7483366521224,0.10171783000211305,15,2443.9569472101016,APPROVE
13275.897807494151,3747.978291172589,0.03561558393942901,0,3123.315242643824,APPROVE
58340.61698704244,333.80794649663636,0.1745086087665473,0,278.173288747197,APPROVE
18630.244054805342,888.8946450684311,0.061436251427510434,30,740.7455375570258,APPROVE
25147.43746728103,616.5914115170451,0.09531517800432883,0,513.8261762642043,REJECT
17946.409223947143,5132.981086526994,0.03197763036992396,0,4277.484238772495,APPROVE
61105.67821774071,566.1161812832781,0.10279004619735473,0,471.76348440273176,REJECT
169186.4492648534,8323.478408127985,0.03289930825343296,0,6936.23200677332,APPROVE
42002.86058222566,5423.120650882916,0.026837112945507148,0,4519.267209069097,APPROVE
35074.10683274926,4593.655679329585,0.044119207983545385,15,3828.0463994413203,APPROVE
21116.87376130578,1329.8879194851477,0.16146849593823515,30,1108.2399329042896,APPROVE
90711.04963315891,499.77135828558266,0.24080337678224836,0,416.4761319046522,APPROVE
137445.98268679378,388.3401930564309,0.021924739730301818,0,323.6168275470257,APPROVE
54481.4860649564,4096.9063467194055,0.1778071112199403,0,3414.0886222661707,APPROVE
36680.459645660005,1724.692728874262,0.026655995203364046,0,1437.2439407285517,REJECT
10834.527066677892,1518.089147772501,0.07431662133377073,0,1265.0742898104174,REJECT
54297.17840607299,1597.1110281931808,0.1269219426539782,0,1330.9258568276507,APPROVE
15676.019579316811,183.96098446642182,0.13605994321926196,0,153.30082038868485,APPROVE
31881.005582406964,1625.2994145601951,0.10708646324655977,0,1354.4161788001627,APPROVE
19867.257997290675,2002.9840982697876,0.05928464000283335,0,1669.153415224823,REJECT
20960.368517881285,2525.960858677314,0.16507634907007201,0,2104.9673822310947,APPROVE
50825.48770986334,1986.9488002397936,0.10082978261642529,0,1655.7906668664946,APPROVE
89443.65111130236,507.8696548604957,0.027928390731549263,0,423.2247123837464,APPROVE
58631.97713609498,8131.407837836586,0.08188131474277012,15,6776.173198197154,APPROVE
46892.81463528149,1864.9580439226809,0.043245804857902435,0,1554.1317032689005,APPROVE
24851.104070068362,359.2511312961777,0.06570449467704488,0,299.3759427468147,REJECT
6901.745245526451,5356.726630706006,0.14339652472277456,0,4463.938858921671,REJECT
86915.29793881346,884.3979080520271,0.08596470320845327,0,736.9982567100225,APPROVE
56453.97707724177,3414.709737643717,0.044211463613434046,0,2845.5914480364304,APPROVE
48490.175258079325,324.6367021192571,0.061314586236210104,15,270.5305850993809,REJECT
80420.61048445672,1411.7255511182411,0.15249889159514504,15,1176.437959265201,APPROVE
46263.489819760245,5451.178369833215,0.06548284230342316,0,4542.648641527679,APPROVE
21101.207619218392,1413.9937109717148,0.10828340953388003,0,1178.328092476429,APPROVE
58841.22539940391,817.4634699884678,0.010202660391936132,0,681.219558323723,APPROVE
32726.87108504144,1727.4776820918157,0.10765963376958392,0,1439.564735076513,APPROVE
34044.600926715095,3239.9059610094123,0.09589792693585576,0,2699.92163417451,REJECT
57956.692706285336,1148.8530203160474,0.1124601587386385,0,957.3775169300394,APPROVE
20440.513934020877,754.1212764279728,0.04396803744401221,15,628.4343970233107,APPROVE
43450.94135160965,2140.3763192380193,0.056159071567792304,15,1783.6469326983495,APPROVE
7531.991253260356,2462.7699329382413,0.11067823254827028,0,2052.308277448534,APPROVE
147848.95500538865,5402.996551829262,0.11054578146162095,15,4502.497126524385,APPROVE
17707.36523283351,822.032456253472,0.03434557810928639,15,685.0270468778932,APPROVE
49076.109192599004,1025.969474987896,0.062029696566999054,0,854.9745624899133,APPROVE
24760.405469878107,866.276237896026,0.03548243421495605,0,721.896864913355,APPROVE
50605.64005649411,1673.9561211444457,0.03798641111570994,15,1394.963434287038,APPROVE
22725.839529277135,3845.6177485732705,0.092588397129842,15,3204.681457144392,APPROVE
39961.20129433112,722.2045078336417,0.110036719605722,15,601.8370898613681,REJECT
22163.397607848332,5940.38271686305,0.15304846289139945,0,4950.318930719208,APPROVE
16520.75518841247,246.25213483037257,0.030974887188226462,0,205.21011235864378,APPROVE
53994.85357413839,330.02635240587733,0.07512929627094521,0,275.02196033823105,APPROVE
51485.677220040525,1536.571817458452,0.055091031610757416,15,1280.47651454871,APPROVE
8136.756607072965,2197.677195835636,0.05323219039559049,0,1831.3976631963635,APPROVE
23498.89783299231,412.5076003379904,0.1815746310199536,15,343.756333614992,APPROVE
25157.02824840102,5765.177173560384,0.06414064680759644,15,4804.31431130032,APPROVE
23161.937346713417,2587.9863448596216,0.13067977769657022,0,2156.655287383018,APPROVE
23749.220352569828,7103.635944343839,0.15818580718799902,0,5919.696620286532,APPROVE
19263.76679526655,373.0719810012549,0.19975948568786353,0,310.8933175010457,REJECT
22446.857032986627,595.1817256738233,0.024907456490765825,15,495.9847713948527,APPROVE
75745.31579173132,2682.794770515353,0.07940655220817963,0,2235.662308762794,APPROVE
14050.387990395933,75.80169308898763,0.047828200283138604,0,63.168077574156364,APPROVE
82748.89877358594,5128.347296806125,0.11949933417884034,15,4273.622747338437,APPROVE
129903.77996999804,10472.458230977814,0.2177257658661766,0,8727.048525814846,APPROVE
57440.34733331205,267.4221610778103,0.05551585695169044,0,222.85180089817524,APPROVE
25738.740389511073,2000.6244855731738,0.027955133418224674,15,1667.1870713109781,REJECT
28693.772551346337,1441.5511180715591,0.12829625571419065,0,1201.2925983929658,APPROVE
21562.68863262902,981.4987663959251,0.06908137097562311,0,817.9156386632709,APPROVE
71824.06850035174,408.9882013562034,0.024023116915830492,0,340.82350113016946,REJECT
6650.95731740234,3768.8039242970294,0.031231997191242134,0,3140.669936914191,REJECT
19954.516162406977,2895.54731065107,0.03810839561803303,0,2412.9560922092246,REJECT
41416.54891948638,2116.5886088522143,0.03126603523471577,0,1763.8238407101787,APPROVE
41003.24110071419,2756.7005584630733,0.032967709644737345,0,2297.2504653858946,APPROVE
66348.2919821139,323.4474024591988,0.007314408164759415,0,269.5395020493323,REJECT
42167.852119049145,842.8299498338228,0.05308076576593714,0,702.3582915281855,REJECT
46695.25656789534,15491.21548969358,0.0795781215967845,0,12909.346241411316,APPROVE
40142.04638004893,688.628132340473,0.05151665156479802,15,573.8567769503942,APPROVE
41926.16716046288,497.10966885602767,0.12578302126358137,0,414.25805738002305,APPROVE
84668.14011123346,390.3922504737664,0.029509105206570768,30,325.3268753948053,APPROVE
29263.610239320184,2183.6239626719503,0.028117312983235075,0,1819.6866355599586,APPROVE
18444.458039798672,794.9266827183318,0.08313174534133222,0,662.4389022652764,REJECT
71503.78634169788,11659.949428418391,0.16181950904032155,30,9716.624523681992,APPROVE
39713.21673706967,640.0591769315644,0.12972319203261312,0,533.3826474429703,APPROVE
25271.121006004432,980.203583418881,0.0976584006178944,0,816.8363195157341,APPROVE
52297.83313101137,153.37935944937718,0.058756396107624946,0,127.81613287448097,APPROVE
39013.559532449246,2546.2815354828244,0.09979026579082766,0,2121.90127956902,APPROVE
54089.67698256418,346.0939846703249,0.028579039235173565,0,288.4116538919374,APPROVE
41293.45058265195,439.8118502258057,0.11066673882308557,0,366.5098751881714,APPROVE
25452.401828821705,1530.7118649124018,0.07596418939784233,30,1275.5932207603348,APPROVE
21387.690563149736,1657.908505407313,0.05921128859292201,0,1381.590421172761,APPROVE
53806.17745684283,1768.793629985712,0.09990852317286592,15,1473.99469165476,REJECT
32616.600979859653,1043.665708513322,0.04394605161729157,15,869.7214237611016,APPROVE
31272.75920575532,5020.4557402244545,0.18548752785112987,0,4183.713116853712,REJECT
65258.53111998847,1456.8018396171278,0.05522557041511277,0,1214.001533014273,APPROVE
19731.756238871345,235.75499988569754,0.07816349723795563,15,196.46249990474794,REJECT
13147.686914358505,243.25130141185912,0.024053764276183904,0,202.7094178432159,REJECT
38505.54719182033,1713.6852789719733,0.10926880836868152,0,1428.0710658099777,APPROVE
41782.355958591696,4375.366029618848,0.273618706267495,0,3646.1383580157067,REJECT
85518.5378158638,140.82872421821182,0.11910398816212808,15,117.35727018184319,APPROVE
30835.53455357961,7099.076415342637,0.1529297651682419,0,5915.897012785531,APPROVE
55160.99025805274,808.0781485773409,0.03543453335209886,0,673.398457147784,APPROVE
101445.46426221222,2804.8268856936174,0.08130711884913973,0,2337.3557380780144,APPROVE
50983.30418636479,7297.037350745997,0.173419397480791,0,6080.864458954998,APPROVE
25312.988268251793,17027.87840471289,0.051713274426488196,0,14189.898670594075,APPROVE
42942.93345085919,792.5443049207048,0.07567470750822206,0,660.4535874339207,APPROVE
25088.874228815283,11850.118489726741,0.1015658501569921,15,9875.098741438951,APPROVE
49843.28583555112,432.6532964804028,0.11840856913619265,30,360.544413733669,REJECT
46448.06727008079,2962.3328125803714,0.11262028959494366,0,2468.6106771503096,APPROVE
12315.97298442229,304.20242179540526,0.11888188689470887,0,253.5020181628377,APPROVE
60467.40547851481,1029.9056208054328,0.19435870079341178,0,858.2546840045273,APPROVE
17307.497983028858,2800.1035532172227,0.07171188353717904,15,2333.4196276810185,REJECT
52953.77730599082,157.92751949435547,0.039230040789388805,0,131.6062662452962,APPROVE
111444.15298966311,374.9732646298953,0.10043990880994765,0,312.47772052491274,APPROVE
93480.94281740903,2482.672570606599,0.09968513311737154,0,2068.8938088388327,REJECT
7111.726866495123,4927.8960852567,0.099556998075081,0,4106.5800710472495,APPROVE
78532.6495103911,337.24966231310475,0.0066112629973311765,15,281.0413852609206,REJECT
37763.112911708784,331.2707188110081,0.07381823432220161,0,276.05893234250675,APPROVE
10289.572413948661,8407.361194624862,0.12910253635697286,0,7006.134328854051,APPROVE
26687.062480597546,2036.1447453786013,0.04155622955504473,0,1696.787287815501,APPROVE
56423.3330119402,2620.661544535742,0.09821801338392193,0,2183.884620446451,APPROVE
31631.165389206682,1523.7059982459105,0.12612086350319324,0,1269.7549985382586,REJECT
27283.670765332226,868.4107741202515,0.04051049577050274,0,723.6756451002096,APPROVE
66531.50966623351,1009.0227290990024,0.12309923521337061,30,840.8522742491687,REJECT
21558.622117165494,1102.0326846174837,0.07053118254030374,15,918.3605705145696,APPROVE
19454.636414493383,1425.234618120996,0.022735419547844936,0,1187.6955151008299,APPROVE
58283.79608055084,1566.3950527856505,0.041407541774227556,0,1305.3292106547087,APPROVE
33816.49460127357,697.9913206362262,0.0912307339081925,15,581.6594338635217,APPROVE
67894.07175217023,2788.707652741672,0.10416638286758721,0,2323.9230439513935,APPROVE
49427.088534285656,798.7351985123719,0.09649022814678129,0,665.6126654269766,APPROVE
48628.682075568424,387.6816746885503,0.05416301807046736,15,323.0680622404586,APPROVE
20691.09844387171,911.233594995393,0.07699625792535895,15,759.3613291628275,REJECT
27019.435818857586,4900.9736194058005,0.09828567025505523,0,4084.144682838167,APPROVE
20200.75062418478,826.8496078796423,0.10239222719554912,0,689.0413398997019,APPROVE
26084.99629087478,1086.3350365881279,0.09580315184963872,0,905.2791971567732,APPROVE
72285.49681255493,225.77027074228909,0.09591139414303938,0,188.1418922852409,APPROVE
44131.35378347294,9842.306596073833,0.0934553063345588,0,8201.92216339486,APPROVE
101070.3355789818,31615.977135097866,0.025523666291108388,15,26346.647612581553,REJECT
31077.58699974275,295.7565068711542,0.058735629285570135,0,246.46375572596185,APPROVE
29834.047347113767,3327.652071015624,0.08416345706556178,15,2773.04339251302,APPROVE
109543.06989935327,475.39940360212245,0.13241357480910906,15,396.1661696684353,APPROVE
31407.357831537203,581.0574339169347,0.06623121146205857,0,484.2145282641122,REJECT
43358.01167678388,6216.120586510112,0.09338194823953497,15,5180.100488758427,APPROVE
47996.150842282004,1041.7274166606398,0.029042258158919115,15,868.1061805505332,REJECT
68379.308985377,254.85543426024876,0.045994640051939886,0,212.37952855020728,APPROVE
21450.576677780697,4710.14398623954,0.12572777100433713,30,3925.1199885329497,REJECT
33746.607768422764,37029.24310895981,0.015592195466094992,15,30857.702590799843,REJECT
43564.448728503856,1816.3558320185869,0.0774412963259701,0,1513.629860015489,APPROVE
53020.32585583224,2462.2508338946964,0.06909667317681328,0,2051.8756949122467,APPROVE
44111.393414102655,930.0670821875783,0.02896119827935926,15,775.0559018229819,APPROVE
17404.091697956184,200.0859665427525,0.16051615370802053,0,166.73830545229373,APPROVE
38590.60817552089,645.870427528395,0.08161625578842563,0,538.2253562736624,REJECT
22549.562981500065,403.3083289584722,0.06912210135693482,0,336.09027413206013,REJECT
13492.241049640023,335.42472887212654,0.06480639281411682,0,279.52060739343875,REJECT
30370.583525660368,4656.093068636234,0.10948548054054505,0,3880.077557196862,APPROVE
181808.6061240671,198.19367520073135,0.07072993635611231,0,165.16139600060944,REJECT
62536.059813526124,376.8207314825619,0.1034549245128256,0,314.0172762354682,REJECT
34884.90567343716,3202.340665025513,0.10215621182176812,0,2668.617220854594,APPROVE
36881.86539991549,2127.346615753368,0.09245038327430341,0,1772.7888464611399,APPROVE
16062.517710447384,164.67526449328196,0.15892105686164565,0,137.22938707773497,REJECT
16043.676027770762,2758.228358558592,0.10311408244594122,30,2298.52363213216,APPROVE
59904.370631959086,1271.437366135072,0.06670835895514965,15,1059.531138445893,APPROVE
36882.962043496365,1035.327275315233,0.1455519200244232,30,862.7727294293609,APPROVE
18753.026029715482,2355.675077757294,0.023880111498084396,0,1963.062564797745,APPROVE
16391.537922498825,861.9797436728057,0.12870970766880088,0,718.3164530606714,APPROVE
75681.54040019543,700.0323155505229,0.06785767069887334,0,583.360262958769,APPROVE
30997.12746679016,905.7146342068436,0.10781929963137489,0,754.7621951723696,APPROVE
12843.933905381946,5393.857422026956,0.07506350380427458,30,4494.881185022463,APPROVE
11796.39855794676,281.30058057776756,0.09579948757003401,0,234.41715048147296,APPROVE
77982.846658817,2409.345022455768,0.06347326367989843,0,2007.7875187131397,APPROVE
111550.80861640962,980.7036501667859,0.09141626552267938,0,817.2530418056549,REJECT
17850.457029421435,987.871498246033,0.04959631508983466,0,823.2262485383608,APPROVE
57483.7154273732,3141.3031989915817,0.14816534471085024,0,2617.752665826318,REJECT
30578.828694857428,2973.1235133417704,0.009185969675508183,0,2477.602927784809,APPROVE
96235.70959660276,2524.6505442242897,0.09808097790434069,15,2103.875453520241,APPROVE
16212.388501206737,3063.6343833316805,0.06947953962910776,0,2553.0286527764,APPROVE
142823.77178472315,1066.3358653598564,0.07893529515111962,0,888.6132211332136,APPROVE
105288.5466269262,272.0267243256659,0.0947273949588057,30,226.6889369380549,APPROVE
22267.684972060353,4714.24500273481,0.17782382282834022,0,3928.5375022790085,APPROVE
35580.632688723315,1460.9269632906714,0.1242055115743304,15,1217.4391360755594,APPROVE
18659.590736859343,92.67751675766904,0.13347943464109496,15,77.23126396472419,REJECT
16740.118003159077,7343.98458675186,0.009275684114403826,0,6119.98715562655,APPROVE
23742.656563234057,15716.203300896012,0.04638203709104038,0,13096.836084080009,REJECT
68690.18096051726,158.99690686677624,0.12032286208744415,15,132.4974223889802,REJECT
20298.256189400305,2298.2340735818793,0.015517952622434612,15,1915.1950613182328,APPROVE
46455.09449134231,793.7485722228554,0.14683308706454204,0,661.4571435190461,APPROVE
18868.649501366286,1991.5691060229053,0.12726126182060316,0,1659.6409216857544,APPROVE
21455.415361935724,4903.549603593872,0.08804618959089487,0,4086.2913363282264,APPROVE
51316.79433873387,260.97195072074817,0.0645305563445772,0,217.47662560062346,APPROVE
72815.5445976434,1033.5602825250137,0.03713493950503892,0,861.3002354375113,APPROVE
35034.3951293567,1836.4903566412017,0.038730577620378064,0,1530.4086305343346,REJECT
21602.79457870247,646.4699979760416,0.06508799703363055,15,538.7249983133679,REJECT
55535.655204131865,1003.3385505534,0.03252643378136626,0,836.1154587944999,REJECT
38582.57204243355,6626.4352374819055,0.07527178370873627,0,5522.029364568254,REJECT
47067.26755263661,1058.8815105005476,0.004561562326385661,0,882.4012587504563,APPROVE
25948.018993693015,1619.9040965475676,0.022399962864712516,0,1349.9200804563063,APPROVE
92800.33013098798,1204.4875395781455,0.05327825886724123,15,1003.7396163151212,APPROVE
16560.789123043945,817.0116991918264,0.1350877417897162,0,680.8430826598553,REJECT
52604.92542914652,3901.9859624694313,0.017287767642402696,0,3251.654968724526,REJECT
22399.901726581924,6575.350566939562,0.08969274787833309,0,5479.458805782968,REJECT
31380.589767831265,530.0149152018632,0.028407259650131668,30,441.67909600155264,REJECT
42441.15775727027,893.560942830117,0.27528900874857676,0,744.6341190250974,APPROVE
23027.402076775856,864.0271885400358,0.0402223038455754,15,720.0226571166965,APPROVE
73191.70940377835,1063.9915358726755,0.012105417560022797,0,886.6596132272294,APPROVE
162988.78113808122,1740.8262786695957,0.03323761081156643,15,1450.6885655579963,APPROVE
31770.88348778763,202.7618394592996,0.07926789847148084,0,168.96819954941634,REJECT
37739.70330462999,1357.0478980919015,0.07366942342176108,0,1130.8732484099178,REJECT
53712.639651489706,2249.6530581077873,0.1677160048356371,0,1874.7108817564895,REJECT
18210.969089943854,284.94283084543275,0.16436897651151344,0,237.45235903786065,REJECT
45897.7963785152,2465.465063703624,0.07940755316697971,15,2054.55421975302,APPROVE
69315.85532112853,2421.9628722634993,0.12590408473141892,0,2018.302393552916,REJECT
38855.46894036469,176.22713746516126,0.29800047423419457,15,146.85594788763436,REJECT
27525.243146012985,362.17100746052233,0.07952986551526661,15,301.8091728837686,APPROVE
69583.98331610711,3080.977949071292,0.042509219376605636,0,2567.4816242260767,APPROVE
31168.95324040657,3047.573708106908,0.06837531432159953,0,2539.6447567557566,APPROVE
79273.04003461645,796.0548842530585,0.004214712059023611,0,663.3790702108821,APPROVE
16717.39418464717,951.5609237498202,0.09269948878250046,0,792.9674364581834,REJECT
48732.22878233928,1533.5568165567656,0.05122980134622673,0,1277.9640137973047,APPROVE
57883.6399441869,849.3801308725596,0.14279570481117082,0,707.816775727133,APPROVE
56764.22302976745,7310.8078310847195,0.09318311347006251,0,6092.339859237266,APPROVE
119868.5320769491,3040.4566856463907,0.19356033177681983,15,2533.7139047053256,APPROVE
60912.37470487393,3458.769359318547,0.05132395631200647,15,2882.3077994321225,APPROVE
63612.19585660258,6194.097143891204,0.12076472657442222,0,5161.747619909336,APPROVE
53887.5270326346,2648.954505847022,0.10066373339213826,15,2207.4620882058516,APPROVE
104184.14657239712,1245.0741862592765,0.10921870222198922,15,1037.5618218827303,REJECT
35413.50996337011,1459.7946122990454,0.060499217143907914,0,1216.4955102492045,REJECT
66201.82662171115,1226.684840499307,0.08256906641177286,0,1022.2373670827559,REJECT
14994.462799174911,2182.6452399345785,0.06329847876418591,0,1818.8710332788153,APPROVE
81308.9155487389,2957.591357831708,0.08661270138284696,15,2464.6594648597566,APPROVE
34541.80116910074,273.9163519485669,0.05045011219183974,15,228.26362662380575,APPROVE
77847.67464498847,335.29738347613875,0.07318072608798912,0,279.41448623011564,APPROVE
72973.85529789534,29255.10267872329,0.01955244556483675,0,24379.25223226941,APPROVE
14977.053566319417,120.94388842735128,0.17307291526543944,0,100.78657368945939,APPROVE
16503.981817795015,221.5694387589736,0.0020177933075989623,30,184.64119896581133,APPROVE
37147.60950259108,2464.0562189022266,0.07433655717586503,0,2053.380182418522,APPROVE
209366.6597156465,2773.589514659223,0.06436151218043545,0,2311.324595549352,APPROVE
79651.20067346682,1492.5883760892807,0.05451913925690723,0,1243.8236467410673,APPROVE
14083.730619978682,1841.5914102746356,0.16977064502280897,0,1534.6595085621964,APPROVE
26097.68109125383,440.2370634681559,0.047179968189557435,0,366.86421955679657,REJECT
39526.06325318459,3051.1116382323125,0.07879998141266271,0,2542.59303186026,REJECT
78070.11007832407,2146.9072780240153,0.03365388200905265,0,1789.089398353346,APPROVE
58558.56096233922,595.8139825864426,0.08708593158976602,0,496.51165215536884,APPROVE
16514.688885458007,64.87085835862369,0.06530820959130026,15,54.05904863218641,REJECT
30054.142084803498,17825.054317267804,0.05231463460131119,0,14854.211931056503,APPROVE
52574.521500414274,931.9324773000222,0.0956149474968939,0,776.6103977500185,APPROVE
43458.48766340625,3574.904655467406,0.07199185807174895,0,2979.087212889505,APPROVE
114584.55769372596,1844.5483591148234,0.055895439469789976,0,1537.123632595686,APPROVE
77624.8827178174,1387.8710799932162,0.10790907677764831,0,1156.5592333276802,APPROVE
18763.552607184793,90.65995830389403,0.1513377301838828,0,75.54996525324502,APPROVE
29506.40560569949,4920.03911891122,0.08216388556236659,0,4100.032599092682,REJECT
24908.07739143733,1754.3427063877325,0.1073145761187471,0,1461.9522553231102,APPROVE
70385.78465401354,11604.300325669421,0.12075135570212395,15,9670.250271391184,APPROVE
32885.361222417545,1030.4104047121216,0.018411508176743908,0,858.6753372601012,REJECT
40715.10675119479,458.8541182117827,0.058780634714099646,0,382.3784318431522,REJECT
20417.02995478337,4830.530173965893,0.05032298811189599,0,4025.441811638244,REJECT
186743.2124295266,1271.9594503952808,0.18178773024742015,0,1059.9662086627338,APPROVE
70138.43596368679,2830.261728737685,0.08878661489076527,0,2358.5514406147377,REJECT
24464.900421480757,529.7643810976047,0.02522940877598563,0,441.4703175813372,APPROVE
27086.599026792548,336.2200779775482,0.06458747293508993,0,280.1833983146235,APPROVE
31693.037609735456,4797.577748126382,0.06196398757033971,0,3997.9814567719854,REJECT
73874.60004114344,415.9882494401217,0.05062932306176675,0,346.65687453343475,APPROVE
29763.7681552968,265.8712906940137,0.1603796283793,0,221.55940891167805,APPROVE
49640.22325262797,1304.4187672305907,0.022811341777311634,0,1087.0156393588254,APPROVE
56529.58029084384,591.9447789918917,0.05463001638124193,0,493.2873158265764,APPROVE
32741.091949073176,2253.118396829135,0.07548742516551869,0,1877.5986640242788,APPROVE
25141.485818844892,112.89095203944497,0.22820173150314202,15,94.07579336620414,APPROVE
13490.588874780957,2743.275590882163,0.11963729356386374,15,2286.0629924018026,APPROVE
107032.87101239798,1067.3624530910672,0.04030758038336538,15,889.4687109092228,APPROVE
14791.713181214656,222.56143438758633,0.05907045540172764,0,185.46786198965526,REJECT
8158.133681868988,925.3741681010199,0.12694286573329508,15,771.1451400841833,APPROVE
58442.782246633506,1100.0040346862886,0.15044877621263603,0,916.6700289052405,REJECT
51495.40417380326,7794.36267613588,0.18400939628329824,0,6495.302230113233,APPROVE
141008.90201826472,542.8987039846745,0.09897351752422318,0,452.4155866538954,APPROVE
8942.200283412567,48474.229785286574,0.05321714274271972,15,40395.19148773881,APPROVE
25046.179756501166,5985.333931827329,0.08630359231247646,0,4987.778276522774,APPROVE
45686.799476613676,2174.173368919176,0.19647173572335241,0,1811.8111407659799,APPROVE
425699.21004123014,1433.315552712224,0.1314041823401435,0,1194.4296272601866,APPROVE
437107.67727122694,34.59907888588774,0.057676195780148376,0,28.832565738239783,APPROVE
13343.283927453225,565.3961980582475,0.10268340462752543,0,471.16349838187284,REJECT
38803.51275416473,15123.783155154732,0.0631242754512471,15,12603.15262929561,APPROVE
19399.395467570586,742.8004956753178,0.024703024594259812,0,619.0004130627648,REJECT
61348.31987602468,892.9053334810986,0.05498218520158316,15,744.0877779009155,APPROVE
46766.610000643086,3944.7489231714376,0.09382405538471474,0,3287.2907693095312,REJECT
99714.5898485609,6519.87090224048,0.13990816310155518,0,5433.225751867067,APPROVE
49107.6202370709,1631.7394757725815,0.006702754125268001,0,1359.7828964771513,REJECT
147216.7683999525,605.2953601533139,0.10284969594299205,15,504.4128001277616,REJECT
38923.68291041466,6580.0037936353765,0.04140921492969625,15,5483.336494696147,REJECT
46653.61578265947,13479.939992108977,0.13787539627585474,0,11233.28332675748,APPROVE
18775.53928244265,7287.665095057368,0.01921704112480621,0,6073.05424588114,APPROVE
66060.62796599195,626.6569260321265,0.06768165307341027,0,522.214105026772,APPROVE
118217.91924952263,2096.3686993687998,0.19934723879862304,0,1746.9739161406662,APPROVE
62114.143686880394,9254.423679912972,0.02518333438755414,0,7712.01973326081,APPROVE
34182.44600386502,882.1182966559447,0.1174738523116578,0,735.0985805466206,APPROVE
24231.35262370975,7504.198541167757,0.11325511660864988,0,6253.498784306464,APPROVE
73840.58717655964,729.9296085217935,0.03404407175356793,15,608.2746737681613,APPROVE
27149.40012376175,2603.3247288501625,0.18569832084332463,0,2169.4372740418016,REJECT
181646.24331907745,607.2694655303052,0.052645874485139105,0,506.057887941921,APPROVE
15566.46080455614,1628.9696332499263,0.18287656046778758,0,1357.4746943749385,APPROVE
143663.99590742472,509.43067467635774,0.10291251790564675,15,424.52556223029814,APPROVE
56256.55828119249,537.3502240936851,0.049495511947312776,0,447.79185341140425,APPROVE
28061.21420981365,3393.9134701553266,0.08420587306168628,15,2828.261225129439,APPROVE
19648.611395735516,3576.282422812528,0.03545421749752574,0,2980.235352343773,APPROVE
43445.99647355163,6858.81302391305,0.11095826746677857,0,5715.677519927541,REJECT
63093.82283559084,1155.3858885474,0.11945906644025206,15,962.8215737895001,APPROVE
32482.05231947038,2612.031398891879,0.06076937874897607,15,2176.6928324098985,APPROVE
35673.370784230436,3382.0666478120543,0.08695352456992943,0,2818.3888731767115,APPROVE
6357.757146485231,1843.6652177533142,0.04507089878968282,0,1536.387681461095,APPROVE
84382.32522068072,4676.218560154603,0.0998076318516331,0,3896.8488001288365,REJECT
79233.7880662879,424.9082166023643,0.09641431810043948,15,354.0901805019702,APPROVE
11732.957473914112,2154.2364520357055,0.07478557976276397,0,1795.197043363088,APPROVE
34324.03022661036,838.7930126097208,0.06583144188543404,15,698.9941771747673,APPROVE
85772.55908801967,2515.915184097983,0.05284495870928732,0,2096.595986748319,APPROVE
395619.1171799643,199.21808686484553,0.009164805125346714,0,166.01507238737125,APPROVE
24629.720959003844,721.0685110470969,0.07086348990944426,15,600.8904258725807,APPROVE
8878.189680686233,246.9144579318015,0.18220594155182324,15,205.76204827650125,APPROVE
9295.577686960249,2013.4504352075853,0.14274471243942874,15,1677.8753626729876,REJECT
31561.624129526972,5031.188659395959,0.14853622671024444,0,4192.6572161632985,APPROVE
147913.1503667133,1371.5290514564758,0.2364163791292052,15,1142.9408762137298,REJECT
21978.3438073019,624.5975288152135,0.040644496409029604,0,520.4979406793447,APPROVE
33579.39127446844,3250.7312454314674,0.10221716666421153,0,2708.9427045262228,APPROVE
53431.209926194206,517.2311142427171,0.026997551418911213,15,431.0259285355976,APPROVE
29765.560521873893,5143.698496380271,0.09643790802019354,15,4286.415413650225,APPROVE
100741.44775497352,15399.151271888957,0.23149940652181888,0,12832.626059907465,APPROVE
21910.862922146447,2768.7790480348845,0.0402147829279839,30,2307.3158733624036,APPROVE
39218.21638565019,816.3088105962713,0.08084204008546671,0,680.2573421635594,APPROVE
13448.078866380243,490.4216357567652,0.047685704359457855,0,408.684696463971,REJECT
8158.111920647111,1620.0217198148885,0.03198557557012919,0,1350.0180998457404,APPROVE
28438.851751348695,1706.4108678709745,0.055526233279155186,15,1422.0090565591454,APPROVE
95140.26446566655,15823.143236328142,0.07015152422345236,15,13185.952696940118,APPROVE
60248.050433853256,9601.404971548367,0.08496218200220515,0,8001.170809623639,APPROVE
84376.28364486886,3368.8110554117297,0.059057561336147056,0,2807.3425461764414,APPROVE
34965.02090300927,1987.1472392575147,0.11840939559972495,0,1655.9560327145955,REJECT
91388.25742748815,19045.970541953193,0.16591701782187918,0,15871.642118294329,APPROVE
79886.30765070417,224.95247478196003,0.11467757246706817,0,187.46039565163335,REJECT
46536.82373832026,1771.4917482656683,0.13718060153114817,0,1476.2431235547235,REJECT
28105.544624202055,1119.4655188354168,0.11482395718408067,15,932.8879323628472,APPROVE
38152.39754210805,209.61526420128519,0.041764943936815326,15,174.6793868344043,REJECT
49980.014678892236,2441.6139202628697,0.003962065600211759,0,2034.6782668857247,REJECT
64059.105123160654,10839.103310041704,0.04323640622074483,0,9032.58609170142,APPROVE
32145.38363099843,1669.7347520520661,0.09699277654755642,0,1391.445626710055,APPROVE
68343.21145215473,47.886660494397006,0.056163963665937476,0,39.9055504119975,APPROVE
23968.192133582652,218.92822197291378,0.053715172123036004,0,182.44018497742812,REJECT
16613.249259578675,2833.4800731997,0.019654763326771883,15,2361.2333943330837,APPROVE
54223.80707704713,2488.1074682002272,0.04588577182570895,15,2073.4228901668557,APPROVE
37663.66459805623,1683.868525121491,0.03992330154284899,15,1403.2237709345757,APPROVE
7224.329518660918,1898.4812801952576,0.04815864359487663,30,1582.067733496048,APPROVE
4355.628315036122,167.5194778916507,0.15038935233744782,0,139.5995649097089,APPROVE
30043.16392268552,5320.984420488948,0.08896454870915518,0,4434.153683740789,REJECT
42291.40326779593,339.36788450898837,0.05225092477624979,15,282.806570424157,APPROVE
123944.06838729631,2938.614099870616,0.08694374200911796,0,2448.8450832255135,APPROVE
27886.665788202095,1602.633725847488,0.08081850194765101,15,1335.5281048729066,APPROVE
17567.30979447671,5023.483636330573,0.04492257930180216,0,4186.23636360881,APPROVE
46039.80147541508,1760.448916158386,0.09088819508165179,15,1467.0407634653218,APPROVE
225330.04413829977,1227.1021456158521,0.09431042324868534,0,1022.5851213465435,APPROVE
36974.09141231036,6687.7385694190225,0.08765130907465869,0,5573.115474515852,REJECT
16006.93151810589,1043.5744549025446,0.08150352378197406,0,869.6453790854539,REJECT
34228.76697546551,8834.246101780634,0.0786449347955918,0,7361.871751483862,REJECT
24048.43702732873,3314.3840961058218,0.14529545122196116,0,2761.9867467548515,APPROVE
63592.314671434295,3719.1735591536108,0.09370704965772068,0,3099.3112992946753,APPROVE
20279.833306580378,1762.1131229735965,0.13189799067040112,0,1468.4276024779972,REJECT
12264.34491376819,161.99480308886137,0.15729468138800695,0,134.9956692407178,REJECT
50821.541672849075,4521.230974691979,0.09777578896392317,0,3767.6924789099826,APPROVE
40317.948442629924,2602.7022745983118,0.013816870604580499,0,2168.9185621652596,APPROVE
65973.13236986549,41.181875773771026,0.08937228432204568,15,34.31822981147585,APPROVE
65218.376960970905,8502.766500739199,0.05418841289645184,0,7085.638750615999,APPROVE
28219.954252056592,2058.8173212700103,0.019216131965185044,15,1715.6811010583417,APPROVE
10545.095725145196,5268.456084842756,0.07483283942491215,0,4390.3800707022965,REJECT
10496.42708640501,4684.27856982457,0.0881272690022353,0,3903.5654748538077,APPROVE
59441.533938166984,380.24881873172393,0.0828984886831804,0,316.8740156097699,APPROVE
36217.59878899534,258.1092523911511,0.05410528827891091,15,215.09104365929258,APPROVE
81971.6859621769,20826.129433418657,0.19674410360647263,0,17355.107861182212,APPROVE
4675.694902692353,487.2724071987011,0.07784267837944331,0,406.06033933225086,APPROVE
20349.42092324995,195.10828089087227,0.09386327580491616,0,162.59023407572687,APPROVE
53412.45097761581,323.839468886529,0.034492372278985335,15,269.8662240721075,APPROVE
44956.68353412024,329.0158769889488,0.10375153520103343,0,274.1798974907906,REJECT
44112.513181998685,884.9976809260021,0.07866773144975972,0,737.498067438335,APPROVE
11901.312235520381,1544.069310933429,0.11821557288511912,0,1286.7244257778575,APPROVE
17906.410407447667,4595.0897840921425,0.08564705955002852,0,3829.2414867434522,APPROVE
137624.12747042874,844.1365712131476,0.06137287956493635,0,703.447142677623,REJECT
25193.038736701907,1079.6850384024647,0.058936421749600336,0,899.7375320020539,REJECT
123574.64505601223,6498.010861141471,0.023774735294112784,0,5415.009050951226,APPROVE
93968.4736935218,1964.444273654484,0.09992687902494972,15,1637.0368947120699,APPROVE
10230.505673461637,1649.2959995664035,0.050772612903411396,15,1374.4133329720028,REJECT
21985.737864686576,777.0040789700863,0.030122183921616717,0,647.5033991417386,APPROVE
26517.436967215148,347.08886628233057,0.020565487022127512,0,289.2407219019421,APPROVE
6771.751101148136,7463.3893821800175,0.01836333433422169,0,6219.491151816681,APPROVE
27243.39341934187,490.97494035907016,0.0636984380023333,0,409.14578363255845,APPROVE
11070.969769354017,1462.9689184882996,0.043854806598319106,15,1219.1407654069162,APPROVE
48499.502543509,1303.4139781107142,0.03348475933951297,0,1086.1783150922618,APPROVE
29582.18074866335,234.1456478229852,0.13469679484550473,0,195.121373185821,APPROVE
17801.646280424793,1655.1549530857098,0.14888259901868908,0,1379.2957942380915,APPROVE
8130.408629251438,1854.1043498247864,0.03902462704897259,0,1545.086958187322,APPROVE
13278.981328118822,1165.4235485439406,0.15652548772301778,0,971.1862904532837,APPROVE
46022.984864822436,3883.140439076932,0.060949811556495696,0,3235.950365897443,APPROVE
24164.24426694463,838.1851500683781,0.08644166555125907,0,698.4876250569818,APPROVE
38627.71090477893,3367.652596823842,0.07800635399651025,0,2806.3771640198684,REJECT
13565.818289351819,605.8108309202552,0.08597560062175567,0,504.84235910021266,APPROVE
47168.62945829889,1812.329170433576,0.013320415354997013,0,1510.2743086946466,APPROVE
21844.6231235673,2391.90834270635,0.022668358652487407,0,1993.256952255292,APPROVE
67973.40004626979,3845.6025415391277,0.10759026302477755,15,3204.66878461594,REJECT
60868.444684932394,241.69971837875153,0.06781551590253293,0,201.41643198229292,APPROVE
40060.105901795614,505.59962648943565,0.09649047902432205,0,421.3330220745297,REJECT
71841.59753258477,2265.3551434107435,0.01714277713431652,0,1887.7959528422862,REJECT
3648.9335630364258,391.3142865216233,0.010317099777646516,0,326.0952387680194,APPROVE
40179.15724411476,2495.494793902046,0.06715362204491847,0,2079.5789949183713,REJECT
42398.65542717677,3046.5432479207884,0.06974106348106818,15,2538.78603993399,APPROVE
43095.933814377924,544.4083613310529,0.08224794036243081,0,453.673634442544,REJECT
28704.99538615724,45664.33741490509,0.23465538713379272,0,38053.61451242091,APPROVE
43450.30383557607,4156.922971826963,0.12305613979791072,0,3464.1024765224684,APPROVE
45832.920104197314,6812.799945272519,0.02064032728833619,0,5677.333287727099,APPROVE
83285.68423032097,5152.998006003851,0.11960687079918023,0,4294.1650050032085,APPROVE
13205.6662051566,1944.681887701251,0.0067352831297407744,0,1620.5682397510425,APPROVE
24125.567731809846,1188.4253166630592,0.051433171422886004,15,990.3544305525493,APPROVE
34539.425621182396,786.1881924096892,0.03051571572029838,0,655.1568270080743,APPROVE
58338.734965610456,869.3271934382749,0.12081865329802423,15,724.4393278652291,APPROVE
22832.891999445386,448.4455013299925,0.17140459373881956,30,373.7045844416604,APPROVE
37084.84973368564,1511.8793715606498,0.06744932630756793,0,1259.8994763005414,APPROVE
9663.295818121382,1777.9574321663674,0.023475659008967344,15,1481.6311934719727,APPROVE
23783.750113409318,6273.257381180477,0.06559153974757426,0,5227.714484317064,APPROVE
24672.655143988795,241.10270749134384,0.05301758450587803,0,200.9189229094532,APPROVE
101074.6807348163,624.0841698326093,0.053964862443536196,0,520.0701415271743,APPROVE
19100.252607211558,5074.258323470739,0.0918161665247137,15,4228.548602892282,REJECT
165746.30470273533,4554.040951555686,0.1516268169432615,0,3795.034126296405,APPROVE
64520.21979021689,656.6581919982618,0.04165442268840194,0,547.2151599985515,APPROVE
44373.347217297785,20504.618248783125,0.1069223564156362,15,17087.181873985937,REJECT
55861.84473660641,341.37290650207655,0.044657468708246405,0,284.4774220850638,APPROVE
19728.511982627373,1388.5801252923245,0.13670566779513643,0,1157.1501044102704,APPROVE
52860.628175508784,733.3096029293613,0.0779690015755669,0,611.0913357744677,APPROVE
28357.100556995694,4311.894129000038,0.079758320357606,0,3593.2451075000317,REJECT
23770.291817336994,1478.5794547907292,0.10014821717043615,0,1232.149545658941,APPROVE
15863.975757682801,957.5697500182013,0.009801195683367151,0,797.9747916818343,REJECT
17698.330897995642,4322.392181978272,0.12982996910265795,15,3601.993484981893,APPROVE
44435.426176740846,2747.0819691905035,0.07909725067833451,0,2289.2349743254194,APPROVE
30560.569847897605,227.10812798013578,0.07307310644434771,0,189.2567733167798,APPROVE
98685.67955209773,18403.41726124659,0.08267726216598965,0,15336.181051038826,APPROVE
21737.947039742634,1300.4838215432314,0.05132352246113865,0,1083.7365179526928,REJECT
20872.749522191956,607.9533936208771,0.09100968989862,0,506.62782801739763,APPROVE
44664.260449679685,95.00398928181988,0.16447258711391533,0,79.16999106818322,REJECT
17414.84779378351,1157.3305217705163,0.06723162793498184,15,964.4421014754301,APPROVE
71822.03972105085,3651.2014225573616,0.1825098604791508,15,3042.6678521311346,APPROVE
22899.362229907474,253.65961851002294,0.017839317039042003,0,211.38301542501912,APPROVE
26130.50577175384,151.87042678405027,0.08603756783931304,0,126.55868898670855,APPROVE
33238.61911226501,1833.3892989619592,0.04674748641035854,15,1527.8244158016325,REJECT
49103.2407726981,147.11175838946912,0.07377014991682476,15,122.59313199122425,APPROVE
28914.53258447382,2752.8252599780444,0.20023210945751532,0,2294.0210499817035,APPROVE
43099.858598283114,2603.5766758019645,0.14438022306663037,15,2169.6472298349704,APPROVE
53289.18932952109,3041.793471039241,0.06864310033411997,0,2534.827892532701,APPROVE
11848.344373119256,134.83121226836883,0.09629757968939848,0,112.35934355697403,APPROVE
159103.40199407114,2413.602378322419,0.08114483058308761,15,2011.3353152686825,REJECT
20162.42587259859,4264.280103202643,0.11754197157247616,0,3553.566752668869,APPROVE
107415.34721515843,2926.5797090444703,0.08225580838714838,0,2438.816424203725,APPROVE
31364.83704334146,7487.996480199265,0.05806400251319967,0,6239.99706683272,APPROVE
17668.30645861843,3789.437662178688,0.13570632344993616,0,3157.86471848224,REJECT
58338.89169243951,3013.865858571725,0.07729771077658684,0,2511.554882143104,REJECT
54078.635068108175,129.22881119779092,0.014503365805621539,15,107.69067599815908,REJECT
65414.39353064006,727.3829600599514,0.13502138860544458,0,606.1524667166261,APPROVE
56971.40123226954,822.5640201267212,0.031086427737792636,0,685.4700167722676,REJECT
4797.115034882561,1370.2194718557967,0.05810348182671428,0,1141.8495598798304,APPROVE
50805.733261959525,629.5193359461024,0.021606881048745145,0,524.599446621752,REJECT
63209.837551314326,389.86111493105085,0.1400288163167746,0,324.88426244254237,REJECT
76928.14203429555,1903.9653126791852,0.059739937100314736,15,1586.6377605659875,APPROVE
72973.5484176622,8786.477855398296,0.10806063027091828,15,7322.06487949858,REJECT
5212.872589600869,2024.8427637226764,0.05467293472217214,0,1687.368969768897,APPROVE
8463.493914170456,821.9342891891433,0.0452494332610904,0,684.9452409909527,REJECT
44865.06090806323,424.1351114095297,0.08774017733237799,30,353.4459261746081,APPROVE
21205.408015400084,4305.530151054728,0.032034564653624545,0,3587.941792545607,APPROVE
29585.989424531006,4654.009457383391,0.037629349247755725,0,3878.3412144861595,APPROVE
7865.143177114422,9084.197630442159,0.026837212153727186,15,7570.164692035131,APPROVE
136338.19621696934,483.20753397168755,0.1203176148492495,0,402.6729449764063,REJECT
91996.20839522852,222.84137221866064,0.12371783994796476,0,185.7011435155505,REJECT
29027.68644420965,1991.6674498673606,0.011073865732399714,0,1659.722874889467,APPROVE
13714.018628826478,2424.4899345549984,0.03418375582387569,15,2020.408278795832,REJECT
3243.4416262510476,5230.552668140703,0.104835033643187,0,4358.793890117252,APPROVE
15217.528738910136,7488.548982769273,0.07892653326209138,0,6240.457485641061,APPROVE
30101.50029853283,1449.6850865017152,0.07450918750911473,0,1208.070905418096,REJECT
46360.10216695445,1754.1386883589917,0.19498099675808395,0,1461.7822402991596,APPROVE
40172.67523337619,172.47701705602202,0.04154438574391921,15,143.730847546685,APPROVE
10567.150065195332,534.4598138293885,0.06639332047107013,0,445.3831781911571,APPROVE
33367.74500689134,613.9835642277363,0.02364936978588052,0,511.65297018978026,APPROVE
84976.14360682851,6480.95924915839,0.12980575278538958,15,5400.799374298657,APPROVE
72050.24742236626,1271.3869657946766,0.1346395795385876,15,1059.4891381622303,APPROVE
54618.393108942546,1550.1439659082698,0.060789551414627344,15,1291.7866382568914,APPROVE
38791.3205083043,3037.394881601075,0.11539620929835262,0,2531.1624013342293,APPROVE
47029.68002819115,8484.06005890154,0.10614337588356515,0,7070.050049084616,APPROVE
29890.40534767414,1734.8508934453516,0.09288226109766186,0,1445.7090778711263,APPROVE
7712.501309462182,7468.334918697956,0.10595770192551279,0,6223.6124322482965,REJECT
43006.96051323228,1891.845933597993,0.09171736489089881,0,1576.5382779983274,APPROVE
36924.66246054482,160.60530005725954,0.007806673801310172,0,133.83775004771627,APPROVE
20869.90015877801,1097.1109687688934,0.09811675873060124,0,914.2591406407445,APPROVE
26542.396134165963,4101.0591795705695,0.06959602830574613,15,3417.549316308808,APPROVE
295562.16703063226,553.156979405309,0.029972141974345005,15,460.96414950442414,REJECT
223498.45859341868,3008.0381391132964,0.13570165533685105,0,2506.6984492610804,APPROVE
42330.44799939867,446.4219635900191,0.1217979003147621,15,372.01830299168256,APPROVE
80939.71383840601,851.7423824357064,0.12835493149594163,0,709.785318696422,APPROVE
70097.90088503026,730.0633887791967,0.16228338133215786,0,608.3861573159971,APPROVE
62461.163315070226,532.630467662394,0.0477404148339156,0,443.858723051995,APPROVE
25591.955933478144,1902.7928567701329,0.06834713010200966,0,1585.6607139751106,REJECT
144644.53604727428,912.4212991087696,0.08776782153166303,0,760.3510825906413,APPROVE
46879.68047096795,357.34989553450833,0.017816815152216246,0,297.7915796120903,APPROVE
62578.23947022834,1119.7351926824797,0.021531003901733622,15,933.1126605687331,APPROVE
12030.06626753682,6165.615080834694,0.0670283765729014,0,5138.012567362245,APPROVE
30336.752630291405,471.4947426303545,0.02258007753898246,0,392.9122855252954,APPROVE
14043.588902859374,5633.99687919045,0.10408655071721619,0,4694.997399325375,APPROVE
16326.718460258358,296.8442801840075,0.05438814846107166,15,247.3702334866729,APPROVE
18777.012677953957,626.9487268832909,0.018419639168444503,0,522.4572724027424,REJECT
21077.89674425971,2487.757420836607,0.018363286276721628,0,2073.1311840305057,APPROVE
26006.623878541614,708.1222936788353,0.01653489842883126,0,590.1019113990293,APPROVE
11442.806866063367,1307.2144978310412,0.08850183971618594,0,1089.345414859201,APPROVE
19568.91987052786,8688.204172739195,0.12777258331807134,30,7240.170143949329,APPROVE
51827.808849743524,602.6228339387063,0.07980835392163278,0,502.18569494892193,APPROVE
18649.137071920886,10562.915077606012,0.14077138298218161,0,8802.429231338343,REJECT
56337.015570285614,1733.7889411748765,0.12747882307956715,15,1444.8241176457304,REJECT
31182.03838398215,2278.423765789181,0.1327734659222605,0,1898.686471490984,APPROVE
44856.15373359172,438.21213869887345,0.1095024465216944,0,365.1767822490612,APPROVE
18461.846246420097,507.5541233249403,0.06427645261928096,15,422.9617694374502,APPROVE
3767.9091388475445,549.5700273037521,0.0930142461204981,0,457.9750227531267,APPROVE
38314.840241166276,7844.35735616191,0.03497136339805205,15,6536.964463468258,APPROVE
159823.05046210074,6018.666125501287,0.058382643543234816,15,5015.555104584405,APPROVE
64002.99498192645,200.47512576639872,0.03411809373902118,0,167.06260480533226,REJECT
98537.61753272514,186.37462635550153,0.06766431463080469,0,155.3121886295846,APPROVE
52794.090306258986,769.3790740738142,0.06209558732914299,0,641.1492283948452,APPROVE
47240.64520508945,233.07245733215962,0.12012726249503064,0,194.22704777679965,APPROVE
30891.794518335737,412.7845984166933,0.06246029561918522,0,343.9871653472444,REJECT
16087.350400363433,2082.5026417991685,0.04547865045747488,0,1735.4188681659737,APPROVE
30115.16404397679,4913.2043419685915,0.03057843665414019,0,4094.3369516404928,REJECT
13799.925211373964,291.3822019887483,0.057970498257065926,0,242.81850165729023,APPROVE
55889.28923372738,289.04885290231914,0.16663669404029954,0,240.87404408526595,APPROVE
17149.76874193514,3605.0763780543894,0.12190297304271583,15,3004.2303150453245,APPROVE
23598.218834376203,943.3499170081886,0.1353509382974125,0,786.1249308401572,APPROVE
6614.45526341521,458.9273889210515,0.014766646111787548,0,382.43949076754285,APPROVE
30883.60125676175,843.8999372627322,0.06646208049974595,0,703.2499477189435,REJECT
39889.24057133985,4894.9027257306225,0.027198434667769514,0,4079.0856047755187,APPROVE
29955.48904506257,959.4948567890975,0.014338781848473378,30,799.5790473242479,APPROVE
31172.044627572533,1444.3930308289716,0.10497830715386923,0,1203.6608590241428,APPROVE
3718.8356594252336,3179.0932362247045,0.06179592631493682,0,2649.244363520587,REJECT
49312.24946152768,104.44679549835935,0.072963793352703,0,87.03899624863278,APPROVE
15094.79625936291,160.07246403145413,0.12811582163630075,0,133.39372002621175,APPROVE
121652.50552752413,551.6863474389969,0.06452308642258461,0,459.7386228658307,APPROVE
90079.91611492724,366.2073186270151,0.13150093179674935,15,305.1727655225126,APPROVE
28106.65770805053,8987.154135882338,0.19220134160977642,0,7489.295113235282,REJECT
100432.7949664169,734.4002884382509,0.1299822548116248,15,612.000240365209,APPROVE
26200.65531823485,3057.960038686759,0.03158435154655101,0,2548.3000322389657,APPROVE
112964.06927558225,1201.5491505227926,0.18453709007269264,15,1001.2909587689937,REJECT
50179.92334014541,99.86809281960387,0.06061474945304864,0,83.22341068300322,APPROVE
64688.43078172824,426.6626535846772,0.013201840466575103,0,355.5522113205643,APPROVE
59906.1157492827,1736.811213773336,0.05921183412974147,0,1447.3426781444466,APPROVE
48590.16896143793,924.2262471533252,0.0843207513385508,0,770.1885392944376,APPROVE
69603.08356238568,732.9677378728193,0.020565100341095086,15,610.8064482273493,APPROVE
71050.9426159767,438.58382043414576,0.04955245828089691,15,365.4865170284548,REJECT
15309.226165312595,4615.81045271613,0.03225754132126203,0,3846.5087105967755,APPROVE
38401.11090565079,526.5599125969151,0.06456826116864431,15,438.7999271640959,APPROVE
97087.88007012557,3622.313651260853,0.03408023943565866,0,3018.594709384044,APPROVE
62165.51391175954,1694.7248907019891,0.014662799000760103,15,1412.2707422516576,APPROVE
29274.570948112785,1519.1159770406748,0.15752603637034554,0,1265.9299808672288,REJECT
22067.040278058998,3983.503974771019,0.09438905807784344,0,3319.5866456425156,APPROVE
39975.620563623066,219.11004030701616,0.06336885937230714,15,182.5917002558468,APPROVE
37718.989129078,26862.740785148224,0.05837612950239613,0,22385.61732095685,APPROVE
21863.44453553191,944.9910213085376,0.07307589871348712,45,787.4925177571146,APPROVE
18445.30278665013,444.00844453443864,0.03742835669015345,0,370.00703711203215,APPROVE
18618.028765196123,6953.138560756281,0.05803296210440548,0,5794.282133963567,APPROVE
33742.86236766738,2247.7609339172423,0.12210095223948332,15,1873.1341115977018,APPROVE
68513.8351220842,13594.853816423874,0.02301412392027593,0,11329.044847019895,APPROVE
115038.09705834313,6287.538992334294,0.10015661600357044,0,5239.615826945244,APPROVE
48719.266688511765,381.309480554681,0.04128127959173916,30,317.75790046223415,REJECT
39755.85344194371,8508.177472004905,0.046682232260801794,0,7090.147893337421,REJECT
28164.790770489617,527.0845390793428,0.01561885616662768,15,439.23711589945225,APPROVE
123306.09096796127,1651.6489490200302,0.05957967969712543,0,1376.3741241833584,REJECT
35553.32281502852,28132.277296169163,0.09958998854192598,0,23443.5644134743,APPROVE
37280.94422226611,990.9326007541642,0.05055129706152282,0,825.7771672951368,REJECT
231359.221564277,11374.678208178157,0.0548524868010644,0,9478.89850681513,REJECT
32838.9458645414,4189.717948888452,0.10313967657640129,0,3491.43162407371,APPROVE
110591.86688624132,926.0065092748323,0.0744611982038927,0,771.6720910623602,APPROVE
94130.63923275133,1929.5304221776016,0.08668187907435886,0,1607.9420184813346,APPROVE
30226.896051429947,342.54722543286425,0.08365428050488408,0,285.45602119405356,APPROVE
51210.2289527133,189.95022548936984,0.08446221476957487,0,158.29185457447485,REJECT
33489.104464273725,142.21986466150025,0.02727945988316979,0,118.51655388458353,APPROVE
37354.58129640787,2948.3321150204056,0.11245121295587543,15,2456.943429183671,REJECT
17972.062971848143,198.89742178180174,0.13524275566488872,0,165.74785148483477,APPROVE
32063.006904860584,2176.2562175350317,0.19035049853945818,0,1813.5468479458598,APPROVE
26129.11488307554,1872.198946268451,0.014955962040584,0,1560.1657885570423,APPROVE
49998.60386908366,3423.403828625168,0.0313158059930145,0,2852.8365238543065,APPROVE
38046.598918329255,483.81071487559416,0.062060276780551094,0,403.1755957296618,APPROVE
34516.07167874468,1637.8050308947543,0.09704099113368528,0,1364.8375257456285,APPROVE
36468.16472887179,2536.7849368953653,0.01950505765931326,0,2113.987447412804,APPROVE
42156.026716011314,932.2135670311848,0.03182475200091674,0,776.844639192654,APPROVE
34527.16172051017,9225.867326162343,0.09010915572793887,15,7688.222771801952,REJECT
49383.00707211637,1973.8205417268211,0.0024895883734852636,0,1644.8504514390177,REJECT
34179.74755094035,170.4044977056577,0.046945928088758936,15,142.00374808804807,REJECT
35017.04436386177,224.07501021194537,0.034253861236796225,0,186.7291751766211,REJECT
71288.06961747356,1190.2994493476178,0.10485699865092903,0,991.9162077896816,REJECT
159398.85720460955,1081.47376405941,0.10768520692258726,0,901.2281367161751,APPROVE
6866.820533796976,528.090618097941,0.07407813224034547,15,440.07551508161754,APPROVE
64725.147679477865,3069.518626178011,0.11700727108996584,0,2557.932188481676,REJECT
42632.31041130299,307.4001069358449,0.03348651657783004,0,256.16675577987075,APPROVE
46970.4786291036,1488.8907610947297,0.03685909954481654,15,1240.7423009122747,APPROVE
11387.639869797344,147.59800555771128,0.0870902386564806,30,122.99833796475939,APPROVE
56454.388099864314,627.887071327111,0.05598282411545859,0,523.2392261059258,APPROVE
103195.75998031079,607.5215769839737,0.03972692635365314,15,506.267980819978,APPROVE
35994.67885180069,282.33789481004163,0.0822073159462165,15,235.28157900836803,APPROVE
18791.72746461773,7289.934715992287,0.11298194801843159,30,6074.945596660239,REJECT
260561.36795352193,247.7270233138644,0.035189472287751815,0,206.439186094887,APPROVE
60729.09628374075,503.89100404078636,0.0789961566721995,0,419.90917003398863,APPROVE
23664.514589602913,1997.1573615814775,0.015352527229418454,0,1664.297801317898,REJECT
4789.604560722082,78.22493508119283,0.14103107723600658,0,65.18744590099402,APPROVE
21279.186866585205,1274.6416617395503,0.23564811909617137,0,1062.2013847829585,APPROVE
10517.87615977687,11690.968198231341,0.01030555305762089,0,9742.473498526118,APPROVE
18426.544162948176,2894.8282194000144,0.16851495330859356,15,2412.356849500012,APPROVE
30671.70382193698,1332.1803071222046,0.14700155394008887,0,1110.1502559351704,APPROVE
10635.660181093443,1520.2867478263038,0.16384644509478233,30,1266.9056231885863,REJECT
10531.823993141796,8062.903701636265,0.18629745003437892,0,6719.086418030221,APPROVE
23386.349435065134,667.514016891456,0.12883945696810808,0,556.26168074288,REJECT
34804.938222561716,1649.3543161649545,0.06700491906664954,0,1374.461930137462,APPROVE
130472.49749942869,346.065805280201,0.07701963214493691,0,288.38817106683416,REJECT
31744.82329282606,10921.90885199174,0.06181776102595443,0,9101.590709993116,REJECT
86946.48526449423,864.8861138290239,0.04491444756735888,0,720.7384281908531,REJECT
36046.6477954436,6042.36422365188,0.0923348758039669,0,5035.3035197099,APPROVE
32903.18526930108,3052.1760568761774,0.020252494181248654,0,2543.4800473968144,APPROVE
53119.134384955825,2286.2093667824392,0.10675449878772059,0,1905.1744723186994,APPROVE
97518.90457186071,5751.130779368988,0.1297751911872528,0,4792.60898280749,APPROVE
46655.56907428089,535.4381701109401,0.1964711401019241,0,446.19847509245005,REJECT
74419.36377064629,106.606871414718,0.05894834990107692,0,88.839059512265,APPROVE
57391.18237639237,902.863955733493,0.08251737510104322,15,752.3866297779108,APPROVE
54843.30824728474,1776.8298895555713,0.09244556012327283,0,1480.6915746296427,APPROVE
39418.38905656008,124.28688409632467,0.21132099737539212,0,103.57240341360388,APPROVE
41717.389343446266,1392.061587829794,0.16781120574060066,0,1160.051323191495,REJECT
25390.807637623733,2091.5387688588926,0.1438111721896654,0,1742.9489740490772,APPROVE
9616.457697992193,1496.6134888611016,0.04312648000217738,30,1247.1779073842513,REJECT
46774.18172935933,2843.0925567067516,0.19284914736237105,0,2369.243797255626,APPROVE
103101.80677090038,1317.639031118939,0.07195099204081963,0,1098.0325259324493,APPROVE
28388.892062744588,393.98513271098614,0.08843295630049418,15,328.3209439258218,APPROVE
19174.99191071695,1715.4005983322154,0.02165909960507721,0,1429.5004986101794,APPROVE
18063.18427071537,4754.163864343135,0.18571194859486762,15,3961.8032202859463,APPROVE
11633.219795674722,4145.3074500479615,0.2103213015492538,0,3454.4228750399675,APPROVE
126971.11830429289,206.63757769929623,0.10966651380148786,0,172.19798141608018,REJECT
21520.030972087043,972.587288775484,0.040833953883839855,0,810.4894073129034,REJECT
85648.4040209558,498.31734493541444,0.12472370185024494,0,415.2644541128454,APPROVE
71383.3195028105,1065.395224404285,0.15795306544515503,15,887.8293536702375,APPROVE
55354.782490652964,1016.3203021604079,0.1099460589496279,0,846.9335851336732,APPROVE
43417.44807769146,2080.8493697534223,0.07686654806009215,0,1734.0411414611851,APPROVE
30417.419158647903,484.32312392590205,0.19565101341714863,0,403.602603271585,APPROVE
69469.21032416233,3354.9218049974515,0.04227777747552299,0,2795.7681708312098,APPROVE
132424.7793221546,3090.7176529355575,0.09826012135283807,0,2575.5980441129645,REJECT
27750.141244545048,572.1303127685732,0.09188597283749694,0,476.77526064047765,APPROVE
44837.03595330133,8108.726436374833,0.048925436578033395,0,6757.272030312361,APPROVE
122822.96170887856,2240.4898630998064,0.01158433406175264,0,1867.074885916505,REJECT
33813.407574642304,962.762551149175,0.07956817229073095,0,802.3021259576458,REJECT
33329.16729533071,820.6383217411433,0.08160756652151532,0,683.8652681176194,REJECT
16791.69911290858,755.4129647348171,0.02554218131473747,15,629.5108039456809,REJECT
82294.23582283879,8890.516066426328,0.08780814507252538,0,7408.763388688606,APPROVE
68496.67963371263,203.1911969270176,0.025025426661345482,0,169.3259974391813,REJECT
30370.50584883761,10048.773396184195,0.1207084066892316,0,8373.977830153495,APPROVE
61547.2833216345,2121.057554439316,0.08241090021882219,0,1767.5479620327633,REJECT
23450.707226452,1170.9585422820999,0.03511143440530254,0,975.7987852350833,APPROVE
33554.41871218112,1090.3844080724123,0.06906211746497624,0,908.6536733936769,APPROVE
53359.504010425975,2134.2153494306226,0.03703188445634587,0,1778.5127911921854,APPROVE
21116.373706601546,5167.968830697868,0.09785802141564841,0,4306.640692248223,APPROVE
11119.377894364588,1572.5314508034128,0.07509111269646306,0,1310.4428756695106,APPROVE
446948.5770976069,11669.359604495283,0.1243637725099,0,9724.466337079402,APPROVE
46530.187206523,1285.2167165009082,0.1253786138046566,15,1071.0139304174234,APPROVE
42525.21894734778,5504.633455697307,0.06048277763627374,15,4587.194546414422,REJECT
21163.91282446854,1120.62080637445,0.08213405476120667,0,933.8506719787083,APPROVE
181346.27987903016,840.1369950866862,0.0771362928405579,0,700.1141625722385,APPROVE
22609.269035181427,932.6190975817574,0.03796982956218387,0,777.1825813181312,APPROVE
86072.45037044729,18766.555777347414,0.23671526125934317,0,15638.796481122845,APPROVE
57724.282220535795,5152.034535026567,0.08150062996235484,0,4293.362112522139,REJECT
35781.61493609414,188.4809696399334,0.056524413970548484,15,157.06747469994448,APPROVE
11948.272982098748,297.6671580662645,0.053735055813765406,0,248.0559650552204,REJECT
70001.7282554273,1288.3263319514413,0.08474153691418668,0,1073.605276626201,APPROVE
60532.042681586136,139.91971786742468,0.07939214370910619,0,116.59976488952056,REJECT
53786.6170404548,2449.9416432728117,0.024304925405287697,15,2041.618036060676,REJECT
36335.34562435141,2208.957113321903,0.1693503434483742,0,1840.797594434919,APPROVE
58093.55055680038,676.1927506732178,0.020881669070841727,0,563.4939588943481,APPROVE
6391.6189762181975,5224.746694810649,0.12632668949973413,0,4353.955579008874,REJECT
52378.13372750607,637.8667773455775,0.024360562260506514,0,531.5556477879812,REJECT
48983.81693343164,1919.1985651023724,0.03790200511687866,0,1599.3321375853102,APPROVE
173270.16625547985,2037.359188880291,0.07879952790490954,15,1697.799324066909,REJECT
38585.95567212239,1816.7775500278403,0.11290082162650697,15,1513.981291689867,APPROVE
72966.63786056612,1281.6938715117722,0.07233310346886158,0,1068.0782262598102,REJECT
43454.58833321957,2281.119379251214,0.10397117813998456,0,1900.9328160426783,APPROVE
20050.56504171501,2089.317487835554,0.05529370798581672,0,1741.097906529628,REJECT
58240.58043033864,586.0095183276998,0.048936722607090796,0,488.34126527308314,APPROVE
53518.691935456576,203.49506030486953,0.0931435102401206,0,169.5792169207246,REJECT
248384.31134011102,3584.0025015828305,0.23861800197810218,0,2986.668751319025,REJECT
51111.024138897716,405.49287491372843,0.05945541982754901,0,337.91072909477367,APPROVE
8332.658270787126,4142.0298594836995,0.09638297420383152,0,3451.69154956975,REJECT
26907.016141956552,215.62559505629244,0.030327753971885543,0,179.68799588024368,APPROVE
171609.00634230452,1056.6862288917725,0.011073862977320685,0,880.5718574098105,APPROVE
35657.17080304009,440.7772025713358,0.039677930994616,0,367.3143354761132,REJECT
62052.621570538984,1023.6694814288749,0.03429626587274183,0,853.057901190729,REJECT
39477.44400822395,628.0184051243689,0.03773935220668841,0,523.348670936974,REJECT
16505.008560225913,10331.217532997325,0.08728328919296596,0,8609.347944164438,APPROVE
30855.213181117506,5354.08684349472,0.05147290068789748,0,4461.7390362456,APPROVE
23330.764803839218,8505.527801167456,0.025595103568753847,0,7087.939834306213,APPROVE
16998.26881328349,6767.331658410948,0.020221255675185713,15,5639.443048675789,APPROVE
9136.802195145483,1464.6122220222578,0.011040407990741151,0,1220.510185018548,APPROVE
10569.827805194374,2903.5817349707895,0.011229210820537237,15,2419.651445808991,REJECT
15427.889961894316,3632.726520195738,0.038110670538767405,0,3027.272100163115,APPROVE
21532.88572110687,205.79293903616104,0.15005705948822934,0,171.49411586346753,APPROVE
100514.38497748187,2794.387961665393,0.05565344957911853,0,2328.6566347211606,APPROVE
55021.385251266875,1263.8292092161435,0.0677671598560803,15,1053.1910076801194,REJECT
28219.335437105576,2767.6283388337997,0.04020189090055298,0,2306.356949028166,APPROVE
31433.078384071894,3355.614259648374,0.08187542962978046,0,2796.345216373645,REJECT
44362.959954851845,2006.6202609145462,0.04297322343638772,0,1672.1835507621217,APPROVE
134684.1633654717,1080.104601715164,0.10219888426390128,15,900.08716809597,APPROVE
33614.105485992586,541.0817460007726,0.016037782115716,0,450.9014550006438,APPROVE
12445.512065282768,13356.287245156387,0.04281150394306111,15,11130.239370963654,REJECT
37661.4830368212,636.9378338587622,0.08962521748775103,0,530.7815282156351,REJECT
45373.29103492529,1191.8203930646202,0.031829903459853585,15,993.1836608871836,APPROVE
60232.26031024926,2567.702349146757,0.08244920283657246,0,2139.7519576222976,APPROVE
20833.544951347696,1301.117539565798,0.01715003279521963,15,1084.2646163048316,REJECT
36084.61538792409,815.8128541060523,0.02116447984055848,0,679.8440450883769,APPROVE
125242.12729757979,893.9513202531339,0.058048022510998554,0,744.9594335442781,APPROVE
33404.323783097316,171.5184569786652,0.09774381146472227,15,142.932047482221,APPROVE
38477.278310726346,733.3108312877604,0.10300348371743773,15,611.0923594064669,APPROVE
26278.605442797776,2074.2240344482216,0.10010678618089351,0,1728.5200287068512,APPROVE
30105.81916363049,747.4704502643127,0.07352593589104886,0,622.8920418869272,APPROVE
10335.03474822387,1254.018880632195,0.06029529032732665,0,1045.0157338601625,APPROVE
22608.582292015966,378.39963449954047,0.05690168450066561,0,315.33302874961703,APPROVE
10385.41589226997,17.74515962686049,0.012622962522629823,0,14.787633022383742,REJECT
38637.725194484425,18943.984242773404,0.08559016148397866,0,15786.653535644502,REJECT
45039.78787032,6357.558847989463,0.07143406903984846,0,5297.965706657886,APPROVE
60296.02768927852,1203.4085114952902,0.07234852568118355,0,1002.8404262460753,APPROVE
53989.53499508144,468.63684309193144,0.0597810217113284,0,390.5307025766095,REJECT
51957.09395138574,1886.524626158929,0.13158343603651265,0,1572.103855132441,REJECT
50744.808936679125,471.016843026611,0.022491943567862306,0,392.5140358555091,REJECT
30718.56583165612,554.039745521243,0.053859364209229287,0,461.69978793436917,APPROVE
53327.55207746307,389.4411029737785,0.06489075477086659,0,324.53425247814874,APPROVE
64475.06279140935,882.9235788063194,0.05290728575110544,0,735.7696490052662,APPROVE
21951.467769678595,4642.60049523435,0.017087994163677674,15,3868.8337460286252,APPROVE
15822.131129220743,4059.9417138868616,0.15161367312527166,0,3383.2847615723845,APPROVE
28570.48420147133,496.62464467604724,0.17574441216785883,15,413.8538705633727,APPROVE
59740.51516799776,231.5541667281057,0.07960454609259211,0,192.96180560675475,APPROVE
33694.53877347386,945.5242626789255,0.06750314814393019,15,787.9368855657713,APPROVE
25152.881758955038,3450.678238884651,0.16081556048028178,15,2875.5651990705423,APPROVE
14499.172939800685,431.7000870489005,0.1585618823308128,0,359.7500725407504,REJECT
33862.102137768656,11081.036358089517,0.03918997778173885,0,9234.196965074598,APPROVE
31556.940994563363,960.873155215073,0.09021729729426914,0,800.7276293458941,APPROVE
193049.08535678807,342.8557089541125,0.023308402300843346,15,285.7130907950937,APPROVE
97794.7777293602,89.48426800307438,0.0982412617768308,0,74.5702233358953,REJECT
54747.37156279605,2642.135999147775,0.0759544517747947,15,2201.779999289812,REJECT
47986.42279290622,1050.0495630639132,0.10741419903675949,0,875.0413025532611,REJECT
79468.15440309416,1228.0054690444176,0.10898399098192568,0,1023.337890870348,REJECT
161558.0191635084,1575.3580870802066,0.03338570729456072,0,1312.7984059001722,APPROVE
56093.96460563415,1480.3456733686467,0.03255597897430594,0,1233.6213944738722,REJECT
42433.183472321085,328.84993220374946,0.04057990678846537,0,274.0416101697912,REJECT
40270.59969462089,62.374428502109346,0.13856224465397002,15,51.978690418424456,APPROVE
10910.551609125525,6825.646221247793,0.057923292795784384,0,5688.038517706494,APPROVE
10912.058457929912,2378.3094972727463,0.09683443987796136,0,1981.924581060622,APPROVE
16759.653292410443,2152.919074068482,0.06767542009545502,15,1794.0992283904018,REJECT
24980.206217518717,3782.119336012633,0.07134407467462314,30,3151.766113343861,REJECT
100119.64591670145,3397.4215799252706,0.08310656599966201,0,2831.1846499377257,APPROVE
80188.30747690996,937.6225593178426,0.09140950927982606,0,781.3521327648688,APPROVE
34112.37404789701,311.7577200536855,0.10098695613703133,0,259.79810004473785,REJECT
40845.3490192951,2107.0718627830206,0.12167947372794968,0,1755.8932189858504,APPROVE
35961.44177810583,699.8751081458006,0.17498730090474304,0,583.2292567881672,APPROVE
73094.71497570099,1292.78453142333,0.14055043124414765,0,1077.320442852775,APPROVE
27000.037155846334,141.1478482114297,0.017831007067839036,0,117.62320684285807,APPROVE
52561.44435324833,1390.678544569916,0.03164950006671242,0,1158.8987871415966,APPROVE
163671.98249435826,432.4442913834409,0.03298525914730427,0,360.37024281953404,APPROVE
16191.074882662484,6576.211980899807,0.0171556310590877,0,5480.176650749839,APPROVE
159354.5808670913,1339.5551411382887,0.0763542625853222,0,1116.2959509485738,APPROVE
31348.349134020755,2145.8106706745075,0.03329250436561292,0,1788.175558895423,APPROVE
51198.86578990894,375.55213482823547,0.06740228795595518,30,312.96011235686285,REJECT
24892.642026556805,1286.3868692516116,0.04975599326657894,0,1071.9890577096762,APPROVE
16764.233610523104,335.607699894824,0.045718006531186205,0,279.67308324568666,APPROVE
66519.58801788087,9012.518169382825,0.09893537412249208,0,7510.43180781902,APPROVE
298315.1186349111,382.4848334423135,0.05705599320544228,0,318.7373612019279,APPROVE
39319.106269792384,301.8530059783014,0.05799937047648276,0,251.54417164858447,REJECT
41256.74961646938,2862.741241801975,0.08034277701888345,0,2385.6177015016456,APPROVE
35925.48532353084,3211.8926698642754,0.05846979189586442,0,2676.577224886896,APPROVE
30223.07775804104,24341.749515965035,0.19144464556462662,15,20284.791263304196,APPROVE
220124.51539026972,443.98555718440485,0.07841792330327385,0,369.98796432033737,APPROVE
54947.156770626934,159.90094703913937,0.10398520824170966,0,133.2507891992828,REJECT
95481.99593685799,5517.515559072533,0.10363151566532305,15,4597.929632560444,APPROVE
14223.865788548766,8998.764330944416,0.03259868477894407,0,7498.970275787012,APPROVE
7516.542115061804,6127.3749872974095,0.11279979570861512,15,5106.145822747841,APPROVE
25188.89938689369,2770.967974490786,0.10403059130609207,15,2309.139978742322,APPROVE
59187.6743843067,16568.86608810617,0.03848060948473002,15,13807.38840675514,APPROVE
23664.862450084474,686.143782599681,0.05612727148731193,15,571.7864854997341,APPROVE
9853.888275232266,1350.2488008916139,0.08483364825528358,0,1125.2073340763448,APPROVE
62547.29059613701,4217.228228184056,0.07539510072877663,15,3514.3568568200467,APPROVE
52951.540553923616,717.4706806805698,0.25258452545126686,0,597.8922339004748,APPROVE
8752.808793349193,3813.1183892217887,0.025621374856223178,15,3177.598657684824,APPROVE
7205.220329363862,611.3586938129937,0.06493864707847136,0,509.4655781774947,REJECT
39984.07406222332,1044.2707601398438,0.11811935862668246,0,870.2256334498697,APPROVE
17825.556345061523,1937.761349630884,0.09923483215030837,0,1614.8011246924034,APPROVE
70866.54147586688,10142.011470943222,0.14190241872013357,0,8451.676225786017,APPROVE
13355.369768745513,22886.720805024604,0.03553764181353929,15,19072.2673375205,APPROVE
179249.50408141705,2309.7955503113417,0.12691967393509251,0,1924.8296252594512,APPROVE
61139.229519436914,307.1742083681203,0.10944275896052064,0,255.97850697343355,APPROVE
14759.006154202069,1493.9888645915048,0.06905285817395009,0,1244.9907204929207,APPROVE
17647.664956265864,1146.56599196277,0.10579398494229983,60,955.471659968975,APPROVE
10250.148152600006,851.2062951220489,0.19183777284899084,0,709.338579268374,APPROVE
12956.513401232763,1297.8443495335512,0.11047206997969691,15,1081.5369579446258,APPROVE
227011.0691551279,3801.854185690516,0.06566837474210273,0,3168.2118214087627,REJECT
55045.84770605009,1659.8130271914724,0.22977568449355532,0,1383.1775226595603,APPROVE
136533.55539560234,1352.9866499125728,0.10915673065893544,0,1127.4888749271438,REJECT
51834.90516837224,2625.0107849102205,0.11916233856496597,0,2187.5089874251835,APPROVE
28754.541094557157,3027.5439661491887,0.04048481161318631,30,2522.953305124324,REJECT
25028.028968868177,1797.9305071012288,0.0750223734196734,30,1498.2754225843573,APPROVE
52019.55460798723,1435.5469640128301,0.03771447174103635,0,1196.2891366773583,APPROVE
94937.22263034314,1387.424988366146,0.02656923168492284,0,1156.1874903051216,REJECT
103734.18480501662,2188.6584701127713,0.12833083989886568,15,1823.8820584273092,APPROVE
210444.76817775855,406.7120920600493,0.03840017442584344,0,338.9267433833744,REJECT
74025.04263323333,2262.8832815727233,0.06197417587304846,0,1885.7360679772694,APPROVE
22296.247651580277,915.7889300937773,0.07234360687740836,0,763.1574417448143,REJECT
46039.75015434138,4841.260716534152,0.032376432169763394,0,4034.3839304451267,APPROVE
48494.36187484781,325.52555687970704,0.08490093601485714,0,271.27129739975584,REJECT
12933.173290787245,3051.3108371175986,0.04734709006318561,0,2542.759030931332,REJECT
12995.164262573995,668.3021797550573,0.1834485525112904,15,556.9184831292143,REJECT
32270.795333479702,6025.975436036547,0.08473215942723905,0,5021.646196697122,REJECT
74639.59891139736,4850.565889060039,0.19792250606580844,0,4042.1382408833656,APPROVE
23396.794183919385,890.7259407134351,0.04716586546732099,0,742.2716172611958,APPROVE
3700.7791948984955,146.3338447841066,0.08873377381752395,0,121.94487065342214,APPROVE
39472.55436414817,845.2459154483215,0.11296957237932777,0,704.3715962069346,APPROVE
15024.437294526431,8090.344101632896,0.04441873208086369,15,6741.953418027413,REJECT
13748.006486309165,1321.3326411689295,0.06742663930856864,0,1101.1105343074412,REJECT
49843.47263767708,4543.52633489775,0.09668619031057757,0,3786.271945748125,REJECT
232357.53827672577,739.4546662799879,0.14514100797311721,0,616.2122218999899,APPROVE
54961.91781962275,1777.0198178159962,0.039644689607684955,0,1480.8498481799968,APPROVE
26970.897523761418,2352.148447178808,0.10319786072965108,15,1960.12370598234,REJECT
14020.371705117937,482.26274798034774,0.11635095100806575,0,401.88562331695647,APPROVE
77671.68640217623,45247.48442079477,0.2891778847373937,15,37706.237017328975,APPROVE
35749.43560978501,239.94685589626397,0.08784286816513898,15,199.95571324688663,REJECT
19295.369728004145,909.5526049308965,0.11594534627911872,0,757.9605041090804,APPROVE
117822.70363704118,1087.2496420974364,0.05967911962319274,0,906.0413684145302,APPROVE
31261.31861523052,2156.5561984621227,0.1366021657440622,0,1797.1301653851021,REJECT
16736.118311293183,6196.284446278953,0.16956569562719526,15,5163.570371899127,APPROVE
59831.99639633197,2364.0251805029466,0.01558830064919251,15,1970.0209837524553,APPROVE
30189.588003871555,7591.394705358602,0.08493814577736672,0,6326.162254465501,APPROVE
40838.10820710861,4891.39007293252,0.05107778658954096,0,4076.1583941104327,APPROVE
8307.924798147133,4336.3773462859845,0.08083681001451466,0,3613.6477885716536,APPROVE
14553.635003480409,1719.6145455266396,0.19956924158379727,0,1433.0121212721997,APPROVE
36502.56517428749,92252.1743754461,0.0796944275044662,30,76876.81197953841,APPROVE
110328.7131863318,1442.1029925868052,0.0721840747299869,0,1201.7524938223376,APPROVE
26373.036145434802,1997.7875349349504,0.027490350666012634,0,1664.8229457791251,APPROVE
23370.14325004398,1113.2885354124257,0.025343287227122837,0,927.7404461770215,REJECT
10400.119284664815,5485.237497112573,0.0745778976681945,0,4571.031247593811,REJECT
74843.00058142284,633.1394129572419,0.06325688928706574,15,527.6161774643682,APPROVE
192689.9384759703,1786.2964111423369,0.08651413141659271,15,1488.580342618614,APPROVE
23113.70005452352,411.77179361977363,0.05432495564993908,0,343.14316134981135,APPROVE
52839.76994696415,857.6811263645614,0.08158842034473192,15,714.7342719704678,APPROVE
9615.515469384225,7095.133938963918,0.21940303411921747,0,5912.611615803265,APPROVE
201554.74017800973,960.3225264591749,0.03652242637281212,0,800.2687720493124,APPROVE
3455.3847566329046,1255.845408033262,0.09191458185711747,0,1046.5378400277182,APPROVE
42364.98755962461,411.6933740769646,0.033835638782988696,0,343.07781173080383,APPROVE
23664.64523819513,126.65513616078066,0.03415062242249472,0,105.54594680065054,APPROVE
42293.967552957445,1212.1299501573883,0.035160067530608186,0,1010.1082917978234,REJECT
50798.69555194782,448.0168587154065,0.014624993616445986,0,373.3473822628387,REJECT
17753.07746569696,1012.9487463225438,0.05141011790965413,0,844.1239552687865,APPROVE
23420.92105430173,14769.623261308616,0.023046398798488407,0,12308.019384423846,REJECT
10227.932544520361,1781.5591770313158,0.04046010063184131,0,1484.6326475260964,REJECT
16982.67867317098,214.6690487860616,0.11337373812878948,0,178.89087398838467,APPROVE
36030.610689807465,525.0243504881195,0.068080276705515,15,437.5202920734329,REJECT
14140.073918762562,1362.07513786086,0.11460703933133204,0,1135.06261488405,APPROVE
118844.19336390326,1255.223824557481,0.05324708231852795,0,1046.0198537979009,APPROVE
33991.14917495262,1590.697006287205,0.09381110151601164,15,1325.580838572671,APPROVE
138518.8466488383,528.8918886237201,0.04070241095717003,0,440.74324051976674,APPROVE
45338.03347931815,189.96202481062244,0.0182876588448502,15,158.30168734218535,APPROVE
16765.435265342196,1017.9865045001858,0.12280878114946252,15,848.3220870834881,APPROVE
31548.816331979047,1874.047801212625,0.11744054220377804,0,1561.7065010105207,REJECT
45313.15376743898,2583.847201362051,0.13712660232282023,0,2153.2060011350422,APPROVE
30297.39113025393,954.1419385343352,0.037490693247128684,0,795.118282111946,APPROVE
56764.654924952345,5653.972706996923,0.028837155222828634,0,4711.643922497436,APPROVE
144577.51533199186,461.3544458702166,0.048168024818395466,0,384.4620382251805,APPROVE
159450.64428627692,1272.4346976972124,0.08705399756815144,0,1060.3622480810102,REJECT
30047.81167775507,727.0567360930299,0.13372880631497544,0,605.8806134108582,APPROVE
10946.633353110094,1112.081670523399,0.2537753466996907,0,926.7347254361658,REJECT
80536.45444920812,921.5002458409374,0.03181014784820919,15,767.9168715341144,APPROVE
27206.93185278237,1450.2058432006145,0.09146362494151981,15,1208.5048693338454,APPROVE
80618.78926611342,1287.5173447657344,0.16767144929829458,0,1072.931120638112,REJECT
74167.24359057903,3195.720220989738,0.08472602263083909,0,2663.100184158115,REJECT
26222.443617039422,436.0197822188877,0.047121482122459826,0,363.34981851573974,APPROVE
59291.37479383983,22088.407480132726,0.007731507861012874,0,18407.00623344394,APPROVE
106123.66635724637,3048.262432975625,0.058307427127398344,0,2540.2186941463538,APPROVE
74188.40099299839,3029.7077614254904,0.1184704120100362,0,2524.756467854575,APPROVE
32689.9157823132,528.6699757436833,0.04261865753180947,0,440.55831311973606,REJECT
34736.01289239254,11128.103866964793,0.06195480226515019,0,9273.419889137327,APPROVE
27227.113754638245,21259.3230556255,0.057969087024392255,0,17716.102546354585,APPROVE
12674.499580581123,776.0265463364199,0.22974603159257664,0,646.6887886136832,APPROVE
43848.318327151435,599.2286525173571,0.0633192253131263,0,499.3572104311309,APPROVE
33437.14202056424,1537.5783633060391,0.059950080014922386,0,1281.3153027550327,APPROVE
63366.5292540836,243.12174105475606,0.10285519507555334,15,202.6014508789634,APPROVE
41936.6456247698,4248.84290844057,0.04120017569861121,15,3540.702423700475,APPROVE
58251.42674205634,88.07180027571587,0.040381235213031566,0,73.39316689642989,REJECT
38489.64101259095,1073.65308026687,0.07191272970882563,0,894.7109002223915,APPROVE
35755.6763768431,1594.2720363181597,0.05130929096395496,0,1328.560030265133,APPROVE
17006.001610041465,2959.643848516917,0.0782172388175918,0,2466.3698737640975,REJECT
73991.43605470739,1650.4371138106378,0.1474772805675434,0,1375.3642615088647,APPROVE
40434.44087953486,3412.538066190822,0.07008755911655165,0,2843.7817218256846,APPROVE
44723.63870979366,3926.9917450220064,0.054023498654322336,0,3272.493120851672,APPROVE
54832.48827732034,390.0883218798246,0.009182862465630826,0,325.0736015665205,REJECT
71659.5475944974,443.882686175398,0.038330316180111276,15,369.9022384794983,REJECT
84164.08091925475,884.0355467555745,0.07233632264055412,15,736.6962889629787,APPROVE
25294.13257362812,819.7879156530992,0.03521501341683795,0,683.1565963775826,APPROVE
29676.690894688305,1705.2146206408827,0.24033582374443785,30,1421.0121838674022,APPROVE
41584.744457885965,649.9868133698756,0.08877905296139599,30,541.6556778082296,APPROVE
42903.39530221178,2547.1662238375848,0.0806992187164913,0,2122.6385198646535,REJECT
10378.39556280652,7290.645563413954,0.04721075555054075,0,6075.537969511628,APPROVE
46120.0162485195,4938.70686007047,0.16891462654803696,0,4115.589050058725,APPROVE
31953.88907001993,5389.060928805557,0.0916858320574598,0,4490.8841073379635,APPROVE
48442.42930218908,3223.282344676969,0.029952112074777246,0,2686.068620564141,REJECT
107853.25979972596,684.9051623779042,0.11012342038954395,15,570.7543019815868,APPROVE
55641.655299431404,2465.271842051515,0.03485101569881247,0,2054.3932017095954,REJECT
55698.20888292797,1834.5658879744349,0.022691462950390928,0,1528.8049066453623,REJECT
51041.37955703575,283.0626373429654,0.06760087099318751,15,235.8855311191378,REJECT
78519.57953010088,3614.1191300763494,0.17305038301902606,0,3011.765941730291,REJECT
67488.14573812915,15131.337201689854,0.12017614464504234,0,12609.447668074878,APPROVE
160055.20293704543,2007.4928462714445,0.04119801465683155,0,1672.9107052262036,APPROVE
35255.27922804334,1970.925755998572,0.1034562957401842,0,1642.43812999881,APPROVE
63652.62380600433,2174.877738207355,0.07627734315592036,0,1812.3981151727958,REJECT
37604.61108498875,1285.5705595651125,0.059773166677988286,0,1071.3087996375937,REJECT
9525.09219250053,1634.8258377870245,0.04591363950462226,30,1362.3548648225203,REJECT
21130.2808015024,2013.0518549627322,0.04962658281289839,0,1677.5432124689435,APPROVE
15545.336154775016,654.5909075382708,0.10684441729266003,0,545.492422948559,APPROVE
20752.122796373387,526.7295733452929,0.06254701995242515,15,438.94131112107743,APPROVE
34583.75917759722,449.71904159269036,0.20189294077663017,0,374.7658679939086,APPROVE
14492.54080780733,5504.939959917845,0.03372921136064545,15,4587.449966598204,APPROVE
12875.823293324058,621.4431755112829,0.17853541901532088,0,517.869312926069,APPROVE
6485.509529296629,777.3195054668831,0.02726535866347671,0,647.7662545557359,APPROVE
60946.80733079839,458.75498727014184,0.064960947658838,15,382.29582272511817,REJECT
7342.535165530758,1483.8322992164487,0.05322553657090636,0,1236.5269160137073,APPROVE
115065.27977683894,1053.9184409988598,0.036661625243664314,0,878.2653674990497,APPROVE
61197.29711458347,1339.145657675945,0.044852333667790074,0,1115.954714729954,APPROVE
33836.98224666823,571.5501121273984,0.11704848811395058,0,476.2917601061653,APPROVE
5446.195177676593,112.1207677430949,0.04228445026752978,0,93.43397311924575,REJECT
22440.77084025114,303.0967167493629,0.026096688569635686,0,252.58059729113572,APPROVE
31345.10303776013,310.9547937633234,0.11640411908273876,0,259.12899480276945,REJECT
15933.044804870133,521.2499841188866,0.07870297000567168,0,434.3749867657388,APPROVE
64748.2217580425,2727.771228926386,0.09130149970461364,15,2273.1426907719883,APPROVE
17084.95610556666,1619.2810540217029,0.12128251321370395,0,1349.400878351419,APPROVE
188144.52640677578,502.77214834355186,0.011147720561635958,15,418.9767902862932,APPROVE
29033.10080719342,17100.83176952994,0.029997739816987497,0,14250.693141274949,APPROVE
133638.33485414853,1247.5856801902344,0.10106985030227761,0,1039.6547334918619,REJECT
85680.66257381404,4167.978593787203,0.10499137948286823,0,3473.315494822669,APPROVE
44333.99073206258,6042.40732120557,0.11478268690522117,0,5035.339434337975,APPROVE
36154.321538718796,4122.287558430684,0.07665986418340959,0,3435.23963202557,APPROVE
29754.704242679654,398.92798902740554,0.11403899785873169,0,332.4399908561713,APPROVE
22668.017601382162,4326.553735911565,0.08476052243393846,0,3605.4614465929712,APPROVE
62578.94550529719,1469.8422526231677,0.05065168397934617,0,1224.8685438526397,APPROVE
29696.037285681843,4694.498627228442,0.03141589999311779,0,3912.082189357035,REJECT
102029.68417104702,1277.0891884547125,0.14776751851943823,0,1064.2409903789269,REJECT
57250.20277595086,539.3011091430311,0.11035513373347633,0,449.4175909525259,APPROVE
100988.45578030459,4767.548399604866,0.09288888657013179,0,3972.9569996707214,APPROVE
12109.09907697935,517.699206325014,0.07017282117436467,0,431.416005270845,REJECT
7182.147424451076,145.40234180398667,0.055876516622124825,0,121.1686181699889,APPROVE
42416.219555704454,2568.0799254889953,0.11908352422968652,0,2140.0666045741627,APPROVE
18193.27654587795,64.02615856970876,0.06419176167619833,0,53.35513214142396,APPROVE
66569.12227203118,4263.146925354085,0.12895360442222484,0,3552.622437795071,APPROVE
53422.0003776968,2076.475781057641,0.14375106381693412,15,1730.3964842147009,APPROVE
65478.368663969086,1301.3881872647112,0.023546379593868457,15,1084.4901560539258,REJECT
44331.32764904462,535.5543947285538,0.022020082381805285,0,446.2953289404615,APPROVE
58461.61244750076,317.1403299215729,0.08537020574650961,0,264.2836082679774,APPROVE
94435.63557622863,1715.7494679595748,0.21140683449304123,30,1429.7912232996457,APPROVE
14243.650841593217,718.7243241083738,0.14362397016305029,0,598.9369367569782,APPROVE
39610.43072169003,159.62663254461572,0.04437847914583835,0,133.02219378717976,APPROVE
16797.626220873688,4086.3771219836126,0.22576139432318626,15,3405.314268319677,REJECT
60502.55540055325,586.1457057070924,0.0878822881973695,0,488.45475475591024,APPROVE
32766.76409461878,622.6262704241435,0.1401028764115373,15,518.855225353453,APPROVE
24087.03834581044,794.2096164584995,0.12150632839131446,0,661.8413470487495,APPROVE
29201.174875537235,1172.837723479136,0.22936716037042953,0,977.3647695659466,APPROVE
15108.003726411183,1442.01076162398,0.24791178259575272,15,1201.6756346866498,APPROVE
26643.36632356691,5837.411651679115,0.06003847860676777,0,4864.509709732595,APPROVE
11127.584645167522,3608.637242401067,0.045948249948265074,0,3007.197702000889,APPROVE
13251.528561093266,841.194594535634,0.016805630091623218,0,700.9954954463616,APPROVE
164007.76360613666,889.1282447666787,0.012417128537428802,0,740.9402039722322,APPROVE
236788.64814122574,2717.361268759387,0.11086841108803776,0,2264.4677239661555,APPROVE
22370.704973166197,3965.0268093150717,0.09334813527677759,0,3304.1890077625594,APPROVE
18497.719325183694,2194.5985505445874,0.022738060458068234,0,1828.8321254538225,REJECT
12968.37713719106,1165.7731911587184,0.04991017380895955,0,971.4776592989319,APPROVE
100925.85905683537,3823.125745665494,0.07767642270876846,30,3185.9381213879115,APPROVE
19471.863565457334,1693.62348621232,0.026256435441647463,0,1411.352905176933,APPROVE
120700.42419833262,1929.7696888225157,0.042524375474539446,0,1608.1414073520964,APPROVE
16232.423113219424,1168.9162172380761,0.08674772464513994,0,974.0968476983967,APPROVE
24032.54464007689,1003.7863682058728,0.17247127002757792,0,836.4886401715606,APPROVE
15022.535435908243,7600.725916265446,0.023168816551481328,0,6333.938263554538,APPROVE
31435.297180756217,3207.164304443311,0.06497563540185097,0,2672.6369203694253,APPROVE
19148.298672248988,2149.639117627746,0.09294558360240181,15,1791.365931356455,REJECT
61986.53053405757,365.5531832993208,0.055457343181486714,15,304.62765274943393,REJECT
23233.688544968056,2046.3658476893431,0.09371649628435012,0,1705.3048730744524,APPROVE
100060.36364942943,814.3905912456842,0.05746837264193708,15,678.6588260380701,REJECT
172155.9548842281,671.0415182969941,0.056575993742044056,0,559.201265247495,APPROVE
158031.07050405262,11363.048626131602,0.10739589659837573,0,9469.207188443,APPROVE
6485.2646735975895,462.64126038422864,0.1163330171321936,0,385.5343836535239,APPROVE
10773.787072174857,798.3684512864637,0.06978961881865695,15,665.3070427387197,APPROVE
34771.873520098074,8771.243122222148,0.03392322631814808,15,7309.369268518457,APPROVE
25336.20586558751,3377.3015554948092,0.0895178321827154,15,2814.417962912341,APPROVE
60341.60881475531,93.10066899858792,0.012261684540587743,30,77.5838908321566,APPROVE
132252.2362497672,1266.847643379026,0.13995686749880837,0,1055.7063694825217,REJECT
61806.39989567753,1422.7740073873451,0.1428124137475395,0,1185.6450061561209,APPROVE
12714.915270874655,3155.8810894896706,0.06618012987482465,0,2629.900907908059,REJECT
34022.653512731384,490.92398314225943,0.07281774054022662,0,409.1033192852162,APPROVE
31011.99250797584,667.3156900388667,0.18841728466299074,15,556.0964083657221,REJECT
73853.05611314157,475.67574895222145,0.08198409925798635,0,396.39645746018454,APPROVE
32175.501655585897,602.819248978531,0.038835711097851645,0,502.3493741487759,REJECT
14241.415443558662,37547.84464987722,0.008230114165740243,15,31289.870541564345,APPROVE
138845.13048142983,14275.632364755218,0.0359896218138618,0,11896.360303962681,APPROVE
38108.17739796025,1273.5220980711913,0.11172313863223984,0,1061.2684150593261,APPROVE
120084.4569305922,12046.005563199484,0.07448479881081631,15,10038.337969332903,APPROVE
16002.334341639798,2204.757963622572,0.1519301564127327,0,1837.2983030188097,APPROVE
40506.926568993666,601.7448931741943,0.08957151505170673,0,501.45407764516193,REJECT
9445.081853441352,931.1531457928654,0.06187398224419805,0,775.9609548273878,APPROVE
16547.827199869284,2203.0031934344292,0.12115082808732079,0,1835.8359945286911,APPROVE
141777.14842096003,3002.0446346168565,0.03581157582938848,15,2501.7038621807137,APPROVE
18557.438434300308,3129.5294111403327,0.08973117214701631,0,2607.941175950277,APPROVE
53090.78152910869,1382.9104567445931,0.030436383043138785,0,1152.4253806204943,APPROVE
28349.448297157243,2505.3094065942732,0.04540616118649424,0,2087.7578388285606,APPROVE
52750.93548916772,965.8120287310285,0.10310657333375296,0,804.8433572758571,REJECT
23652.621747540015,506.8957184414568,0.08093123839184009,0,422.413098701214,REJECT
46183.57469109589,9996.136539048965,0.026616082412674727,0,8330.113782540802,APPROVE
80571.0410643986,259.323938991474,0.06522343692033393,15,216.103282492895,APPROVE
32724.70435477616,2554.8797574035607,0.04595798977880971,0,2129.066464502967,APPROVE
35742.691430266714,779.5562458636458,0.24381169754316226,0,649.6302048863714,APPROVE
23870.14483508511,399.0561260829556,0.053389785446725,0,332.5467717357963,APPROVE
20581.930429193846,3168.248860043741,0.06328638624287977,0,2640.2073833697837,APPROVE
122834.21717472126,413.02004541065156,0.11286889650395998,0,344.18337117554296,REJECT
19265.362303689497,3149.8486620525196,0.06565727437796502,15,2624.873885043766,REJECT
9390.583378561867,352.73418403477945,0.035823709241744967,0,293.9451533623162,REJECT
34602.354803772265,2944.7324714739434,0.13906151924710905,0,2453.943726228286,REJECT
32162.997473505864,310.1756824691315,0.15737546914664008,0,258.47973539094295,APPROVE
24857.84118368521,624.8350290369325,0.08154705732536831,0,520.6958575307771,APPROVE
37790.72381396435,166.01022253392625,0.056884690383902044,15,138.34185211160522,APPROVE
41779.837058996774,4358.549339782341,0.07420650132822837,0,3632.1244498186174,APPROVE
14486.388622841303,1232.4243668199842,0.037451390516479256,0,1027.0203056833202,APPROVE
88561.92959752568,2827.927020369918,0.020201550660328794,0,2356.605850308265,APPROVE
27300.532668683853,4790.642187619766,0.08780867139619021,15,3992.201823016472,APPROVE
23613.215030339205,440.6684699437278,0.22232922649984171,0,367.2237249531065,APPROVE
5785.182796522143,611.0315582297503,0.054611616239039276,15,509.1929651914586,APPROVE
44570.33523498369,2677.4791594711733,0.06621715930719414,15,2231.2326328926442,APPROVE
34685.7322816597,2443.761594915681,0.05089049801114378,15,2036.4679957630676,REJECT
18762.2517104308,722.251903047295,0.11318034943081548,0,601.8765858727457,REJECT
22351.300006470687,202.31538637905044,0.08086717693419557,15,168.59615531587536,APPROVE
19985.001031673393,1045.4346751887756,0.023739521164860958,0,871.195562657313,APPROVE
32457.92625550467,10835.556182704038,0.1283372825976448,0,9029.630152253365,APPROVE
32855.04067325029,2823.2553161655705,0.12595390490626285,15,2352.712763471309,REJECT
53190.37095059459,218.57905243633297,0.08430199363736264,15,182.1492103636108,APPROVE
145964.64751157086,38.56388348727892,0.011133549826811672,0,32.136569572732434,APPROVE
26544.914943244923,2080.231849098323,0.05409302213233841,0,1733.526540915269,APPROVE
7869.010158441836,1920.2341052829995,0.06985338709520035,0,1600.1950877358329,REJECT
85842.94816198492,507.54790881082675,0.002734914008090721,0,422.9565906756889,REJECT
10674.690793586185,906.1428555897483,0.027648692277774223,0,755.1190463247902,APPROVE
55978.71537334786,837.2566323031397,0.03508618456932511,0,697.7138602526164,REJECT
23844.199502247808,2643.3132976311754,0.04995926663668526,0,2202.761081359313,APPROVE
10715.804088443587,2164.9154783415534,0.07462943107751695,0,1804.0962319512944,APPROVE
18024.827594205788,95.98154594232949,0.10513394129196857,0,79.9846216186079,APPROVE
21301.249808653978,294.8707171310443,0.03221736724591985,0,245.72559760920356,APPROVE
110092.86521164238,265.11503619315437,0.05137638485728837,0,220.92919682762863,REJECT
49579.234041777825,2975.3265715983034,0.06774280228536057,30,2479.4388096652524,REJECT
27270.927751074032,1313.7580278824332,0.05043079260377602,0,1094.7983565686943,REJECT
65907.28431711945,5446.547893937116,0.062391716177875735,0,4538.789911614263,APPROVE
186028.6033534431,5788.222502096287,0.052512829889271764,0,4823.518751746906,REJECT
15188.495877680392,4153.842267526616,0.014906536482531242,0,3461.5352229388463,APPROVE
25182.218277722797,2233.7529866554255,0.06732253163792361,0,1861.4608222128545,APPROVE
42779.19246175544,1732.7098062197654,0.08425424388989908,0,1443.924838516471,APPROVE
84809.9310192512,9171.37098620306,0.03809081368065355,0,7642.809155169216,APPROVE
35614.79164498,26583.226291711122,0.08732033622654846,0,22152.688576425935,APPROVE
94399.16648040632,14153.47225502132,0.039173299258814145,0,11794.560212517767,APPROVE
19586.237575800824,1128.9962067874062,0.08078246206681068,0,940.8301723228384,APPROVE
8577.602855284811,813.443493145619,0.040059626472752886,0,677.8695776213491,APPROVE
23778.43389593403,4412.723768000195,0.18203686161556232,15,3677.269806666829,APPROVE
194531.9063088148,220.62236597468356,0.14976749928934632,15,183.85197164556962,REJECT
39543.00853231034,238.39054378954944,0.06984591125388517,0,198.65878649129118,REJECT
73865.64943690124,1372.2891996160954,0.1005702797351125,0,1143.5743330134128,APPROVE
15898.513244132475,7480.8380151363035,0.03536317097475843,0,6234.031679280252,APPROVE
11232.558482872764,9113.684217826853,0.05894770895522738,15,7594.7368481890435,APPROVE
53897.97375222861,2997.645009051164,0.26695419004225335,0,2498.0375075426364,APPROVE
22253.764544100406,324.12745755964505,0.0741569496754471,0,270.1062146330375,APPROVE
24658.854718498125,1686.8447701881134,0.05663087162921747,0,1405.703975156761,APPROVE
25692.47559843319,4703.451487619233,0.08525744429359407,0,3919.542906349361,APPROVE
38387.05105620325,6877.748758438131,0.08253907424897938,0,5731.457298698442,APPROVE
21368.63060397358,1559.9980886274325,0.04738063370064732,0,1299.9984071895271,APPROVE
43072.28224717305,3393.893063660217,0.18912113804815042,0,2828.2442197168475,REJECT
15160.56427308999,8278.005312776038,0.0771139822850533,0,6898.3377606466975,APPROVE
22951.04117776439,2481.9200529528352,0.012487179201686096,0,2068.266710794029,REJECT
14568.962791392634,8594.770593076668,0.02758408468603575,0,7162.30882756389,REJECT
15631.666891887535,3538.5120501205392,0.06239267650425892,0,2948.760041767116,APPROVE
27789.096522622047,1314.8124942902223,0.03714849885442793,15,1095.6770785751853,APPROVE
9736.928544856633,212.38336663932847,0.05499583730236731,0,176.98613886610704,APPROVE
8646.293419768532,272.8808961079964,0.10098579714882548,0,227.40074675666366,APPROVE
134044.75867792516,4953.962536683624,0.07480255870959186,15,4128.30211390302,APPROVE
23655.686986490353,10625.069229234754,0.06187578702376503,0,8854.224357695628,REJECT
40959.33909121639,1042.1419069031972,0.11056204861553036,15,868.4515890859976,APPROVE
13947.209072351825,267.23735967831436,0.1434038773084793,15,222.69779973192863,APPROVE
35092.45029299195,539.5935911611664,0.05959178009466746,0,449.6613259676387,APPROVE
25212.70562789168,1246.395384634663,0.06599349376662415,0,1038.6628205288857,APPROVE
19798.755177637082,21559.6556548744,0.061313289795971546,15,17966.379712395334,APPROVE
104886.83835657299,2240.921527869304,0.07973691554015824,0,1867.4346065577536,APPROVE
67516.30445862019,1209.7604127386273,0.10876381539298738,0,1008.1336772821895,APPROVE
47445.697892049255,9709.990359888536,0.14293138865357044,0,8091.658633240447,REJECT
69655.81117580723,1602.1532461010788,0.14190716130065748,15,1335.1277050842323,APPROVE
42580.791100731374,25343.024473326936,0.07331473588582904,0,21119.18706110578,APPROVE
34849.067461034705,2916.723165593192,0.09290974600836063,0,2430.6026379943264,REJECT
16952.09824493662,828.2214555502939,0.05346258700928236,15,690.1845462919115,REJECT
23321.46375300179,1422.8917860669335,0.09739632555352619,15,1185.7431550557778,APPROVE
19114.035452614713,1467.266154292413,0.10821740533584806,0,1222.7217952436774,REJECT
21554.262873513955,1348.4194109737589,0.03684685090884821,15,1123.6828424781322,APPROVE
92090.86224349435,316.6333845233445,0.08005010779993556,0,263.8611537694537,REJECT
37752.88978547233,1017.2800202910793,0.0375382971946265,15,847.733350242566,REJECT
113060.95800458555,1247.052381062982,0.09326480940923845,30,1039.210317552485,REJECT
89134.28884606411,561.4922779061097,0.16477798654407427,15,467.9102315884247,REJECT
109662.55664242311,38103.65729482095,0.1454523136589644,15,31753.04774568412,APPROVE
26631.200327518458,650.4271066819972,0.04166484203495501,0,542.0225889016643,APPROVE
36245.73242932289,1102.4888821759307,0.07571717646765512,0,918.7407351466089,APPROVE
60863.40347533393,9927.182667823958,0.1327271465606006,15,8272.652223186631,REJECT
65687.20760698515,4773.916982397719,0.08438900256214493,0,3978.264151998099,APPROVE
110720.42640214742,2524.5709058993893,0.12815101376701082,0,2103.809088249491,REJECT
101195.85630435725,7661.294840695078,0.037194854393090046,0,6384.412367245898,REJECT
22749.667649842162,452.6067865501211,0.12382071808673002,0,377.1723221251009,APPROVE
30297.264924957257,858.4012676402396,0.03417702800747002,0,715.3343897001996,APPROVE
43799.241813875225,807.046779904098,0.11603865049226515,0,672.5389832534149,APPROVE
47012.78421454608,152.7748445219999,0.09119733338637553,15,127.31237043499992,APPROVE
69620.46036588201,582.0718990136454,0.06533978078274005,30,485.05991584470445,REJECT
60096.27109192199,1866.7881790731133,0.017627123336192273,15,1555.656815894261,APPROVE
75423.01159386843,1173.3851237813103,0.0650651171790195,0,977.8209364844251,REJECT
21643.28617258559,692.1619254200693,0.0389376294360373,0,576.8016045167244,APPROVE
6640.107423331267,448.94092190506655,0.0169300426712077,15,374.1174349208888,REJECT
72981.83566229156,3371.4461667312316,0.20747645919165408,15,2809.5384722760264,APPROVE
17986.72739133228,511.39773024255504,0.13010216919169482,0,426.1647752021292,APPROVE
93456.76231017115,674.6494338554065,0.268286198123773,15,562.207861546172,APPROVE
40038.943690150445,2483.4108627788623,0.06238893727991379,0,2069.5090523157182,APPROVE
29941.293984808224,330.8826320895386,0.06008859566965867,0,275.7355267412822,REJECT
67760.07429817166,773.6938256442088,0.052880564764217014,0,644.7448547035073,APPROVE
10210.923424466091,2014.1290638894561,0.11205599628933811,0,1678.4408865745465,APPROVE
24184.998950977282,1576.7310027417975,0.11218338456984711,0,1313.942502284831,APPROVE
36876.07412135503,1178.720453507595,0.03745805154035815,0,982.2670445896624,REJECT
95340.23305394468,1397.5348146194838,0.14158010062568238,15,1164.6123455162362,APPROVE
48461.17850231746,3494.1066842723044,0.10549135993539341,0,2911.75557022692,APPROVE
65362.89595879761,413.14031407276866,0.03514213704104216,0,344.2835950606405,APPROVE
93766.53707377394,861.4374160224875,0.15237216129661274,15,717.8645133520728,APPROVE
11141.810892825628,931.32255165218,0.021754380037195674,0,776.1021263768166,REJECT
23378.18156513539,1750.6158606617905,0.03902189847835509,0,1458.846550551492,REJECT
20972.696233794624,514.1698769635711,0.20903840273001478,0,428.4748974696426,APPROVE
146956.30230416803,16592.464601413853,0.03415610857445349,0,13827.053834511542,APPROVE
20466.44804393725,535.6652695925521,0.13889055516669077,0,446.38772466046015,APPROVE
56389.69337560799,1299.5251918597737,0.18312544494785474,0,1082.9376598831448,APPROVE
250031.28786228594,2681.4048433668686,0.1682987650349908,30,2234.504036139057,APPROVE
36330.84438695073,2016.1127592435344,0.13626848771701947,0,1680.0939660362785,APPROVE
32281.05410988201,1790.2025286837334,0.03895629383806373,15,1491.8354405697776,REJECT
13081.528379484022,1688.1035497289938,0.055160057478873405,0,1406.7529581074948,REJECT
44624.58916166233,368.3334036927076,0.06535305069865778,0,306.9445030772563,REJECT
40177.05576640079,5662.997204360518,0.09765068794317341,0,4719.164336967097,APPROVE
34558.084378094485,1024.845180836918,0.06097572491971552,15,854.0376506974317,APPROVE
15231.165364464307,333.29205918710716,0.024437568123731535,15,277.74338265592263,REJECT
47335.25970702338,1131.3877023917291,0.2388037761285947,0,942.823085326441,APPROVE
38934.563407918744,1403.8305040835764,0.10945397840730019,0,1169.8587534029803,APPROVE
35184.3224318802,55015.719248115136,0.0184737810848873,0,45846.43270676261,APPROVE
39267.04430809246,743.0412520859101,0.07711861381344585,0,619.201043404925,REJECT
76312.84510287717,295.15402884816933,0.1271412115157556,15,245.96169070680776,REJECT
86217.16617990361,2715.6272812913867,0.06076768595044606,0,2263.0227344094887,APPROVE
25270.7093994888,1423.802064305508,0.05858578212879586,0,1186.50172025459,APPROVE
61866.82696201206,349.2897396549903,0.06755886097732285,30,291.0747830458252,APPROVE
87967.29173033564,1549.2557372057977,0.13556994746707196,0,1291.046447671498,APPROVE
19288.811555910786,5233.036827032906,0.050159096780987206,0,4360.864022527422,APPROVE
19498.694861321565,2554.0516742798327,0.10925573971144707,0,2128.3763952331938,REJECT
92827.63914732251,2217.946117843098,0.07843581248321714,0,1848.288431535915,APPROVE
88235.07807809583,249.08572176272128,0.06398673480254687,15,207.57143480226773,APPROVE
17544.39906152893,791.5779649084045,0.04158626419637998,15,659.6483040903371,APPROVE
41269.75200317795,25006.24753355132,0.07948995441489119,0,20838.539611292766,REJECT
97601.61271711017,728.3831396428805,0.03654500184057751,0,606.9859497024004,APPROVE
13908.312713490992,2193.364352764627,0.07381986008797004,0,1827.8036273038558,REJECT
28389.57876850386,2451.112852631172,0.1039311580002587,0,2042.5940438593097,APPROVE
58074.71644379054,3054.6254307468853,0.15715662791642165,0,2545.5211922890708,APPROVE
28574.176849875603,619.6963244687914,0.07240935508847324,30,516.4136037239929,REJECT
41820.97321454538,7441.274733658103,0.07334804966054498,30,6201.062278048419,APPROVE
50777.83439263051,265.9114349527435,0.09406035202654214,15,221.59286246061959,APPROVE
22218.97534387619,7163.231027496027,0.04152611427809636,0,5969.359189580023,APPROVE
28516.995744102453,908.0610955790435,0.10464487400952732,0,756.7175796492029,REJECT
30937.30257153893,8402.389142447038,0.039195299566082434,0,7001.990952039198,APPROVE
16467.22159891891,9019.059581114254,0.10410975087810553,0,7515.882984261877,APPROVE
82357.47605112584,354.84649894834735,0.1922686606621555,0,295.70541579028946,APPROVE
30487.6626673376,677.4192449034839,0.027549437254847625,0,564.5160374195699,APPROVE
40357.89725640085,7181.153637402336,0.06854775114775627,15,5984.29469783528,REJECT
89352.79731925551,934.5447567453116,0.09900487617656216,0,778.7872972877595,APPROVE
6946.868906311864,481.39060225612116,0.09317499508380213,0,401.15883521343426,APPROVE
22463.81670761547,1256.9632358924782,0.02584213888983874,0,1047.4693632437318,APPROVE
44786.11544522716,10702.849060173636,0.08034998665045871,0,8919.04088347803,REJECT
10736.99438174644,475.5822823822835,0.025186363799704,0,396.3185686519029,APPROVE
206065.48187996208,1675.3413338265248,0.14088942505046523,0,1396.1177781887707,APPROVE
119597.92261184819,2364.489206365551,0.022419335269304105,0,1970.4076719712923,APPROVE
36759.293389997096,12.067725863615395,0.15377157576676195,0,10.056438219679496,APPROVE
56669.07959355791,1187.3071112228033,0.07398172627519103,0,989.4225926856694,APPROVE
26122.213017722715,2756.923865490471,0.04804583238619503,0,2297.436554575392,REJECT
38984.759737177556,257.47429304428096,0.026413473987484188,0,214.56191087023413,APPROVE
118423.68987766054,7383.242509245445,0.08439936257080793,0,6152.702091037871,REJECT
32286.304134898168,2143.2159681280677,0.08332981931503294,15,1786.0133067733898,APPROVE
10614.031836239963,196.42314437038203,0.06326600887530039,0,163.685953641985,REJECT
22014.534427590108,497.69519190245364,0.06811391381534622,0,414.7459932520447,REJECT
24441.251419182623,1084.8115952138019,0.0346059593430446,15,904.0096626781682,REJECT
67638.04382531386,4319.3561624418335,0.114268181177192,0,3599.4634687015277,REJECT
55772.30659619364,2235.4021980982084,0.03163059917225135,15,1862.8351650818404,APPROVE
16239.244550384892,1695.083239772283,0.13531506823735165,0,1412.5693664769024,APPROVE
115594.60441419686,1256.3072015806804,0.14208053904748144,0,1046.9226679839003,REJECT
18665.57255123103,1362.482929053014,0.06634529962763358,0,1135.4024408775115,REJECT
58900.93601352509,849.0321400701595,0.05859686021519606,15,707.5267833917995,APPROVE
14433.679249642793,1067.1449830281651,0.10174201668478862,15,889.2874858568042,APPROVE
51922.00670857521,14470.5579984531,0.14417393027596934,15,12058.798332044249,REJECT
82392.52705041802,1233.5804276424576,0.007338419306585515,0,1027.983689702048,APPROVE
18872.11836885108,2261.333711671461,0.01425043448794694,0,1884.4447597262176,REJECT
74321.42714606387,908.7082272778367,0.036571020588683924,0,757.2568560648639,APPROVE
27603.473928352374,770.9708148351018,0.038943477894647166,45,642.4756790292514,APPROVE
11876.363601490251,1249.366982246518,0.04852878357494552,15,1041.1391518720984,REJECT
19217.072308227645,439.02980344661887,0.11147010501642947,0,365.85816953884904,REJECT
49798.35467729308,748.3226204273899,0.012639646810921178,0,623.6021836894915,APPROVE
32733.144611114436,901.48838200331,0.0897253972435386,0,751.2403183360916,APPROVE
41210.27065181837,3179.962543311254,0.05696501128941887,0,2649.968786092712,APPROVE
46897.585007686976,1467.8323538909767,0.17535007721428034,0,1223.1936282424806,APPROVE
61327.30575606781,2397.2481170296105,0.06451861892051612,0,1997.706764191342,REJECT
21188.365240631043,1355.7135028647497,0.031705178127121765,0,1129.7612523872913,APPROVE
54447.53146086229,1931.1326821771545,0.04272041668961627,15,1609.2772351476287,APPROVE
31238.010949335992,5307.094258413647,0.057037665216724216,0,4422.57854867804,APPROVE
188829.22986407398,1391.4451682697836,0.08398011862958964,0,1159.5376402248196,APPROVE
51055.82530636626,651.6318179100218,0.04577823003594775,0,543.0265149250182,APPROVE
128459.66620921556,4701.298792092259,0.14708894852856177,0,3917.7489934102155,APPROVE
11402.51107275817,1511.5876112167641,0.1292407107838413,0,1259.6563426806367,APPROVE
24836.685041393728,574.7419637379843,0.10715226705033781,0,478.9516364483202,APPROVE
34737.04031586627,1243.107854156865,0.017955731068748888,0,1035.9232117973875,APPROVE
56740.76807861469,2770.6114461041966,0.11517124566992393,0,2308.842871753497,APPROVE
76767.96536831616,2057.2011587333236,0.11711448294468124,0,1714.3342989444363,APPROVE
27596.55374512754,4229.254894744584,0.11867347520797607,0,3524.3790789538198,REJECT
38340.835611536146,1557.6406473444838,0.0966301624671691,0,1298.0338727870696,REJECT
15984.868789165988,1578.2030141061744,0.11575471411034136,0,1315.169178421812,APPROVE
24261.745635201456,1664.0476330130743,0.0318815992899251,15,1386.7063608442286,REJECT
70984.11348378006,582.2714038124936,0.03909365472289275,15,485.2261698437447,REJECT
60290.439415366454,1174.4562633915007,0.10437219429718742,15,978.7135528262505,APPROVE
30217.010172439957,76.90875030211065,0.15729505149183579,0,64.09062525175887,REJECT
10044.0763259676,2848.2658982441976,0.08336177043771067,15,2373.554915203498,APPROVE
30417.98698736448,6726.057224866699,0.127519942496478,0,5605.047687388916,REJECT
33266.69937539724,2292.0629979598343,0.03163244000036466,0,1910.052498299862,APPROVE
37055.374985402355,932.4193985272731,0.0637022771468138,0,777.0161654393942,APPROVE
15669.968772662252,610.1165711097889,0.14469779345319456,0,508.43047592482407,APPROVE
154422.10598253555,111.64944958947126,0.10808124288241368,0,93.04120799122605,APPROVE
41712.02521523124,145.69672709599507,0.03838422092771178,0,121.41393924666255,APPROVE
19381.63698318572,148.68005699309958,0.01620805047173275,0,123.90004749424965,REJECT
90837.00812406681,4518.275626233338,0.10202222941029619,15,3765.229688527781,APPROVE
20861.81726068208,1553.8309538403237,0.027326746471826015,0,1294.8591282002697,REJECT
25606.169824760877,217.19993863065903,0.07570797627961781,0,180.9999488588825,APPROVE
104201.10662914954,8440.552389421387,0.1384020042886516,0,7033.793657851155,APPROVE
49486.085921669786,3895.7852149074515,0.1997298240285301,0,3246.487679089543,APPROVE
7527.69554270899,708.1920061686114,0.039803935643404016,15,590.1600051405095,REJECT
83790.15347497145,932.4165333208887,0.11914064420412988,0,777.0137777674072,REJECT
161951.837792404,740.6747613874272,0.06206225022771515,0,617.228967822856,APPROVE
118367.27159663363,2943.005303218846,0.049229642027576466,0,2452.504419349038,APPROVE
26710.79266664578,772.3036247235199,0.05131435996295381,0,643.5863539362665,REJECT
46961.611594276044,1919.400136332194,0.05607015899211389,15,1599.5001136101616,REJECT
13637.265175552437,291.21347456323696,0.19889955157919478,0,242.6778954693641,APPROVE
42584.59113842062,228.79523781157943,0.18231421919241772,0,190.66269817631618,APPROVE
65864.41416873541,1045.7181825325938,0.05252346400678174,15,871.4318187771614,REJECT
34293.82536767188,3186.900774448506,0.017001530749851727,0,2655.750645373755,REJECT
96396.61030162284,1500.4507007601528,0.05789727742862347,0,1250.375583966794,APPROVE
31572.19776179852,4221.705510398238,0.06524935150723485,0,3518.0879253318653,APPROVE
6152.167278946859,992.8766557420397,0.023919993982046247,0,827.3972131183664,APPROVE
62881.554739577834,1020.0340010159794,0.048267176458687666,0,850.0283341799827,REJECT
49708.57705443129,202.6967275447876,0.24664249915281442,0,168.91393962065632,APPROVE
190854.4044158586,116.58147558926883,0.17435629137664863,15,97.15122965772402,APPROVE
30476.756099434744,852.3301281250097,0.05048511127523096,0,710.2751067708414,APPROVE
138990.47036830065,626.238845288634,0.08777048030147734,0,521.865704407195,APPROVE
109228.48500985379,1437.0639018340257,0.010541269719298274,0,1197.5532515283546,APPROVE
58305.47664757788,1505.0651795971007,0.058516068479417996,0,1254.2209829975839,APPROVE
40901.98875893962,1164.3794859764994,0.0796022547787239,0,970.3162383137495,REJECT
43981.46615577174,3323.637025889539,0.12336919179117199,0,2769.6975215746156,APPROVE
93287.15911050545,673.8705469748311,0.15414493416678637,0,561.5587891456925,APPROVE
13127.503329105642,2929.774298685992,0.16201821662485436,0,2441.478582238327,APPROVE
88128.05916049494,456.22661948302175,0.11064790798830634,15,380.1888495691848,APPROVE
20616.859193265303,550.5831058150557,0.16983915555825488,0,458.8192548458797,APPROVE
20861.743869526428,1090.5829886731678,0.15508273336706072,0,908.8191572276397,APPROVE
12306.265123624325,2962.505148835331,0.05127032769039204,0,2468.754290696109,REJECT
47734.26585039586,6759.024203278852,0.0669221254387772,15,5632.520169399043,APPROVE
148590.65166419762,618.9453565009658,0.07480498959608164,0,515.7877970841381,APPROVE
42571.658083375514,1597.164935188414,0.12108147320189568,0,1330.9707793236782,REJECT
68357.08396819935,10122.060949969295,0.012415468719997219,0,8435.050791641079,APPROVE
18130.77073627987,3728.1101286046064,0.12856377702258714,0,3106.7584405038383,APPROVE
21666.928448425213,1067.0131070216905,0.07858320836249491,15,889.177589184742,APPROVE
53121.899704554904,1764.2695613387932,0.14199367853386138,0,1470.2246344489943,APPROVE
30745.733455147307,980.2470812083992,0.02265407853994069,0,816.8725676736659,REJECT
22337.500233115727,560.9393450913785,0.0792159683379099,30,467.4494542428154,APPROVE
73661.55623787284,7811.224416999393,0.07211573670172856,0,6509.353680832827,REJECT
31099.25332329241,2171.5641592203788,0.027326922660606767,0,1809.6367993503156,APPROVE
15716.575737541047,1985.3518971510007,0.13288033351824916,0,1654.4599142925006,APPROVE
23483.76782349976,3734.987731305544,0.028319198878650687,15,3112.4897760879535,APPROVE
83939.71698917702,799.0575715280593,0.033612783294425665,0,665.8813096067161,APPROVE
116384.87403905633,2143.4783336226583,0.08429482470186388,0,1786.2319446855483,REJECT
791895.8760531221,1439.7323778012583,0.0689429380425172,15,1199.7769815010486,REJECT
147047.31067339328,1059.801881819076,0.053911566504034676,0,883.16823484923,REJECT
6487.8568103999705,915.3592338394487,0.10785931253518534,0,762.7993615328738,APPROVE
15562.651412684203,246.9245504971417,0.22854454313828185,0,205.77045874761805,REJECT
113142.50731423734,880.4075946545859,0.038191870069993555,15,733.6729955454881,APPROVE
30100.69511626901,663.1149453522924,0.14157173486318028,0,552.595787793577,APPROVE
32695.555372801737,14586.604261092598,0.15865432233973822,0,12155.503550910498,APPROVE
57286.13057978404,782.6100436348371,0.01845273232773651,0,652.1750363623643,APPROVE
62135.4563782975,644.6459234047484,0.08651439313534723,0,537.2049361706236,APPROVE
65170.82517307133,1684.1267802178334,0.02535589339427963,0,1403.438983514861,APPROVE
284556.7093607984,467.03491494567766,0.09568699333391863,0,389.1957624547313,REJECT
70529.47131623309,3092.614112306572,0.08708096863512779,0,2577.1784269221434,APPROVE
102421.34830760113,181.1389744777603,0.011267071756343639,0,150.9491453981336,APPROVE
85487.05078546525,934.4655308202018,0.08805742018248801,0,778.7212756835015,APPROVE
134857.18701272184,3572.791734800421,0.11962664617699159,0,2977.326445667017,APPROVE
95755.67634949031,6443.387324801281,0.01950459991502109,0,5369.4894373344005,APPROVE
52608.386442880896,1128.6197719676125,0.12054493004859002,0,940.516476639677,REJECT
38777.538181583965,8034.108168654199,0.10445013971001638,0,6695.090140545166,APPROVE
14769.009719532238,712.7450058675353,0.08630411677572827,0,593.9541715562793,REJECT
20050.783944397786,358.2262649457573,0.15781064250494023,0,298.52188745479776,REJECT
57209.918581093974,2830.2389435303526,0.0848207558913831,0,2358.5324529419604,REJECT
11624.082214398963,112.06192014438919,0.19360999458851427,15,93.38493345365765,REJECT
44722.15991355604,2151.393199149061,0.1903101538273379,0,1792.8276659575506,APPROVE
67176.02827517159,1015.6132075616847,0.11501739970983525,15,846.3443396347371,APPROVE
8986.098523782508,425.7134004525655,0.0741556668705258,30,354.76116704380456,APPROVE
5674.555546105132,929.7339386807475,0.09273267720211155,0,774.7782822339562,APPROVE
17447.353683260662,236.4115056152829,0.044115134543749754,0,197.00958801273575,APPROVE
47956.48379289306,605.8220614696677,0.1855256018402701,0,504.8517178913897,APPROVE
44339.825677994435,930.140120735467,0.034441081255729436,0,775.1167672795558,APPROVE
33173.19860616807,1193.6016651934776,0.08608264609141707,0,994.6680543278981,APPROVE
90837.19482182669,12272.862854104073,0.08910226651321261,15,10227.385711753393,REJECT
34944.94821938138,5700.032443720036,0.15184497007560316,0,4750.027036433364,APPROVE
36830.83207672996,773.7190059464917,0.08155492308785524,15,644.7658382887431,APPROVE
14092.431932144318,586.4897542102724,0.0968951959967002,0,488.7414618418936,APPROVE
35343.14799358919,222.93772813482653,0.11995922896941184,0,185.78144011235543,APPROVE
67720.83746879885,1160.0450787938605,0.016619127966602344,0,966.704232328217,APPROVE
35530.84133822532,994.0749135787785,0.030680634600166668,0,828.3957613156487,APPROVE
94007.58008280126,4156.716317787671,0.031657802930417055,15,3463.9302648230587,APPROVE
70732.97350885431,923.6463002925589,0.028760191135755574,0,769.705250243799,REJECT
9373.431673118548,1106.530930848608,0.10522915670455558,0,922.1091090405066,REJECT
8388.812083378087,4491.176993160484,0.07582025551576152,30,3742.647494300403,APPROVE
32966.31234847736,4637.972524427168,0.214316378568662,0,3864.9771036893057,APPROVE
20501.543570373196,542.2896907769953,0.027138580868226243,0,451.908075647496,APPROVE
89038.53511797007,686.2787137592455,0.06696367890189779,0,571.8989281327046,APPROVE
27607.103361957146,1799.7536583116307,0.06054829349359941,15,1499.7947152596923,APPROVE
14429.733381664788,921.2780887276288,0.07759818159337215,0,767.7317406063572,APPROVE
38469.82662689745,9548.769147842873,0.019580402187868388,0,7957.307623202395,APPROVE
17386.70522345239,1934.038114408451,0.022453513986750905,0,1611.698428673709,APPROVE
6657.1042913177325,1003.1614925571259,0.020833025609386758,0,835.9679104642715,REJECT
53038.72145271218,191.86819251277646,0.032667158086267245,15,159.8901604273137,APPROVE
7460.813984880538,950.4797270395244,0.03229613130534133,0,792.0664391996037,REJECT
101021.90471254454,510.62435415908914,0.04800894671205904,0,425.5202951325743,APPROVE
34389.31758671916,766.727094771591,0.08383812423565824,15,638.9392456429925,REJECT
90206.03709328691,4612.862734821332,0.11370032209492802,0,3844.0522790177765,APPROVE
57149.01198358925,221.19669104500264,0.06372408061606342,0,184.33057587083553,REJECT
65864.08425814123,5288.021765209962,0.10292533357344891,0,4406.684804341635,APPROVE
52150.93748659714,598.2989890232977,0.03812681309149064,0,498.5824908527481,APPROVE
49193.87082950892,4386.416663373167,0.1404930008608312,0,3655.3472194776386,APPROVE
54034.13861719222,803.4406262766036,0.04829295854517774,0,669.5338552305029,REJECT
42636.04741022342,945.7021001589716,0.14558168755392212,0,788.0850834658096,APPROVE
99143.43188897963,1896.9782432794946,0.0865806046186411,0,1580.8152027329122,APPROVE
29906.795318656717,9255.64312184521,0.10559107421715985,0,7713.035934871008,APPROVE
23458.881434877512,17542.90400792359,0.0838782840545751,0,14619.086673269658,REJECT
15181.506289140978,754.5638028135764,0.03286565948625568,0,628.8031690113137,APPROVE
19940.61426008328,2172.116615592811,0.03425694458755065,30,1810.0971796606755,REJECT
40784.23940896589,139.8950157957772,0.1341078153978513,0,116.57917982981432,APPROVE
42069.55655165482,2157.6569232079537,0.04973105260448221,0,1798.047436006628,APPROVE
194809.49890217316,350.71577198249213,0.03304537316860047,0,292.2631433187434,REJECT
9223.33879921543,1781.0670480811277,0.05141383695069999,0,1484.2225400676064,REJECT
30807.01544105754,11605.669368966182,0.07106007832913282,0,9671.391140805152,APPROVE
27174.851485989497,1658.2202244574908,0.10379876273630428,0,1381.8501870479088,APPROVE
94885.41899325598,578.5805830678768,0.03279377474373368,0,482.1504858898973,APPROVE
43676.29234370708,2951.199125103165,0.020587876090101497,0,2459.3326042526373,REJECT
38786.48698704708,298.1600728487603,0.03494380223730823,0,248.4667273739669,APPROVE
131896.98795266126,489.0809592586714,0.03854431312656462,0,407.5674660488928,APPROVE
162230.28875229522,214.16116891428857,0.08218799114313391,0,178.46764076190712,APPROVE
17990.766455993406,2152.2978872751673,0.08542683163997948,0,1793.581572729306,APPROVE
345146.26254496776,1241.8971921274492,0.06332481130109453,15,1034.9143267728743,REJECT
44965.02357725968,502.556315156827,0.033506862759490254,0,418.7969292973558,APPROVE
45928.74008451119,17483.683831375558,0.047205749969049714,0,14569.736526146298,APPROVE
73003.26760232999,2602.9641702159106,0.2366140516233175,0,2169.1368085132585,APPROVE
166200.89535487234,427.8067238005123,0.04283479795332625,15,356.50560316709357,APPROVE
42131.49603597956,2137.964220185846,0.11727889928109385,0,1781.6368501548716,APPROVE
22482.351073178306,635.0402311968619,0.0526055124051718,0,529.2001926640515,APPROVE
35424.284037675396,39595.84306712823,0.11115312241043082,0,32996.535889273524,REJECT
10242.065521362345,3285.042476225576,0.023406296108472474,15,2737.5353968546465,APPROVE
21295.450390194223,1667.9823674946729,0.14547049499277398,0,1389.9853062455607,REJECT
37833.80603614473,974.2046363863807,0.0312388007379497,0,811.8371969886506,REJECT
152690.6235188739,539.2666082868936,0.21201226486768124,0,449.38884023907804,APPROVE
11789.281250821168,5651.820080763815,0.05762136678398628,15,4709.850067303179,APPROVE
81566.21540555441,285.62962958866314,0.07369596241047097,0,238.02469132388592,APPROVE
70321.84274526864,1246.2048692791325,0.04256020060441761,0,1038.5040577326104,APPROVE
27292.7571293201,7129.068114550864,0.14913056550334805,0,5940.890095459054,APPROVE
22242.69785889571,676.7952414683318,0.06780618809710906,0,563.9960345569432,APPROVE
32892.95749444507,2461.6060835282933,0.05340612498158788,15,2051.338402940244,APPROVE
14421.99665318647,160.07743513593277,0.11296752778593161,15,133.39786261327728,REJECT
47575.92474785061,1237.8442777363384,0.028212834824119525,30,1031.5368981136153,APPROVE
28004.903342286318,204.3569774848985,0.044904598946754776,0,170.2974812374154,APPROVE
74305.44422358192,279.1941936935374,0.009961237702231307,15,232.6618280779478,APPROVE
46988.86081252996,4286.0024009289955,0.01338985333165329,15,3571.6686674408297,APPROVE
8205.259110998619,2532.3043343406016,0.1253723753007284,15,2110.253611950501,REJECT
47805.43579883072,5134.042875896842,0.113537164260997,0,4278.369063247368,REJECT
9266.06085881574,760.6696374865539,0.15308153677676428,0,633.8913645721283,REJECT
23904.489933091492,1295.720192435478,0.06581410883604308,30,1079.766827029565,REJECT
29286.7082155283,1141.734573679619,0.11427697309990247,0,951.4454780663491,APPROVE
66747.84715942907,408.8809646623167,0.0391643715967546,0,340.73413721859725,APPROVE
73198.87520306419,6797.98357651203,0.03461267930234404,0,5664.986313760025,APPROVE
52030.17565261379,34044.01448686924,0.0640602683833401,0,28370.012072391033,APPROVE
22265.32373212798,1307.5898788828817,0.025735095066472785,0,1089.6582324024014,REJECT
8878.51677928397,400.32080205565586,0.03278269790610662,0,333.6006683797132,APPROVE
24423.412071990664,213.09033014553984,0.03283434515691195,0,177.5752751212832,APPROVE
83133.20399617674,3630.8796456583004,0.16122493368242988,0,3025.7330380485837,APPROVE
54677.067560248586,408.4572885716857,0.16883665377709062,15,340.3810738097381,REJECT
45646.961023477015,607.196797751537,0.0549006695296066,0,505.99733145961414,REJECT
16635.61898598494,7091.000590706122,0.12347208936693436,0,5909.1671589217685,APPROVE
15523.11026733996,412.9990807695459,0.03825508818320695,15,344.16590064128826,REJECT
20709.70116738679,251.40491585018458,0.08153908311738027,0,209.50409654182047,APPROVE
34540.278759713576,1081.445520117481,0.12450864141296085,0,901.2046000979008,APPROVE
72001.66532298192,591.4862819915583,0.06284652377141285,0,492.90523499296523,REJECT
35637.66201128294,2323.75899095865,0.14023608977278623,0,1936.465825798875,APPROVE
24745.6656171504,2146.007614457746,0.088033521731903,0,1788.3396787147883,REJECT
23353.764794885432,1520.8609260000233,0.1512590070818202,0,1267.3841050000194,APPROVE
839859.7269503577,691.1965159457682,0.04788015127035744,0,575.9970966214735,APPROVE
42099.555571426885,419.7533269066371,0.10483949877167882,30,349.79443908886424,APPROVE
19484.14271598513,1254.395202134181,0.01196188953334908,15,1045.3293351118175,APPROVE
64700.40811992765,689.5749677038248,0.08472828403976931,15,574.6458064198539,APPROVE
240649.78846013578,925.4402675241556,0.07201439183454948,15,771.2002229367963,APPROVE
176513.46962728526,479.53994769517334,0.011119096308671545,0,399.61662307931107,APPROVE
44488.754537482186,7580.169626161451,0.05813389403240108,0,6316.808021801208,APPROVE
43945.04637030868,441.769485707808,0.0145978199254547,0,368.14123808984,APPROVE
40575.35521885245,1159.6083450097929,0.10229798984441751,0,966.3402875081607,REJECT
40468.15624676611,1987.557129239074,0.017622127518859363,0,1656.2976076992281,APPROVE
30614.6697457628,416.60580879836436,0.1419659377584165,0,347.1715073319703,APPROVE
31177.566083725076,4659.0177216886705,0.15419424465801168,0,3882.514768073892,REJECT
32235.530413283686,263.4795722344059,0.17647458029188937,0,219.56631019533825,APPROVE
14459.067577613881,2402.8935303184594,0.02131122591648159,15,2002.4112752653828,REJECT
101422.82950877136,8855.747305678817,0.15121982882644663,15,7379.789421399014,APPROVE
24786.92152147168,2659.611767053715,0.045315414459692394,15,2216.343139211429,APPROVE
11401.86852669741,960.6903506691348,0.03085765989558648,0,800.575292224279,REJECT
77081.37418387315,543.9488146878956,0.08899160864715958,0,453.2906789065796,APPROVE
4173.401520864423,1047.632336632818,0.06591994681777388,0,873.026947194015,APPROVE
32945.23753250926,574.1911919091913,0.08642801104207638,0,478.49265992432606,APPROVE
37363.622858417686,1844.4674207875623,0.057214728131220964,15,1537.0561839896352,APPROVE
11127.012653836615,264.96624817387686,0.05717607007643849,0,220.80520681156403,APPROVE
56640.72751347951,1688.3503678557383,0.10423876968990572,0,1406.958639879782,APPROVE
70089.06038016547,1507.735588766137,0.09977004941412587,0,1256.4463239717809,REJECT
29101.626937120145,763.204503983556,0.007332688270923233,0,636.0037533196299,APPROVE
45469.97059939804,328.9732821693104,0.12528314161746285,15,274.14440180775864,REJECT
8734.82570232029,3762.054201361073,0.046838628145468846,0,3135.045167800894,APPROVE
127824.79039576446,1954.2413002581652,0.06427350848402034,0,1628.5344168818044,APPROVE
68318.49351157159,459.25296574566113,0.03361550476803192,0,382.7108047880509,APPROVE
99964.08722233553,1492.0123702481055,0.03336377969411045,0,1243.3436418734211,APPROVE
38363.063200806064,3677.6245446932985,0.10604096408345781,0,3064.6871205777484,APPROVE
29386.02597646393,1150.0384373552106,0.03751272299876827,15,958.3653644626755,APPROVE
45700.436283535644,745.9066165761568,0.13571210107187295,0,621.5888471467973,REJECT
71686.91159588205,7463.466306210638,0.027044033808681023,0,6219.555255175532,REJECT
5380.066985116461,398.3357658314065,0.07584148217768677,0,331.94647152617205,APPROVE
48726.84222980473,1651.0982101486532,0.05454345753837495,45,1375.9151751238776,APPROVE
23412.376547498036,12615.787512177078,0.10459826097868112,0,10513.156260147563,APPROVE
10477.57970671013,466.1157903560414,0.017584018548623247,0,388.42982529670115,APPROVE
13053.02792869051,2615.4960317375367,0.14959531976465146,0,2179.580026447947,APPROVE
54253.68465119941,135.1490111801029,0.06707383038631361,15,112.62417598341908,APPROVE
50551.50126278112,2208.186477364479,0.24371333355493424,0,1840.1553978037325,APPROVE
63469.99909432788,2411.024623737643,0.04302009173132989,0,2009.187186448036,APPROVE
39685.37741578479,303.6878938018455,0.005796775994799464,15,253.07324483487125,APPROVE
42551.390327487214,6985.387411831526,0.048923480972566935,0,5821.156176526271,APPROVE
39841.31307166568,453.18913945821646,0.10701989248898391,0,377.6576162151803,REJECT
16550.260745532145,3663.3853662844786,0.05237628982245798,30,3052.8211385703985,REJECT
40615.69252358744,1409.341010513402,0.05679064040029334,0,1174.4508420945015,REJECT
47711.206188129276,404.7243245142554,0.17141223855341045,0,337.2702704285461,REJECT
10398.817253556772,4240.423265303099,0.02774338778505735,15,3533.686054419249,REJECT
12039.146569614166,5531.419978399794,0.08442764380666284,0,4609.516648666495,APPROVE
17715.522343541616,983.8550138243313,0.15110349613067856,0,819.8791781869427,REJECT
20629.676927339435,75.34790800689049,0.04579231400341232,0,62.78992333907541,APPROVE
57091.33977797481,219.11234679886158,0.046181948973431926,0,182.59362233238463,APPROVE
44177.60462148998,173.31872334903574,0.0537104884529974,0,144.43226945752977,APPROVE
52103.127537734006,2016.6745512156697,0.08327724476302381,0,1680.562126013058,REJECT
